snapshot,link_A_usage_rate,link_B_usage_rate,link_C_usage_rate,link_D_usage_rate,link_E_usage_rate,link_F_usage_rate
0,0.0,0.0,0.0,0.0,0.0,0.0
1,0.0,0.0,0.0,0.0,0.0,0.0
2,0.0,0.0,0.0,0.0,0.0,0.0
3,0.0,0.0,0.0,0.0,0.0,0.0
4,0.0,0.0,0.0,0.0,0.0,0.0
5,0.0,0.0,0.0,0.0,0.0,0.0
6,0.0,0.0,6e-06,6e-06,0.0,0.0
7,0.0,0.0,0.0,0.0,0.0,0.0
8,0.0,0.0,6e-06,6e-06,0.0,0.0
9,0.0,0.0,0.0,0.0,0.0,0.0
10,0.0,0.0,6e-06,6e-06,0.0,0.0
11,0.0,0.0,0.0,0.0,0.0,0.0
12,0.0,0.0,6e-06,6e-06,0.0,0.0
13,0.0,0.0,0.0,0.0,0.0,0.0
14,0.0,0.0,6e-06,6e-06,0.0,0.0
15,0.0,0.0,0.0,0.0,0.0,0.0
16,0.0,0.0,6e-06,6e-06,0.0,0.0
17,0.0,0.0,0.0,0.0,0.0,0.0
18,0.0,0.0,6e-06,6e-06,0.0,0.0
19,0.0,0.0,0.0,0.0,0.0,0.0
20,0.0,0.0,6e-06,6e-06,0.0,0.0
21,0.0,0.0,0.0,0.0,0.0,0.0
22,0.0,0.0,6e-06,6e-06,0.0,0.0
23,0.0,0.0,0.0,0.0,0.0,0.0
24,0.0,0.0,6e-06,6e-06,0.0,0.0
25,0.0,0.0,0.0,0.0,0.0,0.0
26,10.9170896,0.0,10.9170867,0.0,0.0,0.0041144
27,0.0,0.0,0.0,0.0,0.0,0.0
28,10.9170896,0.0,10.9170867,0.0,0.0,0.0041144
29,0.0,0.0,0.0,0.0,0.0,0.0
30,10.9170896,0.0,10.9170867,0.0,0.0,0.0041144
31,0.0,0.0,0.0,0.0,0.0,0.0
32,10.9170896,0.0,10.9170867,0.0,0.0,0.0041144
33,0.0,0.0,0.0,0.0,0.0,0.0
34,10.9170896,0.0,10.9170867,0.0,0.0,0.0041144
35,0.0,0.0,0.0,0.0,0.0,0.0
36,815.5790835,0.0,815.5755337,6e-06,0.0,0.2136647
37,0.0,0.0,0.0,0.0,0.0,0.0
38,815.5790835,0.0,815.5755337,6e-06,0.0,0.2136647
39,0.0,0.0,0.0,0.0,0.0,0.0
40,815.5790835,0.0,815.5755337,6e-06,0.0,0.2136647
41,0.0,0.0,0.0,0.0,0.0,0.0
42,815.5790835,0.0,815.5755337,6e-06,0.0,0.2136647
43,0.0,0.0,0.0,0.0,0.0,0.0
44,815.5790835,0.0,815.5755337,6e-06,0.0,0.2136647
45,0.0,0.0,0.0,0.0,0.0,0.0
46,1331.6073431,0.0,1331.6051582,6e-06,0.0,0.3528841
47,0.0,0.0,0.0,0.0,0.0,0.0
48,1331.6073431,0.0,1331.6051582,6e-06,0.0,0.3528841
49,0.0,0.0,0.0,0.0,0.0,0.0
50,1331.6073431,0.0,1331.6051582,6e-06,0.0,0.3528841
51,0.0,0.0,0.0,0.0,0.0,0.0
52,1331.6073431,0.0,1331.6051582,6e-06,0.0,0.3528841
53,0.0,0.0,0.0,0.0,0.0,0.0
54,1331.6073431,0.0,1331.6051582,6e-06,0.0,0.3528841
55,0.0,0.0,0.0,0.0,0.0,0.0
56,1843.5696542,0.0,1843.5754664,0.0,0.0,0.4877711
57,0.0,0.0,0.0,0.0,0.0,0.0
58,1843.5696542,0.0,1843.5754664,0.0,0.0,0.4877711
59,0.0,0.0,0.0,0.0,0.0,0.0
60,1843.5696542,0.0,1843.5754664,0.0,0.0,0.4877711
61,0.0,0.0,0.0,0.0,0.0,0.0
62,1843.5696542,0.0,1843.5754664,0.0,0.0,0.4877711
63,0.0,0.0,0.0,0.0,0.0,0.0
64,1843.5696542,0.0,1843.5754664,0.0,0.0,0.4877711
65,0.0,0.0,0.0,0.0,0.0,0.0
66,2354.1623259,0.0,2354.1636892,6e-06,0.0,0.6234041
67,0.0,0.0,0.0,0.0,0.0,0.0
68,2354.1623259,0.0,2354.1636892,6e-06,0.0,0.6234041
69,0.0,0.0,0.0,0.0,0.0,0.0
70,2354.1623259,0.0,2354.1636892,6e-06,0.0,0.6234041
71,0.0,0.0,0.0,0.0,0.0,0.0
72,2354.1623259,0.0,2354.1636892,6e-06,0.0,0.6234041
73,0.0,0.0,0.0,0.0,0.0,0.0
74,2354.1623259,0.0,2354.1636892,6e-06,0.0,0.6234041
75,0.0,0.0,0.0,0.0,0.0,0.0
76,1641.5678974,0.0,1642.0491079,6e-06,0.0,0.4328241
77,0.0,0.0,0.0,0.0,0.0,0.0
78,1641.5678974,0.0,1642.0491079,6e-06,0.0,0.4328241
79,0.0,0.0,0.0,0.0,0.0,0.0
80,1641.5678974,0.0,1642.0491079,6e-06,0.0,0.4328241
81,0.0,0.0,0.0,0.0,0.0,0.0
82,1641.5678974,0.0,1642.0491079,6e-06,0.0,0.4328241
83,0.0,0.0,0.0,0.0,0.0,0.0
84,1641.5678974,0.0,1642.0491079,6e-06,0.0,0.4328241
85,0.0,0.0,0.0,0.0,0.0,0.0
86,2230.6325665,0.0,2230.1498145,0.0,0.0,0.5896272
87,0.0,0.0,0.0,0.0,0.0,0.0
88,2230.6325665,0.0,2230.1498145,0.0,0.0,0.5896272
89,0.0,0.0,0.0,0.0,0.0,0.0
90,2230.6325665,0.0,2230.1498145,0.0,0.0,0.5896272
91,0.0,0.0,0.0,0.0,0.0,0.0
92,2230.6325665,0.0,2230.1498145,0.0,0.0,0.5896272
93,0.0,0.0,0.0,0.0,0.0,0.0
94,2230.6325665,0.0,2230.1498145,0.0,0.0,0.5896272
95,0.0,0.0,0.0,0.0,0.0,0.0
96,1013.8058355,0.0,1013.8059142,6e-06,0.0,0.2690248
97,0.0,0.0,0.0,0.0,0.0,0.0
98,1013.8058355,0.0,1013.8059142,6e-06,0.0,0.2690248
99,0.0,0.0,0.0,0.0,0.0,0.0
100,1013.8058355,0.0,1013.8059142,6e-06,0.0,0.2690248
101,0.0,0.0,0.0,0.0,0.0,0.0
102,1013.8058355,0.0,1013.8059142,6e-06,0.0,0.2690248
103,0.0,0.0,0.0,0.0,0.0,0.0
104,1013.8058355,0.0,1013.8059142,6e-06,0.0,0.2690248
105,840.2350969,0.0,840.2347052,0.0,0.0,0.2222737
106,1013.8058355,0.0,1013.8059142,6e-06,0.0,0.2690248
107,840.2350969,0.0,840.2347052,0.0,0.0,0.2222737
108,1013.8058355,0.0,1013.8059142,6e-06,0.0,0.2690248
109,840.2350969,0.0,840.2347052,0.0,0.0,0.2222737
110,1013.8058355,0.0,1013.8059142,6e-06,0.0,0.2690248
111,840.2350969,0.0,840.2347052,0.0,0.0,0.2222737
112,1013.8058355,0.0,1013.8059142,6e-06,0.0,0.2690248
113,840.2350969,0.0,840.2347052,0.0,0.0,0.2222737
114,1013.8058355,0.0,1013.8059142,6e-06,0.0,0.2690248
115,863.596042,0.0,863.5956848,-6e-06,0.0,0.2279653
116,1013.8058355,0.0,1013.8059142,6e-06,0.0,0.2690248
117,863.596042,0.0,863.5956848,-6e-06,0.0,0.2279653
118,1013.8058355,0.0,1013.8059142,6e-06,0.0,0.2690248
119,863.596042,0.0,863.5956848,-6e-06,0.0,0.2279653
120,1013.8058355,0.0,1013.8059142,6e-06,0.0,0.2690248
121,863.596042,0.0,863.5956848,-6e-06,0.0,0.2279653
122,1013.8058355,0.0,1013.8059142,6e-06,0.0,0.2690248
123,863.596042,0.0,863.5956848,-6e-06,0.0,0.2279653
124,1013.8058355,0.0,1013.8059142,6e-06,0.0,0.2690248
125,1551.4071754,0.0,1551.406528,0.0,0.0,0.4107447
126,1013.8058355,0.0,1013.8059142,6e-06,0.0,0.2690248
127,1551.4071754,0.0,1551.406528,0.0,0.0,0.4107447
128,1013.8058355,0.0,1013.8059142,6e-06,0.0,0.2690248
129,1551.4071754,0.0,1551.406528,0.0,0.0,0.4107447
130,1013.8058355,0.0,1013.8059142,6e-06,0.0,0.2690248
131,1551.4071754,0.0,1551.406528,0.0,0.0,0.4107447
132,1013.8058355,0.0,1013.8059142,6e-06,0.0,0.2690248
133,1551.4071754,0.0,1551.406528,0.0,0.0,0.4107447
134,1013.8058355,0.0,1013.8059142,6e-06,0.0,0.2690248
135,835.3772955,0.0,835.3772324,0.0,0.0,0.2210502
136,1013.8058355,0.0,1013.8059142,6e-06,0.0,0.2690248
137,835.3772955,0.0,835.3772324,0.0,0.0,0.2210502
138,1013.8058355,0.0,1013.8059142,6e-06,0.0,0.2690248
139,835.3772955,0.0,835.3772324,0.0,0.0,0.2210502
140,1013.8058355,0.0,1013.8059142,6e-06,0.0,0.2690248
141,835.3772955,0.0,835.3772324,0.0,0.0,0.2210502
142,1013.8058355,0.0,1013.8059142,6e-06,0.0,0.2690248
143,835.3772955,0.0,835.3772324,0.0,0.0,0.2210502
144,1013.8058355,0.0,1013.8059142,6e-06,0.0,0.2690248
145,1664.4307682,0.0,1664.4299657,-6e-06,0.0,0.4404157
146,1013.8058355,0.0,1013.8059142,6e-06,0.0,0.2690248
147,1664.4307682,0.0,1664.4299657,-6e-06,0.0,0.4404157
148,1013.8058355,0.0,1013.8059142,6e-06,0.0,0.2690248
149,1664.4307682,0.0,1664.4299657,-6e-06,0.0,0.4404157
150,1013.8058355,0.0,1013.8059142,6e-06,0.0,0.2690248
151,1664.4307682,0.0,1664.4299657,-6e-06,0.0,0.4404157
152,1013.8058355,0.0,1013.8059142,6e-06,0.0,0.2690248
153,1664.4307682,0.0,1664.4299657,-6e-06,0.0,0.4404157
154,1013.8058355,0.0,1013.8059142,6e-06,0.0,0.2690248
155,1660.713504,0.0,1660.7114002,0.0,0.0,0.4397383
156,1013.8058355,0.0,1013.8059142,6e-06,0.0,0.2690248
157,1660.713504,0.0,1660.7114002,0.0,0.0,0.4397383
158,1013.8058355,0.0,1013.8059142,6e-06,0.0,0.2690248
159,1660.713504,0.0,1660.7114002,0.0,0.0,0.4397383
160,1013.8058355,0.0,1013.8059142,6e-06,0.0,0.2690248
161,1660.713504,0.0,1660.7114002,0.0,0.0,0.4397383
162,1013.8058355,0.0,1013.8059142,6e-06,0.0,0.2690248
163,1660.713504,0.0,1660.7114002,0.0,0.0,0.4397383
164,1013.8058355,0.0,1013.8059142,6e-06,0.0,0.2690248
165,870.0512129,0.0,870.0524142,0.0,0.0,0.2304827
166,1013.8058355,0.0,1013.8059142,6e-06,0.0,0.2690248
167,870.0512129,0.0,870.0524142,0.0,0.0,0.2304827
168,1013.8058355,0.0,1013.8059142,6e-06,0.0,0.2690248
169,870.0512129,0.0,870.0524142,0.0,0.0,0.2304827
170,1013.8058355,0.0,1013.8059142,6e-06,0.0,0.2690248
171,870.0512129,0.0,870.0524142,0.0,0.0,0.2304827
172,1013.8058355,0.0,1013.8059142,6e-06,0.0,0.2690248
173,870.0512129,0.0,870.0524142,0.0,0.0,0.2304827
174,1013.8058355,0.0,1013.8059142,6e-06,0.0,0.2690248
175,1758.4373089,0.0,1758.4347307,-6e-06,0.0,0.465545
176,1013.8058355,0.0,1013.8059142,6e-06,0.0,0.2690248
177,1758.4373089,0.0,1758.4347307,-6e-06,0.0,0.465545
178,1013.8058355,0.0,1013.8059142,6e-06,0.0,0.2690248
179,1758.4373089,0.0,1758.4347307,-6e-06,0.0,0.465545
180,1013.8058355,0.0,1013.8059142,6e-06,0.0,0.2690248
181,1758.4373089,0.0,1758.4347307,-6e-06,0.0,0.465545
182,1013.8058355,0.0,1013.8059142,6e-06,0.0,0.2690248
183,1758.4373089,0.0,1758.4347307,-6e-06,0.0,0.465545
184,1013.8058355,0.0,1013.8059142,6e-06,0.0,0.2690248
185,1690.7079198,0.0,1690.7075415,0.0,0.0,0.4476481
186,1013.8058355,0.0,1013.8059142,6e-06,0.0,0.2690248
187,1690.7079198,0.0,1690.7075415,0.0,0.0,0.4476481
188,1013.8058355,0.0,1013.8059142,6e-06,0.0,0.2690248
189,1690.7079198,0.0,1690.7075415,0.0,0.0,0.4476481
190,1013.8058355,0.0,1013.8059142,6e-06,0.0,0.2690248
191,1690.7079198,0.0,1690.7075415,0.0,0.0,0.4476481
192,1013.8058355,0.0,1013.8059142,6e-06,0.0,0.2690248
193,1690.7079198,0.0,1690.7075415,0.0,0.0,0.4476481
194,1013.8058355,0.0,1013.8059142,6e-06,0.0,0.2690248
195,1214.6767418,0.0,1214.6777226,0.0,0.0,0.3214151
196,1013.8058355,0.0,1013.8059142,6e-06,0.0,0.2690248
197,1214.6767418,0.0,1214.6777226,0.0,0.0,0.3214151
198,1013.8058355,0.0,1013.8059142,6e-06,0.0,0.2690248
199,1214.6767418,0.0,1214.6777226,0.0,0.0,0.3214151
200,1013.8058355,0.0,1013.8059142,6e-06,0.0,0.2690248
201,1214.6767418,0.0,1214.6777226,0.0,0.0,0.3214151
202,1013.8058355,0.0,1013.8059142,6e-06,0.0,0.2690248
203,1214.6767418,0.0,1214.6777226,0.0,0.0,0.3214151
204,1013.8058355,0.0,1013.8059142,6e-06,0.0,0.2690248
205,1427.0618789,0.0,1427.0616382,-6e-06,0.0,0.377059
206,1013.8058355,0.0,1013.8059142,6e-06,0.0,0.2690248
207,1427.0618789,0.0,1427.0616382,-6e-06,0.0,0.377059
208,1013.8058355,0.0,1013.8059142,6e-06,0.0,0.2690248
209,1427.0618789,0.0,1427.0616382,-6e-06,0.0,0.377059
210,1013.8058355,0.0,1013.8059142,6e-06,0.0,0.2690248
211,1427.0618789,0.0,1427.0616382,-6e-06,0.0,0.377059
212,1013.8058355,0.0,1013.8059142,6e-06,0.0,0.2690248
213,1427.0618789,0.0,1427.0616382,-6e-06,0.0,0.377059
214,1013.8058355,0.0,1013.8059142,6e-06,0.0,0.2690248
215,1635.9879397,0.0,1635.9853893,0.0,0.0,0.4331236
216,1013.8058355,0.0,1013.8059142,6e-06,0.0,0.2690248
217,1635.9879397,0.0,1635.9853893,0.0,0.0,0.4331236
218,1013.8058355,0.0,1013.8059142,6e-06,0.0,0.2690248
219,1635.9879397,0.0,1635.9853893,0.0,0.0,0.4331236
220,1013.8058355,0.0,1013.8059142,6e-06,0.0,0.2690248
221,1635.9879397,0.0,1635.9853893,0.0,0.0,0.4331236
222,1013.8058355,0.0,1013.8059142,6e-06,0.0,0.2690248
223,1635.9879397,0.0,1635.9853893,0.0,0.0,0.4331236
224,1013.8058355,0.0,1013.8059142,6e-06,0.0,0.2690248
225,1715.0501461,0.0,1715.0497083,0.0,0.0,0.4540345
226,1013.8058355,0.0,1013.8059142,6e-06,0.0,0.2690248
227,1715.0501461,0.0,1715.0497083,0.0,0.0,0.4540345
228,1013.8058355,0.0,1013.8059142,6e-06,0.0,0.2690248
229,1715.0501461,0.0,1715.0497083,0.0,0.0,0.4540345
230,1013.8058355,0.0,1013.8059142,6e-06,0.0,0.2690248
231,1715.0501461,0.0,1715.0497083,0.0,0.0,0.4540345
232,1013.8058355,0.0,1013.8059142,6e-06,0.0,0.2690248
233,1715.0501461,0.0,1715.0497083,0.0,0.0,0.4540345
234,1017.6707792,0.0,1017.6702236,0.0,0.0,0.2701275
235,1715.0501461,0.0,1715.0497083,0.0,0.0,0.4540345
236,1017.6707792,0.0,1017.6702236,0.0,0.0,0.2701275
237,1715.0501461,0.0,1715.0497083,0.0,0.0,0.4540345
238,1017.6707792,0.0,1017.6702236,0.0,0.0,0.2701275
239,1715.0501461,0.0,1715.0497083,0.0,0.0,0.4540345
240,1017.6707792,0.0,1017.6702236,0.0,0.0,0.2701275
241,1715.0501461,0.0,1715.0497083,0.0,0.0,0.4540345
242,1017.6707792,0.0,1017.6702236,0.0,0.0,0.2701275
243,1715.0501461,0.0,1715.0497083,0.0,0.0,0.4540345
244,966.3389192,0.0,966.3389027,6e-06,0.0,0.2552899
245,1715.0501461,0.0,1715.0497083,0.0,0.0,0.4540345
246,966.3389192,0.0,966.3389027,6e-06,0.0,0.2552899
247,1715.0501461,0.0,1715.0497083,0.0,0.0,0.4540345
248,966.3389192,0.0,966.3389027,6e-06,0.0,0.2552899
249,1715.0501461,0.0,1715.0497083,0.0,0.0,0.4540345
250,966.3389192,0.0,966.3389027,6e-06,0.0,0.2552899
251,1715.0501461,0.0,1715.0497083,0.0,0.0,0.4540345
252,966.3389192,0.0,966.3389027,6e-06,0.0,0.2552899
253,1715.0501461,0.0,1715.0497083,0.0,0.0,0.4540345
254,1010.6345252,0.0,1010.6349256,9.4e-06,0.0,0.268048
255,1715.0501461,0.0,1715.0497083,0.0,0.0,0.4540345
256,1010.6345252,0.0,1010.6349256,9.4e-06,0.0,0.268048
257,1715.0501461,0.0,1715.0497083,0.0,0.0,0.4540345
258,1010.6345252,0.0,1010.6349256,9.4e-06,0.0,0.268048
259,1715.0501461,0.0,1715.0497083,0.0,0.0,0.4540345
260,1010.6345252,0.0,1010.6349256,9.4e-06,0.0,0.268048
261,1715.0501461,0.0,1715.0497083,0.0,0.0,0.4540345
262,1010.6345252,0.0,1010.6349256,9.4e-06,0.0,0.268048
263,1715.0501461,0.0,1715.0497083,0.0,0.0,0.4540345
264,13.5227772,0.0,13.523995,0.0,0.0,0.0038209
265,1715.0501461,0.0,1715.0497083,0.0,0.0,0.4540345
266,13.5227772,0.0,13.523995,0.0,0.0,0.0038209
267,1715.0501461,0.0,1715.0497083,0.0,0.0,0.4540345
268,13.5227772,0.0,13.523995,0.0,0.0,0.0038209
269,1715.0501461,0.0,1715.0497083,0.0,0.0,0.4540345
270,13.5227772,0.0,13.523995,0.0,0.0,0.0038209
271,1715.0501461,0.0,1715.0497083,0.0,0.0,0.4540345
272,13.5227772,0.0,13.523995,0.0,0.0,0.0038209
273,1715.0501461,0.0,1715.0497083,0.0,0.0,0.4540345
274,51.8049912,0.0,51.8064585,6e-06,0.0,0.0068965
275,1715.0501461,0.0,1715.0497083,0.0,0.0,0.4540345
276,51.8049912,0.0,51.8064585,6e-06,0.0,0.0068965
277,1715.0501461,0.0,1715.0497083,0.0,0.0,0.4540345
278,51.8049912,0.0,51.8064585,6e-06,0.0,0.0068965
279,1715.0501461,0.0,1715.0497083,0.0,0.0,0.4540345
280,51.8049912,0.0,51.8064585,6e-06,0.0,0.0068965
281,1715.0501461,0.0,1715.0497083,0.0,0.0,0.4540345
282,51.8049912,0.0,51.8064585,6e-06,0.0,0.0068965
283,1715.0501461,0.0,1715.0497083,0.0,0.0,0.4540345
284,173.4986635,0.0,173.4987081,6e-06,0.0,0.0909231
285,1715.0501461,0.0,1715.0497083,0.0,0.0,0.4540345
286,173.4986635,0.0,173.4987081,6e-06,0.0,0.0909231
287,1715.0501461,0.0,1715.0497083,0.0,0.0,0.4540345
288,173.4986635,0.0,173.4987081,6e-06,0.0,0.0909231
289,1715.0501461,0.0,1715.0497083,0.0,0.0,0.4540345
290,173.4986635,0.0,173.4987081,6e-06,0.0,0.0909231
291,1715.0501461,0.0,1715.0497083,0.0,0.0,0.4540345
292,173.4986635,0.0,173.4987081,6e-06,0.0,0.0909231
293,1715.0501461,0.0,1715.0497083,0.0,0.0,0.4540345
294,393.4831883,0.0,393.4824633,0.0,0.0,0.1144533
295,1715.0501461,0.0,1715.0497083,0.0,0.0,0.4540345
296,393.4831883,0.0,393.4824633,0.0,0.0,0.1144533
297,1715.0501461,0.0,1715.0497083,0.0,0.0,0.4540345
298,393.4831883,0.0,393.4824633,0.0,0.0,0.1144533
299,1715.0501461,0.0,1715.0497083,0.0,0.0,0.4540345
300,393.4831883,0.0,393.4824633,0.0,0.0,0.1144533
301,1715.0501461,0.0,1715.0497083,0.0,0.0,0.4540345
302,393.4831883,0.0,393.4824633,0.0,0.0,0.1144533
303,1715.0501461,0.0,1715.0497083,0.0,0.0,0.4540345
304,395.3486878,0.0,395.3494819,6e-06,0.0,0.104326
305,1715.0501461,0.0,1715.0497083,0.0,0.0,0.4540345
306,395.3486878,0.0,395.3494819,6e-06,0.0,0.104326
307,1715.0501461,0.0,1715.0497083,0.0,0.0,0.4540345
308,395.3486878,0.0,395.3494819,6e-06,0.0,0.104326
309,1715.0501461,0.0,1715.0497083,0.0,0.0,0.4540345
310,395.3486878,0.0,395.3494819,6e-06,0.0,0.104326
311,1715.0501461,0.0,1715.0497083,0.0,0.0,0.4540345
312,395.3486878,0.0,395.3494819,6e-06,0.0,0.104326
313,1775.0891878,0.0,1775.0876435,3.4e-06,0.0,0.4701217
314,395.3486878,0.0,395.3494819,6e-06,0.0,0.104326
315,1775.0891878,0.0,1775.0876435,3.4e-06,0.0,0.4701217
316,395.3486878,0.0,395.3494819,6e-06,0.0,0.104326
317,1775.0891878,0.0,1775.0876435,3.4e-06,0.0,0.4701217
318,395.3486878,0.0,395.3494819,6e-06,0.0,0.104326
319,1775.0891878,0.0,1775.0876435,3.4e-06,0.0,0.4701217
320,395.3486878,0.0,395.3494819,6e-06,0.0,0.104326
321,1775.0891878,0.0,1775.0876435,3.4e-06,0.0,0.4701217
322,395.3486878,0.0,395.3494819,6e-06,0.0,0.104326
323,1906.3646972,0.0,1906.3642831,-6e-06,0.0,0.5176393
324,395.3486878,0.0,395.3494819,6e-06,0.0,0.104326
325,1906.3646972,0.0,1906.3642831,-6e-06,0.0,0.5176393
326,395.3486878,0.0,395.3494819,6e-06,0.0,0.104326
327,1906.3646972,0.0,1906.3642831,-6e-06,0.0,0.5176393
328,395.3486878,0.0,395.3494819,6e-06,0.0,0.104326
329,1906.3646972,0.0,1906.3642831,-6e-06,0.0,0.5176393
330,395.3486878,0.0,395.3494819,6e-06,0.0,0.104326
331,1906.3646972,0.0,1906.3642831,-6e-06,0.0,0.5176393
332,395.3486878,0.0,395.3494819,6e-06,0.0,0.104326
333,1173.0754474,0.0,1173.5337224,-3e-07,0.0,0.3326954
334,395.3486878,0.0,395.3494819,6e-06,0.0,0.104326
335,1173.0754474,0.0,1173.5337224,-3e-07,0.0,0.3326954
336,395.3486878,0.0,395.3494819,6e-06,0.0,0.104326
337,1173.0754474,0.0,1173.5337224,-3e-07,0.0,0.3326954
338,395.3486878,0.0,395.3494819,6e-06,0.0,0.104326
339,1173.0754474,0.0,1173.5337224,-3e-07,0.0,0.3326954
340,395.3486878,0.0,395.3494819,6e-06,0.0,0.104326
341,1173.0754474,0.0,1173.5337224,-3e-07,0.0,0.3326954
342,395.3486878,0.0,395.3494819,6e-06,0.0,0.104326
343,1343.9532641,0.0,1343.4346964,3e-07,0.0,0.4275639
344,395.3486878,0.0,395.3494819,6e-06,0.0,0.104326
345,1343.9532641,0.0,1343.4346964,3e-07,0.0,0.4275639
346,395.3486878,0.0,395.3494819,6e-06,0.0,0.104326
347,1343.9532641,0.0,1343.4346964,3e-07,0.0,0.4275639
348,395.3486878,0.0,395.3494819,6e-06,0.0,0.104326
349,1343.9532641,0.0,1343.4346964,3e-07,0.0,0.4275639
350,395.3486878,0.0,395.3494819,6e-06,0.0,0.104326
351,1343.9532641,0.0,1343.4346964,3e-07,0.0,0.4275639
352,395.3486878,0.0,395.3494819,6e-06,0.0,0.104326
353,655.3037791,0.0,655.3052245,-6e-06,0.0,0.2597472
354,395.3486878,0.0,395.3494819,6e-06,0.0,0.104326
355,655.3037791,0.0,655.3052245,-6e-06,0.0,0.2597472
356,395.3486878,0.0,395.3494819,6e-06,0.0,0.104326
357,655.3037791,0.0,655.3052245,-6e-06,0.0,0.2597472
358,395.3486878,0.0,395.3494819,6e-06,0.0,0.104326
359,655.3037791,0.0,655.3052245,-6e-06,0.0,0.2597472
360,395.3486878,0.0,395.3494819,6e-06,0.0,0.104326
361,655.3037791,0.0,655.3052245,-6e-06,0.0,0.2597472
362,395.3486878,0.0,395.3494819,6e-06,0.0,0.104326
363,1725.8338212,0.0,1725.8339906,3.4e-06,0.0,0.5017737
364,395.3486878,0.0,395.3494819,6e-06,0.0,0.104326
365,1725.8338212,0.0,1725.8339906,3.4e-06,0.0,0.5017737
366,395.3486878,0.0,395.3494819,6e-06,0.0,0.104326
367,1725.8338212,0.0,1725.8339906,3.4e-06,0.0,0.5017737
368,395.3486878,0.0,395.3494819,6e-06,0.0,0.104326
369,1725.8338212,0.0,1725.8339906,3.4e-06,0.0,0.5017737
370,395.3486878,0.0,395.3494819,6e-06,0.0,0.104326
371,1725.8338212,0.0,1725.8339906,3.4e-06,0.0,0.5017737
372,395.3486878,0.0,395.3494819,6e-06,0.0,0.104326
373,2284.3518148,0.0,2284.3503525,0.0,0.0,0.6056913
374,395.3486878,0.0,395.3494819,6e-06,0.0,0.104326
375,2284.3518148,0.0,2284.3503525,0.0,0.0,0.6056913
376,395.3486878,0.0,395.3494819,6e-06,0.0,0.104326
377,2284.3518148,0.0,2284.3503525,0.0,0.0,0.6056913
378,395.3486878,0.0,395.3494819,6e-06,0.0,0.104326
379,2284.3518148,0.0,2284.3503525,0.0,0.0,0.6056913
380,395.3486878,0.0,395.3494819,6e-06,0.0,0.104326
381,2284.3518148,0.0,2284.3503525,0.0,0.0,0.6056913
382,395.3486878,0.0,395.3494819,6e-06,0.0,0.104326
383,2302.1301399,0.0,2302.1293026,-6e-06,0.0,0.6104341
384,395.3486878,0.0,395.3494819,6e-06,0.0,0.104326
385,2302.1301399,0.0,2302.1293026,-6e-06,0.0,0.6104341
386,395.3486878,0.0,395.3494819,6e-06,0.0,0.104326
387,2302.1301399,0.0,2302.1293026,-6e-06,0.0,0.6104341
388,395.3486878,0.0,395.3494819,6e-06,0.0,0.104326
389,2302.1301399,0.0,2302.1293026,-6e-06,0.0,0.6104341
390,395.3486878,0.0,395.3494819,6e-06,0.0,0.104326
391,2302.1301399,0.0,2302.1293026,-6e-06,0.0,0.6104341
392,379.8820984,0.0,379.882974,1.19e-05,0.0,0.1003017
393,2302.1301399,0.0,2302.1293026,-6e-06,0.0,0.6104341
394,379.8820984,0.0,379.882974,1.19e-05,0.0,0.1003017
395,2302.1301399,0.0,2302.1293026,-6e-06,0.0,0.6104341
396,379.8820984,0.0,379.882974,1.19e-05,0.0,0.1003017
397,2302.1301399,0.0,2302.1293026,-6e-06,0.0,0.6104341
398,379.8820984,0.0,379.882974,1.19e-05,0.0,0.1003017
399,2302.1301399,0.0,2302.1293026,-6e-06,0.0,0.6104341
400,379.8820984,0.0,379.882974,1.19e-05,0.0,0.1003017
401,2302.1301399,0.0,2302.1293026,-6e-06,0.0,0.6104341
402,436.2940278,0.0,436.2914989,9.4e-06,0.0,0.1152649
403,2302.1301399,0.0,2302.1293026,-6e-06,0.0,0.6104341
404,436.2940278,0.0,436.2914989,9.4e-06,0.0,0.1152649
405,2302.1301399,0.0,2302.1293026,-6e-06,0.0,0.6104341
406,436.2940278,0.0,436.2914989,9.4e-06,0.0,0.1152649
407,2302.1301399,0.0,2302.1293026,-6e-06,0.0,0.6104341
408,436.2940278,0.0,436.2914989,9.4e-06,0.0,0.1152649
409,2302.1301399,0.0,2302.1293026,-6e-06,0.0,0.6104341
410,436.2940278,0.0,436.2914989,9.4e-06,0.0,0.1152649
411,2302.1301399,0.0,2302.1293026,-6e-06,0.0,0.6104341
412,401.0313252,0.0,401.0343393,1.2e-05,0.0,0.105629
413,2302.1301399,0.0,2302.1293026,-6e-06,0.0,0.6104341
414,401.0313252,0.0,401.0343393,1.2e-05,0.0,0.105629
415,2302.1301399,0.0,2302.1293026,-6e-06,0.0,0.6104341
416,401.0313252,0.0,401.0343393,1.2e-05,0.0,0.105629
417,2302.1301399,0.0,2302.1293026,-6e-06,0.0,0.6104341
418,401.0313252,0.0,401.0343393,1.2e-05,0.0,0.105629
419,2302.1301399,0.0,2302.1293026,-6e-06,0.0,0.6104341
420,401.0313252,0.0,401.0343393,1.2e-05,0.0,0.105629
421,2302.1301399,0.0,2302.1293026,-6e-06,0.0,0.6104341
422,436.1264704,0.0,436.1270542,1.2e-05,0.0,0.1152013
423,2302.1301399,0.0,2302.1293026,-6e-06,0.0,0.6104341
424,436.1264704,0.0,436.1270542,1.2e-05,0.0,0.1152013
425,2302.1301399,0.0,2302.1293026,-6e-06,0.0,0.6104341
426,436.1264704,0.0,436.1270542,1.2e-05,0.0,0.1152013
427,2302.1301399,0.0,2302.1293026,-6e-06,0.0,0.6104341
428,436.1264704,0.0,436.1270542,1.2e-05,0.0,0.1152013
429,2302.1301399,0.0,2302.1293026,-6e-06,0.0,0.6104341
430,436.1264704,0.0,436.1270542,1.2e-05,0.0,0.1152013
431,2302.1301399,0.0,2302.1293026,-6e-06,0.0,0.6104341
432,441.8202616,0.0,441.8189895,6e-06,0.0,0.1166992
433,2302.1301399,0.0,2302.1293026,-6e-06,0.0,0.6104341
434,441.8202616,0.0,441.8189895,6e-06,0.0,0.1166992
435,2302.1301399,0.0,2302.1293026,-6e-06,0.0,0.6104341
436,441.8202616,0.0,441.8189895,6e-06,0.0,0.1166992
437,2302.1301399,0.0,2302.1293026,-6e-06,0.0,0.6104341
438,441.8202616,0.0,441.8189895,6e-06,0.0,0.1166992
439,2302.1301399,0.0,2302.1293026,-6e-06,0.0,0.6104341
440,441.8202616,0.0,441.8189895,6e-06,0.0,0.1166992
441,2302.1301399,0.0,2302.1293026,-6e-06,0.0,0.6104341
442,396.6569655,0.0,396.6572758,1.2e-05,0.0,0.1046246
443,2302.1301399,0.0,2302.1293026,-6e-06,0.0,0.6104341
444,396.6569655,0.0,396.6572758,1.2e-05,0.0,0.1046246
445,2302.1301399,0.0,2302.1293026,-6e-06,0.0,0.6104341
446,396.6569655,0.0,396.6572758,1.2e-05,0.0,0.1046246
447,2302.1301399,0.0,2302.1293026,-6e-06,0.0,0.6104341
448,396.6569655,0.0,396.6572758,1.2e-05,0.0,0.1046246
449,2302.1301399,0.0,2302.1293026,-6e-06,0.0,0.6104341
450,396.6569655,0.0,396.6572758,1.2e-05,0.0,0.1046246
451,2302.1301399,0.0,2302.1293026,-6e-06,0.0,0.6104341
452,416.5566998,0.0,416.5591515,1.54e-05,0.0,0.1099227
453,2302.1301399,0.0,2302.1293026,-6e-06,0.0,0.6104341
454,416.5566998,0.0,416.5591515,1.54e-05,0.0,0.1099227
455,2302.1301399,0.0,2302.1293026,-6e-06,0.0,0.6104341
456,416.5566998,0.0,416.5591515,1.54e-05,0.0,0.1099227
457,2302.1301399,0.0,2302.1293026,-6e-06,0.0,0.6104341
458,416.5566998,0.0,416.5591515,1.54e-05,0.0,0.1099227
459,2302.1301399,0.0,2302.1293026,-6e-06,0.0,0.6104341
460,416.5566998,0.0,416.5591515,1.54e-05,0.0,0.1099227
461,2302.1301399,0.0,2302.1293026,-6e-06,0.0,0.6104341
462,455.9252024,0.0,455.9256723,6e-06,0.0,0.1203923
463,2302.1301399,0.0,2302.1293026,-6e-06,0.0,0.6104341
464,455.9252024,0.0,455.9256723,6e-06,0.0,0.1203923
465,2302.1301399,0.0,2302.1293026,-6e-06,0.0,0.6104341
466,455.9252024,0.0,455.9256723,6e-06,0.0,0.1203923
467,2302.1301399,0.0,2302.1293026,-6e-06,0.0,0.6104341
468,455.9252024,0.0,455.9256723,6e-06,0.0,0.1203923
469,2302.1301399,0.0,2302.1293026,-6e-06,0.0,0.6104341
470,455.9252024,0.0,455.9256723,6e-06,0.0,0.1203923
471,2302.1301399,0.0,2302.1293026,-6e-06,0.0,0.6104341
472,423.7027048,0.0,423.7029717,1.2e-05,0.0,0.1116128
473,2302.1301399,0.0,2302.1293026,-6e-06,0.0,0.6104341
474,423.7027048,0.0,423.7029717,1.2e-05,0.0,0.1116128
475,2302.1301399,0.0,2302.1293026,-6e-06,0.0,0.6104341
476,423.7027048,0.0,423.7029717,1.2e-05,0.0,0.1116128
477,2302.1301399,0.0,2302.1293026,-6e-06,0.0,0.6104341
478,423.7027048,0.0,423.7029717,1.2e-05,0.0,0.1116128
479,2302.1301399,0.0,2302.1293026,-6e-06,0.0,0.6104341
480,423.7027048,0.0,423.7029717,1.2e-05,0.0,0.1116128
481,2302.1301399,0.0,2302.1293026,-6e-06,0.0,0.6104341
482,431.3977964,0.0,431.3983116,1.2e-05,0.0,0.1139623
483,2302.1301399,0.0,2302.1293026,-6e-06,0.0,0.6104341
484,431.3977964,0.0,431.3983116,1.2e-05,0.0,0.1139623
485,2302.1301399,0.0,2302.1293026,-6e-06,0.0,0.6104341
486,431.3977964,0.0,431.3983116,1.2e-05,0.0,0.1139623
487,2302.1301399,0.0,2302.1293026,-6e-06,0.0,0.6104341
488,431.3977964,0.0,431.3983116,1.2e-05,0.0,0.1139623
489,2302.1301399,0.0,2302.1293026,-6e-06,0.0,0.6104341
490,431.3977964,0.0,431.3983116,1.2e-05,0.0,0.1139623
491,2302.1301399,0.0,2302.1293026,-6e-06,0.0,0.6104341
492,435.6430808,0.0,435.6414288,6e-06,0.0,0.1150219
493,2302.1301399,0.0,2302.1293026,-6e-06,0.0,0.6104341
494,435.6430808,0.0,435.6414288,6e-06,0.0,0.1150219
495,2302.1301399,0.0,2302.1293026,-6e-06,0.0,0.6104341
496,435.6430808,0.0,435.6414288,6e-06,0.0,0.1150219
497,2302.1301399,0.0,2302.1293026,-6e-06,0.0,0.6104341
498,435.6430808,0.0,435.6414288,6e-06,0.0,0.1150219
499,2302.1301399,0.0,2302.1293026,-6e-06,0.0,0.6104341
500,435.6430808,0.0,435.6414288,6e-06,0.0,0.1150219
501,2225.090097,0.0,2225.0934205,3.4e-06,0.0,0.5900482
502,435.6430808,0.0,435.6414288,6e-06,0.0,0.1150219
503,2225.090097,0.0,2225.0934205,3.4e-06,0.0,0.5900482
504,435.6430808,0.0,435.6414288,6e-06,0.0,0.1150219
505,2225.090097,0.0,2225.0934205,3.4e-06,0.0,0.5900482
506,435.6430808,0.0,435.6414288,6e-06,0.0,0.1150219
507,2225.090097,0.0,2225.0934205,3.4e-06,0.0,0.5900482
508,435.6430808,0.0,435.6414288,6e-06,0.0,0.1150219
509,2225.090097,0.0,2225.0934205,3.4e-06,0.0,0.5900482
510,435.6430808,0.0,435.6414288,6e-06,0.0,0.1150219
511,2289.0603277,0.0,2289.0619034,0.0,0.0,0.6070832
512,435.6430808,0.0,435.6414288,6e-06,0.0,0.1150219
513,2289.0603277,0.0,2289.0619034,0.0,0.0,0.6070832
514,435.6430808,0.0,435.6414288,6e-06,0.0,0.1150219
515,2289.0603277,0.0,2289.0619034,0.0,0.0,0.6070832
516,435.6430808,0.0,435.6414288,6e-06,0.0,0.1150219
517,2289.0603277,0.0,2289.0619034,0.0,0.0,0.6070832
518,435.6430808,0.0,435.6414288,6e-06,0.0,0.1150219
519,2289.0603277,0.0,2289.0619034,0.0,0.0,0.6070832
520,435.6430808,0.0,435.6414288,6e-06,0.0,0.1150219
521,2307.5678852,0.0,2307.5693407,-6e-06,0.0,0.6116967
522,435.6430808,0.0,435.6414288,6e-06,0.0,0.1150219
523,2307.5678852,0.0,2307.5693407,-6e-06,0.0,0.6116967
524,435.6430808,0.0,435.6414288,6e-06,0.0,0.1150219
525,2307.5678852,0.0,2307.5693407,-6e-06,0.0,0.6116967
526,435.6430808,0.0,435.6414288,6e-06,0.0,0.1150219
527,2307.5678852,0.0,2307.5693407,-6e-06,0.0,0.6116967
528,435.6430808,0.0,435.6414288,6e-06,0.0,0.1150219
529,2307.5678852,0.0,2307.5693407,-6e-06,0.0,0.6116967
530,435.6430808,0.0,435.6414288,6e-06,0.0,0.1150219
531,1533.0361222,0.0,1533.0373208,0.0,0.0,0.4066578
532,435.6430808,0.0,435.6414288,6e-06,0.0,0.1150219
533,1533.0361222,0.0,1533.0373208,0.0,0.0,0.4066578
534,435.6430808,0.0,435.6414288,6e-06,0.0,0.1150219
535,1533.0361222,0.0,1533.0373208,0.0,0.0,0.4066578
536,435.6430808,0.0,435.6414288,6e-06,0.0,0.1150219
537,1533.0361222,0.0,1533.0373208,0.0,0.0,0.4066578
538,435.6430808,0.0,435.6414288,6e-06,0.0,0.1150219
539,1533.0361222,0.0,1533.0373208,0.0,0.0,0.4066578
540,435.6430808,0.0,435.6414288,6e-06,0.0,0.1150219
541,2183.6718268,0.0,2183.6730497,0.0,0.0,0.5782622
542,435.6430808,0.0,435.6414288,6e-06,0.0,0.1150219
543,2183.6718268,0.0,2183.6730497,0.0,0.0,0.5782622
544,435.6430808,0.0,435.6414288,6e-06,0.0,0.1150219
545,2183.6718268,0.0,2183.6730497,0.0,0.0,0.5782622
546,435.6430808,0.0,435.6414288,6e-06,0.0,0.1150219
547,2183.6718268,0.0,2183.6730497,0.0,0.0,0.5782622
548,435.6430808,0.0,435.6414288,6e-06,0.0,0.1150219
549,2183.6718268,0.0,2183.6730497,0.0,0.0,0.5782622
550,435.6430808,0.0,435.6414288,6e-06,0.0,0.1150219
551,2273.1402135,0.0,2273.1396683,-6e-06,0.0,0.6027613
552,435.6430808,0.0,435.6414288,6e-06,0.0,0.1150219
553,2273.1402135,0.0,2273.1396683,-6e-06,0.0,0.6027613
554,435.6430808,0.0,435.6414288,6e-06,0.0,0.1150219
555,2273.1402135,0.0,2273.1396683,-6e-06,0.0,0.6027613
556,435.6430808,0.0,435.6414288,6e-06,0.0,0.1150219
557,2273.1402135,0.0,2273.1396683,-6e-06,0.0,0.6027613
558,435.6430808,0.0,435.6414288,6e-06,0.0,0.1150219
559,2273.1402135,0.0,2273.1396683,-6e-06,0.0,0.6027613
560,435.6430808,0.0,435.6414288,6e-06,0.0,0.1150219
561,2247.7522474,0.0,2247.7553488,0.0,0.0,0.5958133
562,435.6430808,0.0,435.6414288,6e-06,0.0,0.1150219
563,2247.7522474,0.0,2247.7553488,0.0,0.0,0.5958133
564,435.6430808,0.0,435.6414288,6e-06,0.0,0.1150219
565,2247.7522474,0.0,2247.7553488,0.0,0.0,0.5958133
566,435.6430808,0.0,435.6414288,6e-06,0.0,0.1150219
567,2247.7522474,0.0,2247.7553488,0.0,0.0,0.5958133
568,435.6430808,0.0,435.6414288,6e-06,0.0,0.1150219
569,2247.7522474,0.0,2247.7553488,0.0,0.0,0.5958133
570,435.6430808,0.0,435.6414288,6e-06,0.0,0.1150219
571,2276.2170443,0.0,2276.2163179,0.0,0.0,0.6035937
572,435.6430808,0.0,435.6414288,6e-06,0.0,0.1150219
573,2276.2170443,0.0,2276.2163179,0.0,0.0,0.6035937
574,435.6430808,0.0,435.6414288,6e-06,0.0,0.1150219
575,2276.2170443,0.0,2276.2163179,0.0,0.0,0.6035937
576,435.6430808,0.0,435.6414288,6e-06,0.0,0.1150219
577,2276.2170443,0.0,2276.2163179,0.0,0.0,0.6035937
578,435.6430808,0.0,435.6414288,6e-06,0.0,0.1150219
579,2276.2170443,0.0,2276.2163179,0.0,0.0,0.6035937
580,435.6430808,0.0,435.6414288,6e-06,0.0,0.1150219
581,2256.1870993,0.0,2256.1890327,-6e-06,0.0,0.5982793
582,435.6430808,0.0,435.6414288,6e-06,0.0,0.1150219
583,2256.1870993,0.0,2256.1890327,-6e-06,0.0,0.5982793
584,435.6430808,0.0,435.6414288,6e-06,0.0,0.1150219
585,2256.1870993,0.0,2256.1890327,-6e-06,0.0,0.5982793
586,435.6430808,0.0,435.6414288,6e-06,0.0,0.1150219
587,2256.1870993,0.0,2256.1890327,-6e-06,0.0,0.5982793
588,435.6430808,0.0,435.6414288,6e-06,0.0,0.1150219
589,2256.1870993,0.0,2256.1890327,-6e-06,0.0,0.5982793
590,435.6430808,0.0,435.6414288,6e-06,0.0,0.1150219
591,2250.9517827,0.0,2250.9546943,0.0,0.0,0.5969034
592,435.6430808,0.0,435.6414288,6e-06,0.0,0.1150219
593,2250.9517827,0.0,2250.9546943,0.0,0.0,0.5969034
594,435.6430808,0.0,435.6414288,6e-06,0.0,0.1150219
595,2250.9517827,0.0,2250.9546943,0.0,0.0,0.5969034
596,435.6430808,0.0,435.6414288,6e-06,0.0,0.1150219
597,2250.9517827,0.0,2250.9546943,0.0,0.0,0.5969034
598,435.6430808,0.0,435.6414288,6e-06,0.0,0.1150219
599,2250.9517827,0.0,2250.9546943,0.0,0.0,0.5969034
600,435.6430808,0.0,435.6414288,6e-06,0.0,0.1150219
601,2284.5978367,0.0,2284.5971649,0.0,0.0,0.6057921
602,435.6430808,0.0,435.6414288,6e-06,0.0,0.1150219
603,2284.5978367,0.0,2284.5971649,0.0,0.0,0.6057921
604,435.6430808,0.0,435.6414288,6e-06,0.0,0.1150219
605,2284.5978367,0.0,2284.5971649,0.0,0.0,0.6057921
606,435.6430808,0.0,435.6414288,6e-06,0.0,0.1150219
607,2284.5978367,0.0,2284.5971649,0.0,0.0,0.6057921
608,435.6430808,0.0,435.6414288,6e-06,0.0,0.1150219
609,2284.5978367,0.0,2284.5971649,0.0,0.0,0.6057921
610,401.0312881,0.0,401.0331249,0.0,0.0,0.1057597
611,2284.5978367,0.0,2284.5971649,0.0,0.0,0.6057921
612,401.0312881,0.0,401.0331249,0.0,0.0,0.1057597
613,2284.5978367,0.0,2284.5971649,0.0,0.0,0.6057921
614,401.0312881,0.0,401.0331249,0.0,0.0,0.1057597
615,2284.5978367,0.0,2284.5971649,0.0,0.0,0.6057921
616,401.0312881,0.0,401.0331249,0.0,0.0,0.1057597
617,2284.5978367,0.0,2284.5971649,0.0,0.0,0.6057921
618,401.0312881,0.0,401.0331249,0.0,0.0,0.1057597
619,2284.5978367,0.0,2284.5971649,0.0,0.0,0.6057921
620,399.8187157,0.0,399.8194093,6e-06,0.0,0.1055943
621,2284.5978367,0.0,2284.5971649,0.0,0.0,0.6057921
622,399.8187157,0.0,399.8194093,6e-06,0.0,0.1055943
623,2284.5978367,0.0,2284.5971649,0.0,0.0,0.6057921
624,399.8187157,0.0,399.8194093,6e-06,0.0,0.1055943
625,2284.5978367,0.0,2284.5971649,0.0,0.0,0.6057921
626,399.8187157,0.0,399.8194093,6e-06,0.0,0.1055943
627,2284.5978367,0.0,2284.5971649,0.0,0.0,0.6057921
628,399.8187157,0.0,399.8194093,6e-06,0.0,0.1055943
629,2284.5978367,0.0,2284.5971649,0.0,0.0,0.6057921
630,417.510781,0.0,417.5107448,9.4e-06,0.0,0.1102675
631,2284.5978367,0.0,2284.5971649,0.0,0.0,0.6057921
632,417.510781,0.0,417.5107448,9.4e-06,0.0,0.1102675
633,2284.5978367,0.0,2284.5971649,0.0,0.0,0.6057921
634,417.510781,0.0,417.5107448,9.4e-06,0.0,0.1102675
635,2284.5978367,0.0,2284.5971649,0.0,0.0,0.6057921
636,417.510781,0.0,417.5107448,9.4e-06,0.0,0.1102675
637,2284.5978367,0.0,2284.5971649,0.0,0.0,0.6057921
638,417.510781,0.0,417.5107448,9.4e-06,0.0,0.1102675
639,2284.5978367,0.0,2284.5971649,0.0,0.0,0.6057921
640,425.3529521,0.0,425.3535859,0.0,0.0,0.1122905
641,2284.5978367,0.0,2284.5971649,0.0,0.0,0.6057921
642,425.3529521,0.0,425.3535859,0.0,0.0,0.1122905
643,2284.5978367,0.0,2284.5971649,0.0,0.0,0.6057921
644,425.3529521,0.0,425.3535859,0.0,0.0,0.1122905
645,2284.5978367,0.0,2284.5971649,0.0,0.0,0.6057921
646,425.3529521,0.0,425.3535859,0.0,0.0,0.1122905
647,2284.5978367,0.0,2284.5971649,0.0,0.0,0.6057921
648,425.3529521,0.0,425.3535859,0.0,0.0,0.1122905
649,2284.5978367,0.0,2284.5971649,0.0,0.0,0.6057921
650,391.8488973,0.0,391.849221,9.4e-06,0.0,0.1034704
651,2284.5978367,0.0,2284.5971649,0.0,0.0,0.6057921
652,391.8488973,0.0,391.849221,9.4e-06,0.0,0.1034704
653,2284.5978367,0.0,2284.5971649,0.0,0.0,0.6057921
654,391.8488973,0.0,391.849221,9.4e-06,0.0,0.1034704
655,2284.5978367,0.0,2284.5971649,0.0,0.0,0.6057921
656,391.8488973,0.0,391.849221,9.4e-06,0.0,0.1034704
657,2284.5978367,0.0,2284.5971649,0.0,0.0,0.6057921
658,391.8488973,0.0,391.849221,9.4e-06,0.0,0.1034704
659,2284.5978367,0.0,2284.5971649,0.0,0.0,0.6057921
660,426.5687807,0.0,426.5685542,1.26e-05,0.0,0.1127055
661,2284.5978367,0.0,2284.5971649,0.0,0.0,0.6057921
662,426.5687807,0.0,426.5685542,1.26e-05,0.0,0.1127055
663,2284.5978367,0.0,2284.5971649,0.0,0.0,0.6057921
664,426.5687807,0.0,426.5685542,1.26e-05,0.0,0.1127055
665,2284.5978367,0.0,2284.5971649,0.0,0.0,0.6057921
666,426.5687807,0.0,426.5685542,1.26e-05,0.0,0.1127055
667,2284.5978367,0.0,2284.5971649,0.0,0.0,0.6057921
668,426.5687807,0.0,426.5685542,1.26e-05,0.0,0.1127055
669,2284.5978367,0.0,2284.5971649,0.0,0.0,0.6057921
670,422.3108788,0.0,422.3097348,3.4e-06,0.0,0.1115174
671,2284.5978367,0.0,2284.5971649,0.0,0.0,0.6057921
672,422.3108788,0.0,422.3097348,3.4e-06,0.0,0.1115174
673,2284.5978367,0.0,2284.5971649,0.0,0.0,0.6057921
674,422.3108788,0.0,422.3097348,3.4e-06,0.0,0.1115174
675,2284.5978367,0.0,2284.5971649,0.0,0.0,0.6057921
676,422.3108788,0.0,422.3097348,3.4e-06,0.0,0.1115174
677,2284.5978367,0.0,2284.5971649,0.0,0.0,0.6057921
678,422.3108788,0.0,422.3097348,3.4e-06,0.0,0.1115174
679,2284.5978367,0.0,2284.5971649,0.0,0.0,0.6057921
680,412.1311144,0.0,412.1332228,6e-06,0.0,0.1087713
681,2284.5978367,0.0,2284.5971649,0.0,0.0,0.6057921
682,412.1311144,0.0,412.1332228,6e-06,0.0,0.1087713
683,2284.5978367,0.0,2284.5971649,0.0,0.0,0.6057921
684,412.1311144,0.0,412.1332228,6e-06,0.0,0.1087713
685,2284.5978367,0.0,2284.5971649,0.0,0.0,0.6057921
686,412.1311144,0.0,412.1332228,6e-06,0.0,0.1087713
687,2284.5978367,0.0,2284.5971649,0.0,0.0,0.6057921
688,412.1311144,0.0,412.1332228,6e-06,0.0,0.1087713
689,2284.5978367,0.0,2284.5971649,0.0,0.0,0.6057921
690,458.5014606,0.0,458.4997178,6e-06,0.0,0.1211342
691,2284.5978367,0.0,2284.5971649,0.0,0.0,0.6057921
692,458.5014606,0.0,458.4997178,6e-06,0.0,0.1211342
693,2284.5978367,0.0,2284.5971649,0.0,0.0,0.6057921
694,458.5014606,0.0,458.4997178,6e-06,0.0,0.1211342
695,2284.5978367,0.0,2284.5971649,0.0,0.0,0.6057921
696,458.5014606,0.0,458.4997178,6e-06,0.0,0.1211342
697,2284.5978367,0.0,2284.5971649,0.0,0.0,0.6057921
698,458.5014606,0.0,458.4997178,6e-06,0.0,0.1211342
699,2284.5978367,0.0,2284.5971649,0.0,0.0,0.6057921
700,413.1578235,0.0,413.1604474,3.4e-06,0.0,0.1091341
701,2284.5978367,0.0,2284.5971649,0.0,0.0,0.6057921
702,413.1578235,0.0,413.1604474,3.4e-06,0.0,0.1091341
703,2284.5978367,0.0,2284.5971649,0.0,0.0,0.6057921
704,413.1578235,0.0,413.1604474,3.4e-06,0.0,0.1091341
705,2284.5978367,0.0,2284.5971649,0.0,0.0,0.6057921
706,413.1578235,0.0,413.1604474,3.4e-06,0.0,0.1091341
707,2284.5978367,0.0,2284.5971649,0.0,0.0,0.6057921
708,413.1578235,0.0,413.1604474,3.4e-06,0.0,0.1091341
709,2284.5978367,0.0,2284.5971649,0.0,0.0,0.6057921
710,435.5320254,0.0,435.5319854,6e-06,0.0,0.1150043
711,2284.5978367,0.0,2284.5971649,0.0,0.0,0.6057921
712,435.5320254,0.0,435.5319854,6e-06,0.0,0.1150043
713,2284.5978367,0.0,2284.5971649,0.0,0.0,0.6057921
714,435.5320254,0.0,435.5319854,6e-06,0.0,0.1150043
715,2284.5978367,0.0,2284.5971649,0.0,0.0,0.6057921
716,435.5320254,0.0,435.5319854,6e-06,0.0,0.1150043
717,2284.5978367,0.0,2284.5971649,0.0,0.0,0.6057921
718,435.5320254,0.0,435.5319854,6e-06,0.0,0.1150043
719,2284.5978367,0.0,2284.5971649,0.0,0.0,0.6057921
720,437.9429782,0.0,437.9433977,9.4e-06,0.0,0.1156591
721,2284.5978367,0.0,2284.5971649,0.0,0.0,0.6057921
722,437.9429782,0.0,437.9433977,9.4e-06,0.0,0.1156591
723,2284.5978367,0.0,2284.5971649,0.0,0.0,0.6057921
724,437.9429782,0.0,437.9433977,9.4e-06,0.0,0.1156591
725,2284.5978367,0.0,2284.5971649,0.0,0.0,0.6057921
726,437.9429782,0.0,437.9433977,9.4e-06,0.0,0.1156591
727,2284.5978367,0.0,2284.5971649,0.0,0.0,0.6057921
728,437.9429782,0.0,437.9433977,9.4e-06,0.0,0.1156591
729,2266.0958935,0.0,2266.0951788,-9.4e-06,0.0,0.6008559
730,437.9429782,0.0,437.9433977,9.4e-06,0.0,0.1156591
731,2266.0958935,0.0,2266.0951788,-9.4e-06,0.0,0.6008559
732,437.9429782,0.0,437.9433977,9.4e-06,0.0,0.1156591
733,2266.0958935,0.0,2266.0951788,-9.4e-06,0.0,0.6008559
734,437.9429782,0.0,437.9433977,9.4e-06,0.0,0.1156591
735,2266.0958935,0.0,2266.0951788,-9.4e-06,0.0,0.6008559
736,437.9429782,0.0,437.9433977,9.4e-06,0.0,0.1156591
737,2266.0958935,0.0,2266.0951788,-9.4e-06,0.0,0.6008559
738,437.9429782,0.0,437.9433977,9.4e-06,0.0,0.1156591
739,2267.2927982,0.0,2267.2897044,0.0,0.0,0.6012367
740,437.9429782,0.0,437.9433977,9.4e-06,0.0,0.1156591
741,2267.2927982,0.0,2267.2897044,0.0,0.0,0.6012367
742,437.9429782,0.0,437.9433977,9.4e-06,0.0,0.1156591
743,2267.2927982,0.0,2267.2897044,0.0,0.0,0.6012367
744,437.9429782,0.0,437.9433977,9.4e-06,0.0,0.1156591
745,2267.2927982,0.0,2267.2897044,0.0,0.0,0.6012367
746,437.9429782,0.0,437.9433977,9.4e-06,0.0,0.1156591
747,2267.2927982,0.0,2267.2897044,0.0,0.0,0.6012367
748,437.9429782,0.0,437.9433977,9.4e-06,0.0,0.1156591
749,2309.7548007,0.0,2309.7563454,-3.4e-06,0.0,0.6121297
750,437.9429782,0.0,437.9433977,9.4e-06,0.0,0.1156591
751,2309.7548007,0.0,2309.7563454,-3.4e-06,0.0,0.6121297
752,437.9429782,0.0,437.9433977,9.4e-06,0.0,0.1156591
753,2309.7548007,0.0,2309.7563454,-3.4e-06,0.0,0.6121297
754,437.9429782,0.0,437.9433977,9.4e-06,0.0,0.1156591
755,2309.7548007,0.0,2309.7563454,-3.4e-06,0.0,0.6121297
756,437.9429782,0.0,437.9433977,9.4e-06,0.0,0.1156591
757,2309.7548007,0.0,2309.7563454,-3.4e-06,0.0,0.6121297
758,437.9429782,0.0,437.9433977,9.4e-06,0.0,0.1156591
759,2264.7950402,0.0,2264.7943987,-9.4e-06,0.0,0.6005034
760,437.9429782,0.0,437.9433977,9.4e-06,0.0,0.1156591
761,2264.7950402,0.0,2264.7943987,-9.4e-06,0.0,0.6005034
762,437.9429782,0.0,437.9433977,9.4e-06,0.0,0.1156591
763,2264.7950402,0.0,2264.7943987,-9.4e-06,0.0,0.6005034
764,437.9429782,0.0,437.9433977,9.4e-06,0.0,0.1156591
765,2264.7950402,0.0,2264.7943987,-9.4e-06,0.0,0.6005034
766,437.9429782,0.0,437.9433977,9.4e-06,0.0,0.1156591
767,2264.7950402,0.0,2264.7943987,-9.4e-06,0.0,0.6005034
768,437.9429782,0.0,437.9433977,9.4e-06,0.0,0.1156591
769,2273.6154107,0.0,2273.6148767,-3.4e-06,0.0,0.6029057
770,437.9429782,0.0,437.9433977,9.4e-06,0.0,0.1156591
771,2273.6154107,0.0,2273.6148767,-3.4e-06,0.0,0.6029057
772,437.9429782,0.0,437.9433977,9.4e-06,0.0,0.1156591
773,2273.6154107,0.0,2273.6148767,-3.4e-06,0.0,0.6029057
774,437.9429782,0.0,437.9433977,9.4e-06,0.0,0.1156591
775,2273.6154107,0.0,2273.6148767,-3.4e-06,0.0,0.6029057
776,437.9429782,0.0,437.9433977,9.4e-06,0.0,0.1156591
777,2273.6154107,0.0,2273.6148767,-3.4e-06,0.0,0.6029057
778,437.9429782,0.0,437.9433977,9.4e-06,0.0,0.1156591
779,2303.8967702,0.0,2303.8941212,-3.4e-06,0.0,0.6108672
780,437.9429782,0.0,437.9433977,9.4e-06,0.0,0.1156591
781,2303.8967702,0.0,2303.8941212,-3.4e-06,0.0,0.6108672
782,437.9429782,0.0,437.9433977,9.4e-06,0.0,0.1156591
783,2303.8967702,0.0,2303.8941212,-3.4e-06,0.0,0.6108672
784,437.9429782,0.0,437.9433977,9.4e-06,0.0,0.1156591
785,2303.8967702,0.0,2303.8941212,-3.4e-06,0.0,0.6108672
786,437.9429782,0.0,437.9433977,9.4e-06,0.0,0.1156591
787,2303.8967702,0.0,2303.8941212,-3.4e-06,0.0,0.6108672
788,437.9429782,0.0,437.9433977,9.4e-06,0.0,0.1156591
789,2235.163854,0.0,2235.164913,-6e-06,0.0,0.5922521
790,437.9429782,0.0,437.9433977,9.4e-06,0.0,0.1156591
791,2235.163854,0.0,2235.164913,-6e-06,0.0,0.5922521
792,437.9429782,0.0,437.9433977,9.4e-06,0.0,0.1156591
793,2235.163854,0.0,2235.164913,-6e-06,0.0,0.5922521
794,437.9429782,0.0,437.9433977,9.4e-06,0.0,0.1156591
795,2235.163854,0.0,2235.164913,-6e-06,0.0,0.5922521
796,437.9429782,0.0,437.9433977,9.4e-06,0.0,0.1156591
797,2235.163854,0.0,2235.164913,-6e-06,0.0,0.5922521
798,437.9429782,0.0,437.9433977,9.4e-06,0.0,0.1156591
799,2255.3397579,0.0,2256.3042283,-3.4e-06,0.0,0.5981147
800,437.9429782,0.0,437.9433977,9.4e-06,0.0,0.1156591
801,2255.3397579,0.0,2256.3042283,-3.4e-06,0.0,0.5981147
802,437.9429782,0.0,437.9433977,9.4e-06,0.0,0.1156591
803,2255.3397579,0.0,2256.3042283,-3.4e-06,0.0,0.5981147
804,437.9429782,0.0,437.9433977,9.4e-06,0.0,0.1156591
805,2255.3397579,0.0,2256.3042283,-3.4e-06,0.0,0.5981147
806,437.9429782,0.0,437.9433977,9.4e-06,0.0,0.1156591
807,2255.3397579,0.0,2256.3042283,-3.4e-06,0.0,0.5981147
808,437.9429782,0.0,437.9433977,9.4e-06,0.0,0.1156591
809,2291.794087,0.0,2290.8276273,0.0,0.0,0.6075413
810,437.9429782,0.0,437.9433977,9.4e-06,0.0,0.1156591
811,2291.794087,0.0,2290.8276273,0.0,0.0,0.6075413
812,437.9429782,0.0,437.9433977,9.4e-06,0.0,0.1156591
813,2291.794087,0.0,2290.8276273,0.0,0.0,0.6075413
814,437.9429782,0.0,437.9433977,9.4e-06,0.0,0.1156591
815,2291.794087,0.0,2290.8276273,0.0,0.0,0.6075413
816,437.9429782,0.0,437.9433977,9.4e-06,0.0,0.1156591
817,2291.794087,0.0,2290.8276273,0.0,0.0,0.6075413
818,437.9429782,0.0,437.9433977,9.4e-06,0.0,0.1156591
819,2267.7047677,0.0,2267.704071,-9.4e-06,0.0,0.6012493
820,437.9429782,0.0,437.9433977,9.4e-06,0.0,0.1156591
821,2267.7047677,0.0,2267.704071,-9.4e-06,0.0,0.6012493
822,437.9429782,0.0,437.9433977,9.4e-06,0.0,0.1156591
823,2267.7047677,0.0,2267.704071,-9.4e-06,0.0,0.6012493
824,437.9429782,0.0,437.9433977,9.4e-06,0.0,0.1156591
825,2267.7047677,0.0,2267.704071,-9.4e-06,0.0,0.6012493
826,437.9429782,0.0,437.9433977,9.4e-06,0.0,0.1156591
827,2267.7047677,0.0,2267.704071,-9.4e-06,0.0,0.6012493
828,459.5864499,0.0,459.5868974,1.88e-05,0.0,0.1214517
829,2267.7047677,0.0,2267.704071,-9.4e-06,0.0,0.6012493
830,459.5864499,0.0,459.5868974,1.88e-05,0.0,0.1214517
831,2267.7047677,0.0,2267.704071,-9.4e-06,0.0,0.6012493
832,459.5864499,0.0,459.5868974,1.88e-05,0.0,0.1214517
833,2267.7047677,0.0,2267.704071,-9.4e-06,0.0,0.6012493
834,459.5864499,0.0,459.5868974,1.88e-05,0.0,0.1214517
835,2267.7047677,0.0,2267.704071,-9.4e-06,0.0,0.6012493
836,459.5864499,0.0,459.5868974,1.88e-05,0.0,0.1214517
837,2267.7047677,0.0,2267.704071,-9.4e-06,0.0,0.6012493
838,475.9363412,0.0,475.9368084,1.54e-05,0.0,0.1257526
839,2267.7047677,0.0,2267.704071,-9.4e-06,0.0,0.6012493
840,475.9363412,0.0,475.9368084,1.54e-05,0.0,0.1257526
841,2267.7047677,0.0,2267.704071,-9.4e-06,0.0,0.6012493
842,475.9363412,0.0,475.9368084,1.54e-05,0.0,0.1257526
843,2267.7047677,0.0,2267.704071,-9.4e-06,0.0,0.6012493
844,475.9363412,0.0,475.9368084,1.54e-05,0.0,0.1257526
845,2267.7047677,0.0,2267.704071,-9.4e-06,0.0,0.6012493
846,475.9363412,0.0,475.9368084,1.54e-05,0.0,0.1257526
847,2267.7047677,0.0,2267.704071,-9.4e-06,0.0,0.6012493
848,437.3275863,0.0,437.3280165,1.28e-05,0.0,0.1155823
849,2267.7047677,0.0,2267.704071,-9.4e-06,0.0,0.6012493
850,437.3275863,0.0,437.3280165,1.28e-05,0.0,0.1155823
851,2267.7047677,0.0,2267.704071,-9.4e-06,0.0,0.6012493
852,437.3275863,0.0,437.3280165,1.28e-05,0.0,0.1155823
853,2267.7047677,0.0,2267.704071,-9.4e-06,0.0,0.6012493
854,437.3275863,0.0,437.3280165,1.28e-05,0.0,0.1155823
855,2267.7047677,0.0,2267.704071,-9.4e-06,0.0,0.6012493
856,437.3275863,0.0,437.3280165,1.28e-05,0.0,0.1155823
857,2267.7047677,0.0,2267.704071,-9.4e-06,0.0,0.6012493
858,81.147082,0.0,81.1473016,1.54e-05,0.0,0.0208445
859,2267.7047677,0.0,2267.704071,-9.4e-06,0.0,0.6012493
860,81.147082,0.0,81.1473016,1.54e-05,0.0,0.0208445
861,2267.7047677,0.0,2267.704071,-9.4e-06,0.0,0.6012493
862,81.147082,0.0,81.1473016,1.54e-05,0.0,0.0208445
863,2267.7047677,0.0,2267.704071,-9.4e-06,0.0,0.6012493
864,81.147082,0.0,81.1473016,1.54e-05,0.0,0.0208445
865,2267.7047677,0.0,2267.704071,-9.4e-06,0.0,0.6012493
866,81.147082,0.0,81.1473016,1.54e-05,0.0,0.0208445
867,2267.7047677,0.0,2267.704071,-9.4e-06,0.0,0.6012493
868,-9.6419025,0.0,-9.6412174,1.54e-05,0.0,-0.0028996
869,2267.7047677,0.0,2267.704071,-9.4e-06,0.0,0.6012493
870,-9.6419025,0.0,-9.6412174,1.54e-05,0.0,-0.0028996
871,2267.7047677,0.0,2267.704071,-9.4e-06,0.0,0.6012493
872,-9.6419025,0.0,-9.6412174,1.54e-05,0.0,-0.0028996
873,2267.7047677,0.0,2267.704071,-9.4e-06,0.0,0.6012493
874,-9.6419025,0.0,-9.6412174,1.54e-05,0.0,-0.0028996
875,2267.7047677,0.0,2267.704071,-9.4e-06,0.0,0.6012493
876,-9.6419025,0.0,-9.6412174,1.54e-05,0.0,-0.0028996
877,2267.7047677,0.0,2267.704071,-9.4e-06,0.0,0.6012493
878,25.4390548,0.0,25.4395561,1.28e-05,0.0,0.0043201
879,2267.7047677,0.0,2267.704071,-9.4e-06,0.0,0.6012493
880,25.4390548,0.0,25.4395561,1.28e-05,0.0,0.0043201
881,2267.7047677,0.0,2267.704071,-9.4e-06,0.0,0.6012493
882,25.4390548,0.0,25.4395561,1.28e-05,0.0,0.0043201
883,2267.7047677,0.0,2267.704071,-9.4e-06,0.0,0.6012493
884,25.4390548,0.0,25.4395561,1.28e-05,0.0,0.0043201
885,2267.7047677,0.0,2267.704071,-9.4e-06,0.0,0.6012493
886,25.4390548,0.0,25.4395561,1.28e-05,0.0,0.0043201
887,2267.7047677,0.0,2267.704071,-9.4e-06,0.0,0.6012493
888,324.9435113,0.0,324.943629,1.54e-05,0.0,0.085797
889,2267.7047677,0.0,2267.704071,-9.4e-06,0.0,0.6012493
890,324.9435113,0.0,324.943629,1.54e-05,0.0,0.085797
891,2267.7047677,0.0,2267.704071,-9.4e-06,0.0,0.6012493
892,324.9435113,0.0,324.943629,1.54e-05,0.0,0.085797
893,2267.7047677,0.0,2267.704071,-9.4e-06,0.0,0.6012493
894,324.9435113,0.0,324.943629,1.54e-05,0.0,0.085797
895,2267.7047677,0.0,2267.704071,-9.4e-06,0.0,0.6012493
