switch_id,eth_dst,eth_src,eth_type,ipv4_src,ipv4_dst,in_port,packet_count,byte_count,duration_sec,idle_timeout_s,hard_timeout_s,priority
1,1,2,800,2,1,3,97116,5543044824,2,5,0,1
6,1,2,800,2,1,1,97115,5543044750,2,5,0,1
5,1,2,800,2,1,5,206593,11792720842,4,5,0,1
1,1,2,800,2,1,3,206593,11792720842,4,5,0,1
6,1,2,800,2,1,1,206592,11792720768,4,5,0,1
5,1,2,800,2,1,5,318026,18153745028,6,5,0,1
1,1,2,800,2,1,3,318026,18153745028,6,5,0,1
6,1,2,800,2,1,1,318025,18153744954,6,5,0,1
5,1,2,800,2,1,5,429608,24523490808,8,5,0,1
1,1,2,800,2,1,3,429608,24523490808,8,5,0,1
6,1,2,800,2,1,1,429607,24523490734,8,5,0,1
5,1,2,800,2,1,5,541785,30927379234,10,5,0,1
1,1,2,800,2,1,3,541785,30927379234,10,5,0,1
6,1,2,800,2,1,1,541784,30927379160,10,5,0,1
5,1,2,800,2,1,5,656672,37486357232,12,5,0,1
1,1,2,800,2,1,3,656672,37486357232,12,5,0,1
6,1,2,800,2,1,1,656671,37486357158,12,5,0,1
5,1,2,800,2,1,5,766995,43784248350,14,5,0,1
1,1,2,800,2,1,3,766995,43784248350,14,5,0,1
6,1,2,800,2,1,1,766994,43784248276,14,5,0,1
5,1,2,800,2,1,5,879290,50194668348,16,5,0,1
1,1,2,800,2,1,3,879290,50194668348,16,5,0,1
6,1,2,800,2,1,1,879289,50194668274,16,5,0,1
5,1,2,800,2,1,5,991249,56586409826,18,5,0,1
1,1,2,800,2,1,3,991249,56586409826,18,5,0,1
6,1,2,800,2,1,1,991248,56586409752,18,5,0,1
5,1,2,800,2,1,5,1094754,62495462604,20,5,0,1
1,1,2,800,2,1,3,1094754,62495462604,20,5,0,1
6,1,2,800,2,1,1,1094753,62495462530,20,5,0,1
5,1,2,800,2,1,5,1206699,68886123350,22,5,0,1
1,1,2,800,2,1,3,1206699,68886123350,22,5,0,1
6,1,2,800,2,1,1,1206698,68886123276,22,5,0,1
5,1,2,800,2,1,5,1308731,74711182014,24,5,0,1
1,1,2,800,2,1,3,1308731,74711182014,24,5,0,1
6,1,2,800,2,1,1,1308730,74711181940,24,5,0,1
5,1,2,800,2,1,5,1381585,78871247610,26,5,0,1
1,1,2,800,2,1,3,1381585,78871247610,26,5,0,1
6,1,2,800,2,1,1,1381584,78871247536,26,5,0,1
5,1,2,800,2,1,5,1460495,83378274950,28,5,0,1
1,1,2,800,2,1,3,1460495,83378274950,28,5,0,1
6,1,2,800,2,1,1,1460494,83378274876,28,5,0,1
5,1,2,800,2,1,5,1562523,89204570030,30,5,0,1
1,1,2,800,2,1,3,1562523,89204570030,30,5,0,1
6,1,2,800,2,1,1,1562522,89204569956,30,5,0,1
5,1,2,800,2,1,5,1674194,95579327188,32,5,0,1
1,1,2,800,2,1,3,1674194,95579327188,32,5,0,1
6,1,2,800,2,1,1,1674193,95579327114,32,5,0,1
5,1,2,800,2,1,5,1787956,102073659736,34,5,0,1
1,1,2,800,2,1,3,1787956,102073659736,34,5,0,1
6,1,2,800,2,1,1,1787955,102073659662,34,5,0,1
5,1,2,800,2,1,5,1903420,108664980776,36,5,0,1
1,1,2,800,2,1,3,1903420,108664980776,36,5,0,1
6,1,2,800,2,1,1,1903419,108664980702,36,5,0,1
5,1,2,800,2,1,5,2017395,115171920542,38,5,0,1
1,1,2,800,2,1,3,2017395,115171920542,38,5,0,1
6,1,2,800,2,1,1,2017394,115171920468,38,5,0,1
5,1,2,800,2,1,5,2135214,121897724540,40,5,0,1
1,1,2,800,2,1,3,2135214,121897724540,40,5,0,1
6,1,2,800,2,1,1,2135213,121897724466,40,5,0,1
5,1,2,800,2,1,5,2252740,128606976664,42,5,0,1
1,1,2,800,2,1,3,2252740,128606976664,42,5,0,1
6,1,2,800,2,1,1,2252739,128606976590,42,5,0,1
5,1,2,800,2,1,5,2364600,134992691456,44,5,0,1
1,1,2,800,2,1,3,2364600,134992691456,44,5,0,1
6,1,2,800,2,1,1,2364599,134992691382,44,5,0,1
5,1,2,800,2,1,5,2477987,141465082230,46,5,0,1
1,1,2,800,2,1,3,2477987,141465082230,46,5,0,1
6,1,2,800,2,1,1,2477986,141465082156,46,5,0,1
5,1,2,800,2,1,5,2589173,147811829122,48,5,0,1
1,1,2,800,2,1,3,2589173,147811829122,48,5,0,1
6,1,2,800,2,1,1,2589172,147811829048,48,5,0,1
5,1,2,800,2,1,5,2756174,157344828244,51,5,0,1
1,1,2,800,2,1,3,2756174,157344828244,51,5,0,1
6,1,2,800,2,1,1,2756173,157344828170,51,5,0,1
5,1,2,800,2,1,5,2812938,160584808868,53,5,0,1
1,1,2,800,2,1,3,2812938,160584808868,53,5,0,1
6,1,2,800,2,1,1,2812937,160584808794,53,5,0,1
5,1,2,800,2,1,5,2986386,170485915436,55,5,0,1
1,1,2,800,2,1,3,2986386,170485915436,55,5,0,1
6,1,2,800,2,1,1,2986385,170485915362,55,5,0,1
5,1,2,800,2,1,5,3104257,177214429178,57,5,0,1
1,1,2,800,2,1,3,3104257,177214429178,57,5,0,1
6,1,2,800,2,1,1,3104256,177214429104,57,5,0,1
5,1,2,800,2,1,5,3214691,183518384918,59,5,0,1
1,1,2,800,2,1,3,3214691,183518384918,59,5,0,1
6,1,2,800,2,1,1,3214690,183518384844,59,5,0,1
5,1,2,800,2,1,5,3328419,190010538238,61,5,0,1
1,1,2,800,2,1,3,3328419,190010538238,61,5,0,1
6,1,2,800,2,1,1,3328418,190010538164,61,5,0,1
5,1,2,800,2,1,5,3442051,196497686454,63,5,0,1
1,1,2,800,2,1,3,3442051,196497686454,63,5,0,1
6,1,2,800,2,1,1,3442050,196497686380,63,5,0,1
5,1,2,800,2,1,5,3543488,202293176736,65,5,0,1
1,1,2,800,2,1,3,3543488,202293176736,65,5,0,1
6,1,2,800,2,1,1,3543487,202293176662,65,5,0,1
5,1,2,800,2,1,5,3636584,207607620136,67,5,0,1
1,1,2,800,2,1,3,3636584,207607620136,67,5,0,1
6,1,2,800,2,1,1,3636583,207607620062,67,5,0,1
5,1,2,800,2,1,5,3742451,213653990718,69,5,0,1
1,1,2,800,2,1,3,3742451,213653990718,69,5,0,1
6,1,2,800,2,1,1,3742450,213653990644,69,5,0,1
5,1,2,800,2,1,5,3839672,219204854872,71,5,0,1
1,1,2,800,2,1,3,3839672,219204854872,71,5,0,1
6,1,2,800,2,1,1,3839671,219204854798,71,5,0,1
5,1,2,800,2,1,5,3911415,223306516798,73,5,0,1
1,1,2,800,2,1,3,3911415,223306516798,73,5,0,1
6,1,2,800,2,1,1,3911414,223306516724,73,5,0,1
5,1,2,800,2,1,5,3997031,228195450038,75,5,0,1
1,1,2,800,2,1,3,3997031,228195450038,75,5,0,1
6,1,2,800,2,1,1,3997030,228195449964,75,5,0,1
5,1,2,800,2,1,5,4087375,233356284366,77,5,0,1
1,1,2,800,2,1,3,4087375,233356284366,77,5,0,1
6,1,2,800,2,1,1,4087374,233356284292,77,5,0,1
5,1,2,800,2,1,5,4168111,237967567182,79,5,0,1
1,1,2,800,2,1,3,4168111,237967567182,79,5,0,1
6,1,2,800,2,1,1,4168110,237967567108,79,5,0,1
5,1,2,800,2,1,5,4273900,244007110384,81,5,0,1
1,1,2,800,2,1,3,4273900,244007110384,81,5,0,1
6,1,2,800,2,1,1,4273899,244007110310,81,5,0,1
5,1,2,800,2,1,5,4353670,248564665116,83,5,0,1
1,1,2,800,2,1,3,4353670,248564665116,83,5,0,1
6,1,2,800,2,1,1,4353669,248564665042,83,5,0,1
5,1,2,800,2,1,5,4444833,253770200002,85,5,0,1
1,1,2,800,2,1,3,4444833,253770200002,85,5,0,1
6,1,2,800,2,1,1,4444832,253770199928,85,5,0,1
5,1,2,800,2,1,5,4523445,258261592042,87,5,0,1
1,1,2,800,2,1,3,4523445,258261592042,87,5,0,1
6,1,2,800,2,1,1,4523444,258261591968,87,5,0,1
5,1,2,800,2,1,5,4600904,262534721112,89,5,0,1
1,1,2,800,2,1,3,4600904,262534721112,89,5,0,1
6,1,2,800,2,1,1,4600903,262534721038,89,5,0,1
5,1,2,800,2,1,5,4679961,267052838482,91,5,0,1
1,1,2,800,2,1,3,4679961,267052838482,91,5,0,1
6,1,2,800,2,1,1,4679960,267052838408,91,5,0,1
5,1,2,800,2,1,5,4786346,273126410828,93,5,0,1
1,1,2,800,2,1,3,4786346,273126410828,93,5,0,1
6,1,2,800,2,1,1,4786345,273126410754,93,5,0,1
5,1,2,800,2,1,5,4900026,279615827244,95,5,0,1
1,1,2,800,2,1,3,4900026,279615827244,95,5,0,1
6,1,2,800,2,1,1,4900025,279615827170,95,5,0,1
5,1,2,800,2,1,5,4975083,283904491094,97,5,0,1
1,1,2,800,2,1,3,4975083,283904491094,97,5,0,1
6,1,2,800,2,1,1,4975082,283904491020,97,5,0,1
5,1,2,800,2,1,5,5044263,287856058814,99,5,0,1
1,1,2,800,2,1,3,5044263,287856058814,99,5,0,1
6,1,2,800,2,1,1,5044262,287856058740,99,5,0,1
5,1,2,800,2,1,5,5143813,293540863698,101,5,0,1
1,1,2,800,2,1,3,5143813,293540863698,101,5,0,1
6,1,2,800,2,1,1,5143812,293540863624,101,5,0,1
5,1,2,800,2,1,5,5258374,300080649564,103,5,0,1
1,1,2,800,2,1,3,5258374,300080649564,103,5,0,1
6,1,2,800,2,1,1,5258373,300080649490,103,5,0,1
5,1,2,800,2,1,5,5371401,306534550250,105,5,0,1
1,1,2,800,2,1,3,5371401,306534550250,105,5,0,1
6,1,2,800,2,1,1,5371400,306534550176,105,5,0,1
5,1,2,800,2,1,5,5482689,312887424882,107,5,0,1
1,1,2,800,2,1,3,5482689,312887424882,107,5,0,1
6,1,2,800,2,1,1,5482688,312887424808,107,5,0,1
5,1,2,800,2,1,5,5593443,319210546294,109,5,0,1
1,1,2,800,2,1,3,5593443,319210546294,109,5,0,1
6,1,2,800,2,1,1,5593442,319210546220,109,5,0,1
5,1,2,800,2,1,5,5679899,324149054982,111,5,0,1
1,1,2,800,2,1,3,5679899,324149054982,111,5,0,1
6,1,2,800,2,1,1,5679898,324149054908,111,5,0,1
5,1,2,800,2,1,5,5752791,328313773558,113,5,0,1
1,1,2,800,2,1,3,5752791,328313773558,113,5,0,1
6,1,2,800,2,1,1,5752790,328313773484,113,5,0,1
5,1,2,800,2,1,5,5849126,333814342596,115,5,0,1
1,1,2,800,2,1,3,5849126,333814342596,115,5,0,1
6,1,2,800,2,1,1,5849125,333814342522,115,5,0,1
5,1,2,800,2,1,5,5962327,340276831886,117,5,0,1
1,1,2,800,2,1,3,5962327,340276831886,117,5,0,1
6,1,2,800,2,1,1,5962326,340276831812,117,5,0,1
5,1,2,800,2,1,5,6052227,345410857286,119,5,0,1
1,1,2,800,2,1,3,6052227,345410857286,119,5,0,1
6,1,2,800,2,1,1,6052226,345410857212,119,5,0,1
5,1,2,800,2,1,5,6141764,350524977688,121,5,0,1
1,1,2,800,2,1,3,6141764,350524977688,121,5,0,1
6,1,2,800,2,1,1,6141763,350524977614,121,5,0,1
5,1,2,800,2,1,5,6240217,356145839290,123,5,0,1
1,1,2,800,2,1,3,6240217,356145839290,123,5,0,1
6,1,2,800,2,1,1,6240216,356145839216,123,5,0,1
5,1,2,800,2,1,5,6306780,359947781864,125,5,0,1
1,1,2,800,2,1,3,6306780,359947781864,125,5,0,1
6,1,2,800,2,1,1,6306779,359947781790,125,5,0,1
5,1,2,800,2,1,5,6413264,366026294080,127,5,0,1
1,1,2,800,2,1,3,6413264,366026294080,127,5,0,1
6,1,2,800,2,1,1,6413263,366026294006,127,5,0,1
5,1,2,800,2,1,5,6492020,370522689416,129,5,0,1
1,1,2,800,2,1,3,6492020,370522689416,129,5,0,1
6,1,2,800,2,1,1,6492019,370522689342,129,5,0,1
5,1,2,800,2,1,5,6604674,376953882636,131,5,0,1
1,1,2,800,2,1,3,6604674,376953882636,131,5,0,1
6,1,2,800,2,1,1,6604673,376953882562,131,5,0,1
5,1,2,800,2,1,5,6675758,381014580916,133,5,0,1
1,1,2,800,2,1,3,6675758,381014580916,133,5,0,1
6,1,2,800,2,1,1,6675757,381014580842,133,5,0,1
5,1,2,800,2,1,5,6784991,387250514966,135,5,0,1
1,1,2,800,2,1,3,6784991,387250514966,135,5,0,1
6,1,2,800,2,1,1,6784990,387250514892,135,5,0,1
5,1,2,800,2,1,5,6896001,393587932818,137,5,0,1
1,1,2,800,2,1,3,6896001,393587932818,137,5,0,1
6,1,2,800,2,1,1,6896000,393587932744,137,5,0,1
5,1,2,800,2,1,5,7006298,399884843772,139,5,0,1
1,1,2,800,2,1,3,7006298,399884843772,139,5,0,1
6,1,2,800,2,1,1,7006297,399884843698,139,5,0,1
5,1,2,800,2,1,5,7112227,405932046902,141,5,0,1
1,1,2,800,2,1,3,7112227,405932046902,141,5,0,1
6,1,2,800,2,1,1,7112226,405932046828,141,5,0,1
5,1,2,800,2,1,5,7224755,412356166614,143,5,0,1
1,1,2,800,2,1,3,7224755,412356166614,143,5,0,1
6,1,2,800,2,1,1,7224754,412356166540,143,5,0,1
5,1,2,800,2,1,5,7339752,418920665080,145,5,0,1
1,1,2,800,2,1,3,7339752,418920665080,145,5,0,1
6,1,2,800,2,1,1,7339751,418920665006,145,5,0,1
5,1,2,800,2,1,5,7456927,425609652174,147,5,0,1
1,1,2,800,2,1,3,7456927,425609652174,147,5,0,1
6,1,2,800,2,1,1,7456926,425609652100,147,5,0,1
5,1,2,800,2,1,5,7568684,431989350336,149,5,0,1
1,1,2,800,2,1,3,7568684,431989350336,149,5,0,1
6,1,2,800,2,1,1,7568683,431989350262,150,5,0,1
5,1,2,800,2,1,5,7679562,438319070684,152,5,0,1
1,1,2,800,2,1,3,7679562,438319070684,152,5,0,1
6,1,2,800,2,1,1,7679561,438319070610,152,5,0,1
5,1,2,800,2,1,5,7787251,444466758974,154,5,0,1
1,1,2,800,2,1,3,7787251,444466758974,154,5,0,1
6,1,2,800,2,1,1,7787250,444466758900,154,5,0,1
5,1,2,800,2,1,5,7866710,449010649212,156,5,0,1
1,1,2,800,2,1,3,7866710,449010649212,156,5,0,1
6,1,2,800,2,1,1,7866709,449010649138,156,5,0,1
5,1,2,800,2,1,5,7978244,455377626456,158,5,0,1
1,1,2,800,2,1,3,7978244,455377626456,158,5,0,1
6,1,2,800,2,1,1,7978243,455377626382,158,5,0,1
5,1,2,800,2,1,5,8091143,461823132854,160,5,0,1
1,1,2,800,2,1,3,8091143,461823132854,160,5,0,1
6,1,2,800,2,1,1,8091142,461823132780,160,5,0,1
5,1,2,800,2,1,5,8207004,468437042840,162,5,0,1
1,1,2,800,2,1,3,8207004,468437042840,162,5,0,1
6,1,2,800,2,1,1,8207003,468437042766,162,5,0,1
5,1,2,800,2,1,5,8322836,475048715928,164,5,0,1
1,1,2,800,2,1,3,8322836,475048715928,164,5,0,1
6,1,2,800,2,1,1,8322835,475048715854,164,5,0,1
5,1,2,800,2,1,5,8435266,481467313572,166,5,0,1
1,1,2,800,2,1,3,8435266,481467313572,166,5,0,1
6,1,2,800,2,1,1,8435265,481467313498,166,5,0,1
5,1,2,800,2,1,5,8549098,487965459540,168,5,0,1
1,1,2,800,2,1,3,8549098,487965459540,168,5,0,1
6,1,2,800,2,1,1,8549097,487965459466,168,5,0,1
5,1,2,800,2,1,5,8660838,494344539732,170,5,0,1
1,1,2,800,2,1,3,8660838,494344539732,170,5,0,1
6,1,2,800,2,1,1,8660837,494344539658,170,5,0,1
5,1,2,800,2,1,5,8822137,503553398490,172,5,0,1
1,1,2,800,2,1,3,8822137,503553398490,172,5,0,1
6,1,2,800,2,1,1,8822136,503553398416,172,5,0,1
5,1,2,800,2,1,5,8878332,506761595888,174,5,0,1
1,1,2,800,2,1,3,8878332,506761595888,174,5,0,1
6,1,2,800,2,1,1,8878331,506761595814,174,5,0,1
5,1,2,800,2,1,5,8988342,513041426572,176,5,0,1
1,1,2,800,2,1,3,8988342,513041426572,176,5,0,1
6,1,2,800,2,1,1,8988341,513041426498,176,5,0,1
5,1,2,800,2,1,5,9070286,517722586156,178,5,0,1
1,1,2,800,2,1,3,9070286,517722586156,178,5,0,1
6,1,2,800,2,1,1,9070285,517722586082,178,5,0,1
5,1,2,800,2,1,5,9183899,524208691550,180,5,0,1
1,1,2,800,2,1,3,9183899,524208691550,180,5,0,1
6,1,2,800,2,1,1,9183898,524208691476,180,5,0,1
5,1,2,800,2,1,5,9292308,530397477192,182,5,0,1
1,1,2,800,2,1,3,9292308,530397477192,182,5,0,1
6,1,2,800,2,1,1,9292307,530397477118,182,5,0,1
5,1,2,800,2,1,5,9401897,536653701218,184,5,0,1
1,1,2,800,2,1,3,9401897,536653701218,184,5,0,1
6,1,2,800,2,1,1,9401896,536653701144,184,5,0,1
5,1,2,800,2,1,5,9495962,542025195724,186,5,0,1
1,1,2,800,2,1,3,9495962,542025195724,186,5,0,1
6,1,2,800,2,1,1,9495961,542025195650,186,5,0,1
5,1,2,800,2,1,5,9649909,550815361890,188,5,0,1
1,1,2,800,2,1,3,9649909,550815361890,188,5,0,1
6,1,2,800,2,1,1,9649908,550815361816,188,5,0,1
5,1,2,800,2,1,5,9762551,557245982926,190,5,0,1
1,1,2,800,2,1,3,9762551,557245982926,190,5,0,1
6,1,2,800,2,1,1,9762550,557245982852,190,5,0,1
5,1,2,800,2,1,5,9874686,563647070732,192,5,0,1
1,1,2,800,2,1,3,9874686,563647070732,192,5,0,1
6,1,2,800,2,1,1,9874685,563647070658,192,5,0,1
5,1,2,800,2,1,5,9986058,570004731220,194,5,0,1
1,1,2,800,2,1,3,9986058,570004731220,194,5,0,1
6,1,2,800,2,1,1,9986057,570004731146,194,5,0,1
5,1,2,800,2,1,5,10091804,576041812336,196,5,0,1
1,1,2,800,2,1,3,10091804,576041812336,196,5,0,1
6,1,2,800,2,1,1,10091803,576041812262,196,5,0,1
5,1,2,800,2,1,5,10143940,579022532216,198,5,0,1
1,1,2,800,2,1,3,10143940,579022532216,198,5,0,1
6,1,2,800,2,1,1,10143939,579022532142,198,5,0,1
5,1,2,800,2,1,5,10245808,584838350600,200,5,0,1
1,1,2,800,2,1,3,10245808,584838350600,200,5,0,1
6,1,2,800,2,1,1,10245807,584838350526,200,5,0,1
5,1,2,800,2,1,5,10350647,590823626662,202,5,0,1
1,1,2,800,2,1,3,10350647,590823626662,202,5,0,1
6,1,2,800,2,1,1,10350646,590823626588,202,5,0,1
5,1,2,800,2,1,5,10462352,597200560056,204,5,0,1
1,1,2,800,2,1,3,10462352,597200560056,204,5,0,1
6,1,2,800,2,1,1,10462351,597200559982,204,5,0,1
5,1,2,800,2,1,5,10574152,603582997776,206,5,0,1
1,1,2,800,2,1,3,10574152,603582997776,206,5,0,1
6,1,2,800,2,1,1,10574151,603582997702,206,5,0,1
5,1,2,800,2,1,5,10688068,610086022776,208,5,0,1
1,1,2,800,2,1,3,10688068,610086022776,208,5,0,1
6,1,2,800,2,1,1,10688067,610086022702,208,5,0,1
5,1,2,800,2,1,5,10799376,616442421856,210,5,0,1
1,1,2,800,2,1,3,10799376,616442421856,210,5,0,1
6,1,2,800,2,1,1,10799375,616442421782,210,5,0,1
5,1,2,800,2,1,5,10909609,622735495106,212,5,0,1
1,1,2,800,2,1,3,10909609,622735495106,212,5,0,1
6,1,2,800,2,1,1,10909608,622735495032,212,5,0,1
5,1,2,800,2,1,5,11017561,628898447850,214,5,0,1
1,1,2,800,2,1,3,11017561,628898447850,214,5,0,1
6,1,2,800,2,1,1,11017560,628898447776,214,5,0,1
5,1,2,800,2,1,5,11130596,635351079240,216,5,0,1
1,1,2,800,2,1,3,11130596,635351079240,216,5,0,1
6,1,2,800,2,1,1,11130595,635351079166,216,5,0,1
5,1,2,800,2,1,5,11242138,641719258540,218,5,0,1
1,1,2,800,2,1,3,11242138,641719258540,218,5,0,1
6,1,2,800,2,1,1,11242137,641719258466,218,5,0,1
5,1,2,800,2,1,5,11354830,648152713548,220,5,0,1
1,1,2,800,2,1,3,11354830,648152713548,220,5,0,1
6,1,2,800,2,1,1,11354829,648152713474,220,5,0,1
5,1,2,800,2,1,5,11468899,654664628510,222,5,0,1
1,1,2,800,2,1,3,11468899,654664628510,222,5,0,1
6,1,2,800,2,1,1,11468898,654664628436,222,5,0,1
5,1,2,800,2,1,5,11583308,661196242512,224,5,0,1
1,1,2,800,2,1,3,11583308,661196242512,224,5,0,1
6,1,2,800,2,1,1,11583307,661196242438,224,5,0,1
5,1,2,800,2,1,5,11694489,667543469386,226,5,0,1
1,1,2,800,2,1,3,11694489,667543469386,226,5,0,1
6,1,2,800,2,1,1,11694488,667543469312,226,5,0,1
5,1,2,800,2,1,5,11802212,673693350832,228,5,0,1
1,1,2,800,2,1,3,11802212,673693350832,228,5,0,1
6,1,2,800,2,1,1,11802211,673693350758,228,5,0,1
5,1,2,800,2,1,5,11873144,677745503664,230,5,0,1
1,1,2,800,2,1,3,11873144,677745503664,230,5,0,1
6,1,2,800,2,1,1,11873143,677745503590,230,5,0,1
5,1,2,800,2,1,5,11961691,682612616702,232,5,0,1
1,1,2,800,2,1,3,11961691,682612616702,232,5,0,1
6,1,2,800,2,1,1,11961690,682612616628,232,5,0,1
5,1,2,800,2,1,5,12066024,688292976624,234,5,0,1
1,1,2,800,2,1,3,12066024,688292976624,234,5,0,1
6,1,2,800,2,1,1,12066023,688292976550,234,5,0,1
5,1,2,800,2,1,5,12179617,694777441874,236,5,0,1
1,1,2,800,2,1,3,12179617,694777441874,236,5,0,1
6,1,2,800,2,1,1,12179616,694777441800,236,5,0,1
5,1,2,800,2,1,5,12293095,701256399542,238,5,0,1
1,1,2,800,2,1,3,12293095,701256399542,238,5,0,1
6,1,2,800,2,1,1,12293094,701256399468,238,5,0,1
5,1,2,800,2,1,5,12402448,707498972808,240,5,0,1
1,1,2,800,2,1,3,12402448,707498972808,240,5,0,1
6,1,2,800,2,1,1,12402447,707498972734,240,5,0,1
5,1,2,800,2,1,5,12512496,713780977056,242,5,0,1
1,1,2,800,2,1,3,12512496,713780977056,242,5,0,1
6,1,2,800,2,1,1,12512495,713780976982,242,5,0,1
5,1,2,800,2,1,5,12622497,720060787546,244,5,0,1
1,1,2,800,2,1,3,12622497,720060787546,244,5,0,1
6,1,2,800,2,1,1,12622496,720060787472,244,5,0,1
5,1,2,800,2,1,5,12735308,726500773880,246,5,0,1
1,1,2,800,2,1,3,12735308,726500773880,246,5,0,1
6,1,2,800,2,1,1,12735307,726500773806,246,5,0,1
5,1,2,800,2,1,5,12813419,730962917014,248,5,0,1
1,1,2,800,2,1,3,12813419,730962917014,248,5,0,1
6,1,2,800,2,1,1,12813418,730962916940,248,5,0,1
5,1,2,800,2,1,5,12924075,737280087286,250,5,0,1
1,1,2,800,2,1,3,12924075,737280087286,250,5,0,1
6,1,2,800,2,1,1,12924074,737280087212,250,5,0,1
5,1,2,800,2,1,5,13031679,743423258566,253,5,0,1
1,1,2,800,2,1,3,13031679,743423258566,253,5,0,1
6,1,2,800,2,1,1,13031678,743423258492,253,5,0,1
5,1,2,800,2,1,5,13136491,749407444550,255,5,0,1
1,1,2,800,2,1,3,13136491,749407444550,255,5,0,1
6,1,2,800,2,1,1,13136490,749407444476,255,5,0,1
5,1,2,800,2,1,5,13189812,752455371016,257,5,0,1
1,1,2,800,2,1,3,13189812,752455371016,257,5,0,1
6,1,2,800,2,1,1,13189811,752455370942,257,5,0,1
5,1,2,800,2,1,5,13287210,758017392468,259,5,0,1
1,1,2,800,2,1,3,13287210,758017392468,259,5,0,1
6,1,2,800,2,1,1,13287209,758017392394,259,5,0,1
5,1,2,800,2,1,5,13397454,764310861068,261,5,0,1
1,1,2,800,2,1,3,13397454,764310861068,261,5,0,1
6,1,2,800,2,1,1,13397453,764310860994,261,5,0,1
5,1,2,800,2,1,5,13502355,770298953014,263,5,0,1
1,1,2,800,2,1,3,13502355,770298953014,263,5,0,1
6,1,2,800,2,1,1,13502354,770298952940,263,5,0,1
5,1,2,800,2,1,5,13614000,776672569904,265,5,0,1
1,1,2,800,2,1,3,13614000,776672569904,265,5,0,1
6,1,2,800,2,1,1,13613999,776672569830,265,5,0,1
5,1,2,800,2,1,5,13694475,781268517166,267,5,0,1
1,1,2,800,2,1,3,13694475,781268517166,267,5,0,1
6,1,2,800,2,1,1,13694474,781268517092,267,5,0,1
5,1,2,800,2,1,5,13806893,787686011210,269,5,0,1
1,1,2,800,2,1,3,13806893,787686011210,269,5,0,1
6,1,2,800,2,1,1,13806892,787686011136,269,5,0,1
5,1,2,800,2,1,5,13917384,793993290432,271,5,0,1
1,1,2,800,2,1,3,13917384,793993290432,271,5,0,1
6,1,2,800,2,1,1,13917383,793993290358,271,5,0,1
5,1,2,800,2,1,5,14027299,800268166718,273,5,0,1
1,1,2,800,2,1,3,14027299,800268166718,273,5,0,1
6,1,2,800,2,1,1,14027298,800268166644,273,5,0,1
5,1,2,800,2,1,5,14096322,804210930772,275,5,0,1
1,1,2,800,2,1,3,14096322,804210930772,275,5,0,1
6,1,2,800,2,1,1,14096321,804210930698,275,5,0,1
5,1,2,800,2,1,5,14204959,810412919846,277,5,0,1
1,1,2,800,2,1,3,14204959,810412919846,277,5,0,1
6,1,2,800,2,1,1,14204958,810412919772,277,5,0,1
5,1,2,800,2,1,5,14316847,816800251822,279,5,0,1
1,1,2,800,2,1,3,14316847,816800251822,279,5,0,1
6,1,2,800,2,1,1,14316846,816800251748,279,5,0,1
5,1,2,800,2,1,5,14431234,823330779364,281,5,0,1
1,1,2,800,2,1,3,14431234,823330779364,281,5,0,1
6,1,2,800,2,1,1,14431233,823330779290,281,5,0,1
5,1,2,800,2,1,5,14548302,830013757716,283,5,0,1
1,1,2,800,2,1,3,14548302,830013757716,283,5,0,1
6,1,2,800,2,1,1,14548301,830013757642,283,5,0,1
5,1,2,800,2,1,5,14662263,836519486342,285,5,0,1
1,1,2,800,2,1,3,14662263,836519486342,285,5,0,1
6,1,2,800,2,1,1,14662262,836519486268,285,5,0,1
5,1,2,800,2,1,5,14774601,842933794162,287,5,0,1
1,1,2,800,2,1,3,14774601,842933794162,287,5,0,1
6,1,2,800,2,1,1,14774600,842933794088,287,5,0,1
5,1,2,800,2,1,5,14883037,849124177370,289,5,0,1
1,1,2,800,2,1,3,14883037,849124177370,289,5,0,1
6,1,2,800,2,1,1,14883036,849124177296,289,5,0,1
5,1,2,800,2,1,5,14993392,855424766792,291,5,0,1
1,1,2,800,2,1,3,14993392,855424766792,291,5,0,1
6,1,2,800,2,1,1,14993391,855424766718,291,5,0,1
5,1,2,800,2,1,5,15155625,864685713498,293,5,0,1
1,1,2,800,2,1,3,15155625,864685713498,293,5,0,1
6,1,2,800,2,1,1,15155624,864685713424,293,5,0,1
5,1,2,800,2,1,5,15212444,867929552336,295,5,0,1
1,1,2,800,2,1,3,15212444,867929552336,295,5,0,1
6,1,2,800,2,1,1,15212443,867929552262,295,5,0,1
5,1,2,800,2,1,5,15326944,874465558928,297,5,0,1
1,1,2,800,2,1,3,15326944,874465558928,297,5,0,1
6,1,2,800,2,1,1,15326943,874465558854,297,5,0,1
5,1,2,800,2,1,5,15441761,881020214138,299,5,0,1
1,1,2,800,2,1,3,15441761,881020214138,299,5,0,1
6,1,2,800,2,1,1,15441760,881020214064,299,5,0,1
5,1,2,800,2,1,5,15558159,887665346862,301,5,0,1
1,1,2,800,2,1,3,15558159,887665346862,301,5,0,1
6,1,2,800,2,1,1,15558158,887665346788,301,5,0,1
5,1,2,800,2,1,5,15669162,894002200252,303,5,0,1
1,1,2,800,2,1,3,15669162,894002200252,303,5,0,1
6,1,2,800,2,1,1,15669161,894002200178,303,5,0,1
5,1,2,800,2,1,5,15779929,900325405962,305,5,0,1
1,1,2,800,2,1,3,15779929,900325405962,305,5,0,1
6,1,2,800,2,1,1,15779928,900325405888,305,5,0,1
5,1,2,800,2,1,5,15887228,906451140568,307,5,0,1
1,1,2,800,2,1,3,15887228,906451140568,307,5,0,1
6,1,2,800,2,1,1,15887227,906451140494,307,5,0,1
5,1,2,800,2,1,5,15971277,911251974290,309,5,0,1
1,1,2,800,2,1,3,15971277,911251974290,309,5,0,1
6,1,2,800,2,1,1,15971276,911251974216,309,5,0,1
5,1,2,800,2,1,5,16083219,917642601222,311,5,0,1
1,1,2,800,2,1,3,16083219,917642601222,311,5,0,1
6,1,2,800,2,1,1,16083218,917642601148,311,5,0,1
5,1,2,800,2,1,5,16219341,925315156266,313,5,0,1
1,1,2,800,2,1,3,16219341,925315156266,313,5,0,1
6,1,2,800,2,1,1,16219340,925315156192,313,5,0,1
5,1,2,800,2,1,5,16334101,931866500402,315,5,0,1
1,1,2,800,2,1,3,16334101,931866500402,315,5,0,1
6,1,2,800,2,1,1,16334100,931866500328,315,5,0,1
5,1,2,800,2,1,5,16444950,938194618540,317,5,0,1
1,1,2,800,2,1,3,16444950,938194618540,317,5,0,1
6,1,2,800,2,1,1,16444949,938194618466,317,5,0,1
5,1,2,800,2,1,5,16554567,944453155174,319,5,0,1
1,1,2,800,2,1,3,16554567,944453155174,319,5,0,1
6,1,2,800,2,1,1,16554566,944453155100,319,5,0,1
5,1,2,800,2,1,5,16666946,950867935356,321,5,0,1
1,1,2,800,2,1,3,16666946,950867935356,321,5,0,1
6,1,2,800,2,1,1,16666945,950867935282,321,5,0,1
5,1,2,800,2,1,5,16773297,956939378890,323,5,0,1
1,1,2,800,2,1,3,16773297,956939378890,323,5,0,1
6,1,2,800,2,1,1,16773296,956939378816,323,5,0,1
5,1,2,800,2,1,5,16887032,963433072528,325,5,0,1
1,1,2,800,2,1,3,16887032,963433072528,325,5,0,1
6,1,2,800,2,1,1,16887031,963433072454,325,5,0,1
5,1,2,800,2,1,5,16958050,967486872932,327,5,0,1
1,1,2,800,2,1,3,16958050,967486872932,327,5,0,1
6,1,2,800,2,1,1,16958049,967486872858,327,5,0,1
5,1,2,800,2,1,5,16958050,967486872932,329,5,0,1
1,1,2,800,2,1,3,16958050,967486872932,329,5,0,1
6,1,2,800,2,1,1,16958049,967486872858,329,5,0,1
5,1,2,800,2,1,5,16958050,967486872932,331,5,0,1
1,1,2,800,2,1,3,16958050,967486872932,331,5,0,1
6,1,2,800,2,1,1,16958049,967486872858,331,5,0,1
