switch_id0,eth_dst0,eth_src0,eth_type0,ipv4_src0,ipv4_dst0,in_port0,packet_count0,byte_count0,duration_sec0,idle_timeout_s0,hard_timeout_s0,priority0,switch_id1,eth_dst1,eth_src1,eth_type1,ipv4_src1,ipv4_dst1,in_port1,packet_count1,byte_count1,duration_sec1,idle_timeout_s1,hard_timeout_s1,priority1,switch_id2,eth_dst2,eth_src2,eth_type2,ipv4_src2,ipv4_dst2,in_port2,packet_count2,byte_count2,duration_sec2,idle_timeout_s2,hard_timeout_s2,priority2,switch_id3,eth_dst3,eth_src3,eth_type3,ipv4_src3,ipv4_dst3,in_port3,packet_count3,byte_count3,duration_sec3,idle_timeout_s3,hard_timeout_s3,priority3,switch_id4,eth_dst4,eth_src4,eth_type4,ipv4_src4,ipv4_dst4,in_port4,packet_count4,byte_count4,duration_sec4,idle_timeout_s4,hard_timeout_s4,priority4,switch_id5,eth_dst5,eth_src5,eth_type5,ipv4_src5,ipv4_dst5,in_port5,packet_count5,byte_count5,duration_sec5,idle_timeout_s5,hard_timeout_s5,priority5,switch_id6,eth_dst6,eth_src6,eth_type6,ipv4_src6,ipv4_dst6,in_port6,packet_count6,byte_count6,duration_sec6,idle_timeout_s6,hard_timeout_s6,priority6,switch_id7,eth_dst7,eth_src7,eth_type7,ipv4_src7,ipv4_dst7,in_port7,packet_count7,byte_count7,duration_sec7,idle_timeout_s7,hard_timeout_s7,priority7,switch_id8,eth_dst8,eth_src8,eth_type8,ipv4_src8,ipv4_dst8,in_port8,packet_count8,byte_count8,duration_sec8,idle_timeout_s8,hard_timeout_s8,priority8,switch_id9,eth_dst9,eth_src9,eth_type9,ipv4_src9,ipv4_dst9,in_port9,packet_count9,byte_count9,duration_sec9,idle_timeout_s9,hard_timeout_s9,priority9,switch_id10,eth_dst10,eth_src10,eth_type10,ipv4_src10,ipv4_dst10,in_port10,packet_count10,byte_count10,duration_sec10,idle_timeout_s10,hard_timeout_s10,priority10,switch_id11,eth_dst11,eth_src11,eth_type11,ipv4_src11,ipv4_dst11,in_port11,packet_count11,byte_count11,duration_sec11,idle_timeout_s11,hard_timeout_s11,priority11,switch_id12,eth_dst12,eth_src12,eth_type12,ipv4_src12,ipv4_dst12,in_port12,packet_count12,byte_count12,duration_sec12,idle_timeout_s12,hard_timeout_s12,priority12,switch_id13,eth_dst13,eth_src13,eth_type13,ipv4_src13,ipv4_dst13,in_port13,packet_count13,byte_count13,duration_sec13,idle_timeout_s13,hard_timeout_s13,priority13,switch_id14,eth_dst14,eth_src14,eth_type14,ipv4_src14,ipv4_dst14,in_port14,packet_count14,byte_count14,duration_sec14,idle_timeout_s14,hard_timeout_s14,priority14
2,3,1,800,1,3,2,9922206,522392117220,294,5,0,1,1,3,1,800,1,3,1,9922205,522392117146,294,5,0,1,2,3,1,800,1,3,2,9991452,526347388304,296,5,0,1,1,3,1,800,1,3,1,9991451,526347388230,296,5,0,1,2,3,1,800,1,3,2,10060016,530263157640,298,5,0,1,1,3,1,800,1,3,1,10060015,530263157566,298,5,0,1,2,3,1,800,1,3,2,10130263,534275492958,300,5,0,1,1,3,1,800,1,3,1,10130262,534275492884,300,5,0,1,2,3,1,800,1,3,2,10189802,537675579108,302,5,0,1,1,3,1,800,1,3,1,10189801,537675579034,302,5,0,1,2,3,1,800,1,3,2,10257291,541531981350,304,5,0,1,1,3,1,800,1,3,1,10257290,541531981276,304,5,0,1,2,3,1,800,1,3,2,10325018,545400569540,306,5,0,1,1,3,1,800,1,3,1,10325017,545400569466,306,5,0,1,2,3,1,800,1,3,2,10391761,549212143170,308,5,0,1
1,1,2,800,2,1,3,22646,1288103220,1,5,0,1,6,1,2,800,2,1,1,22645,1288103146,1,5,0,1,5,1,2,800,2,1,5,134656,7682654600,3,5,0,1,1,1,2,800,2,1,3,134656,7682654600,3,5,0,1,6,1,2,800,2,1,1,134655,7682654526,3,5,0,1,5,1,2,800,2,1,5,247156,14104568464,5,5,0,1,1,1,2,800,2,1,3,247156,14104568464,5,5,0,1,6,1,2,800,2,1,1,247155,14104568390,5,5,0,1,5,1,2,800,2,1,5,357786,20419471532,7,5,0,1,1,1,2,800,2,1,3,357786,20419471532,7,5,0,1,6,1,2,800,2,1,1,357785,20419471458,7,5,0,1,5,1,2,800,2,1,5,458359,26161655638,9,5,0,1,1,1,2,800,2,1,3,458359,26161655638,9,5,0,1,6,1,2,800,2,1,1,458358,26161655564,9,5,0,1,5,1,2,800,2,1,5,531324,30329201992,11,5,0,1
5,2,1,800,1,2,2,73197,4171790778,2,5,0,1,1,2,1,800,1,2,1,73196,4171790704,2,5,0,1,6,2,1,800,1,2,3,73197,4171790778,2,5,0,1,5,2,1,800,1,2,2,167161,9537341986,4,5,0,1,1,2,1,800,1,2,1,167160,9537341912,4,5,0,1,6,2,1,800,1,2,3,167161,9537341986,4,5,0,1,5,2,1,800,1,2,2,265959,15178698182,6,5,0,1,1,2,1,800,1,2,1,265958,15178698108,6,5,0,1,6,2,1,800,1,2,3,265959,15178698182,6,5,0,1,5,2,1,800,1,2,2,360408,20571579744,8,5,0,1,1,2,1,800,1,2,1,360407,20571579670,8,5,0,1,6,2,1,800,1,2,3,360408,20571579744,8,5,0,1,5,2,1,800,1,2,2,460383,26279287134,10,5,0,1,1,2,1,800,1,2,1,460382,26279287060,10,5,0,1,6,2,1,800,1,2,3,460383,26279287134,10,5,0,1
2,2,3,800,3,2,1,31591,1805482390,1,5,0,1,6,2,3,800,3,2,3,31592,1805482464,1,5,0,1,5,2,3,800,3,2,3,130586,7457815460,3,5,0,1,2,2,3,800,3,2,1,130585,7457815386,3,5,0,1,6,2,3,800,3,2,3,130586,7457815460,3,5,0,1,5,2,3,800,3,2,3,229024,13077843384,5,5,0,1,2,2,3,800,3,2,1,229023,13077843310,5,5,0,1,6,2,3,800,3,2,3,229024,13077843384,5,5,0,1,5,2,3,800,3,2,3,325700,18597350472,7,5,0,1,2,2,3,800,3,2,1,325699,18597350398,7,5,0,1,6,2,3,800,3,2,3,325700,18597350472,7,5,0,1,5,2,3,800,3,2,3,423966,24207534988,9,5,0,1,2,2,3,800,3,2,1,423965,24207534914,9,5,0,1,6,2,3,800,3,2,3,423966,24207534988,9,5,0,1,5,2,3,800,3,2,3,515492,29433665472,11,5,0,1
6,4,2,800,2,4,1,35396,2011857200,1,5,0,1,4,4,2,800,2,4,4,148608,8474388664,3,5,0,1,6,4,2,800,2,4,1,148607,8474388590,3,5,0,1,4,4,2,800,2,4,4,261892,14942295744,5,5,0,1,6,4,2,800,2,4,1,261891,14942295670,5,5,0,1,4,4,2,800,2,4,4,377453,21539162610,7,5,0,1,6,4,2,800,2,4,1,377452,21539162536,7,5,0,1,4,4,2,800,2,4,4,492163,28087302086,9,5,0,1,6,4,2,800,2,4,1,492162,28087302012,9,5,0,1,4,4,2,800,2,4,4,592015,33789235422,11,5,0,1,6,4,2,800,2,4,1,592014,33789235348,11,5,0,1,4,4,2,800,2,4,4,687266,39228782796,13,5,0,1,6,4,2,800,2,4,1,687265,39228782722,13,5,0,1,4,4,2,800,2,4,4,776778,44341515812,15,5,0,1,6,4,2,800,2,4,1,776777,44341515738,15,5,0,1
2,2,3,800,3,2,1,62659,3576177214,1,5,0,1,3,2,3,800,3,2,2,62660,3576177288,1,5,0,1,6,2,3,800,3,2,2,62660,3576177288,1,5,0,1,4,2,3,800,3,2,2,171822,9807729852,3,5,0,1,2,2,3,800,3,2,1,171821,9807729778,3,5,0,1,3,2,3,800,3,2,2,171822,9807729852,3,5,0,1,6,2,3,800,3,2,2,171822,9807729852,3,5,0,1,4,2,3,800,3,2,2,282331,16116129062,5,5,0,1,2,2,3,800,3,2,1,282330,16116128988,5,5,0,1,3,2,3,800,3,2,2,282331,16116129062,5,5,0,1,6,2,3,800,3,2,2,282331,16116129062,5,5,0,1,4,2,3,800,3,2,2,376646,21499695148,7,5,0,1,2,2,3,800,3,2,1,376645,21499695074,7,5,0,1,3,2,3,800,3,2,2,376646,21499695148,7,5,0,1,6,2,3,800,3,2,2,376646,21499695148,7,5,0,1
1,1,2,800,2,1,3,15153,864508786,0,5,0,1,6,1,2,800,2,1,1,15152,864508712,0,5,0,1,5,1,2,800,2,1,5,128453,7332485378,2,5,0,1,1,1,2,800,2,1,3,128453,7332485378,2,5,0,1,6,1,2,800,2,1,1,128452,7332485304,2,5,0,1,5,1,2,800,2,1,5,243646,13907955476,4,5,0,1,1,1,2,800,2,1,3,243646,13907955476,4,5,0,1,6,1,2,800,2,1,1,243645,13907955402,4,5,0,1,5,1,2,800,2,1,5,360132,20558038840,6,5,0,1,1,1,2,800,2,1,3,360132,20558038840,6,5,0,1,6,1,2,800,2,1,1,360131,20558038766,6,5,0,1,5,1,2,800,2,1,5,478236,27299743856,8,5,0,1,1,1,2,800,2,1,3,478236,27299743856,8,5,0,1,6,1,2,800,2,1,1,478235,27299743782,8,5,0,1,5,1,2,800,2,1,5,590818,33727096484,10,5,0,1
6,2,3,800,3,2,2,3012916,171997544328,57,5,0,1,4,2,3,800,3,2,2,3012916,171997544328,59,5,0,1,2,2,3,800,3,2,1,3012915,171997544254,59,5,0,1,3,2,3,800,3,2,2,3012916,171997544328,59,5,0,1,6,2,3,800,3,2,2,3012916,171997544328,59,5,0,1,,,,,,,,,,,,,,,,,,,,,,,,,,,,,,,,,,,,,,,,,,,,,,,,,,,,,,,,,,,,,,,,,,,,,,,,,,,,,,,,,,,,,,,,,,,,,,,,,,,,,,,,,,,,,,,,,,,,,,,,,,,,,,,,,,
6,2,3,800,3,2,3,2825719,152834520798,61,5,0,1,5,2,3,800,3,2,2,2895227,156085625182,63,5,0,1,2,2,3,800,3,2,1,2895226,156085625108,63,5,0,1,1,2,3,800,3,2,2,2895227,156085625182,63,5,0,1,6,2,3,800,3,2,3,2895227,156085625182,63,5,0,1,5,2,3,800,3,2,2,2970087,160362673806,65,5,0,1,2,2,3,800,3,2,1,2970086,160362673732,65,5,0,1,1,2,3,800,3,2,2,2970087,160362673806,65,5,0,1,6,2,3,800,3,2,3,2970087,160362673806,65,5,0,1,5,2,3,800,3,2,2,3009071,162484760390,67,5,0,1,2,2,3,800,3,2,1,3009070,162484760316,67,5,0,1,1,2,3,800,3,2,2,3009071,162484760390,67,5,0,1,6,2,3,800,3,2,3,3009071,162484760390,67,5,0,1,5,2,3,800,3,2,2,3096785,167506460690,69,5,0,1,2,2,3,800,3,2,1,3096784,167506460616,69,5,0,1
6,4,2,800,2,4,1,13414,765360660,0,5,0,1,4,4,2,800,2,4,4,79872,4561675544,2,5,0,1,6,4,2,800,2,4,1,79871,4561675470,2,5,0,1,4,4,2,800,2,4,4,147761,8439071138,4,5,0,1,6,4,2,800,2,4,1,147760,8439071064,4,5,0,1,4,4,2,800,2,4,4,215599,12313665518,6,5,0,1,6,4,2,800,2,4,1,215598,12313665444,6,5,0,1,4,4,2,800,2,4,4,283235,16176249062,8,5,0,1,6,4,2,800,2,4,1,283234,16176248988,8,5,0,1,4,4,2,800,2,4,4,350581,20022397178,10,5,0,1,6,4,2,800,2,4,1,350580,20022397104,10,5,0,1,4,4,2,800,2,4,4,418145,23882235498,12,5,0,1,6,4,2,800,2,4,1,418144,23882235424,12,5,0,1,4,4,2,800,2,4,4,481113,27478742458,14,5,0,1,6,4,2,800,2,4,1,481112,27478742384,14,5,0,1
2,4,3,800,3,4,1,41008,2341342240,1,5,0,1,3,4,3,800,3,4,2,41009,2341342314,1,5,0,1,4,4,3,800,3,4,2,103947,5936203182,3,5,0,1,2,4,3,800,3,4,1,103946,5936203108,3,5,0,1,3,4,3,800,3,4,2,103947,5936203182,3,5,0,1,4,4,3,800,3,4,2,168641,9631461186,5,5,0,1,2,4,3,800,3,4,1,168640,9631461112,5,5,0,1,3,4,3,800,3,4,2,168641,9631461186,5,5,0,1,4,4,3,800,3,4,2,232679,13288297198,7,5,0,1,2,4,3,800,3,4,1,232678,13288297124,7,5,0,1,3,4,3,800,3,4,2,232679,13288297198,7,5,0,1,4,4,3,800,3,4,2,297573,16994587682,9,5,0,1,2,4,3,800,3,4,1,297572,16994587608,9,5,0,1,3,4,3,800,3,4,2,297573,16994587682,9,5,0,1,4,4,3,800,3,4,2,363581,20764475450,11,5,0,1
1,2,1,800,1,2,1,28654,1631281172,0,5,0,1,6,2,1,800,1,2,3,28655,1631281246,0,5,0,1,5,2,1,800,1,2,2,138433,7898479738,2,5,0,1,1,2,1,800,1,2,1,138432,7898479664,2,5,0,1,6,2,1,800,1,2,3,138433,7898479738,2,5,0,1,5,2,1,800,1,2,2,250238,14281423956,4,5,0,1,1,2,1,800,1,2,1,250237,14281423882,4,5,0,1,6,2,1,800,1,2,3,250238,14281423956,4,5,0,1,5,2,1,800,1,2,2,360816,20594173312,6,5,0,1,1,2,1,800,1,2,1,360815,20594173238,6,5,0,1,6,2,1,800,1,2,3,360816,20594173312,6,5,0,1,5,2,1,800,1,2,2,475261,27127452354,8,5,0,1,1,2,1,800,1,2,1,475260,27127452280,8,5,0,1,6,2,1,800,1,2,3,475261,27127452354,8,5,0,1,5,2,1,800,1,2,2,588993,33620141426,10,5,0,1
5,1,2,800,2,1,5,15075713,859988456290,292,5,0,1,1,1,2,800,2,1,3,15075713,859988456290,292,5,0,1,,,,,,,,,,,,,,,,,,,,,,,,,,,,,,,,,,,,,,,,,,,,,,,,,,,,,,,,,,,,,,,,,,,,,,,,,,,,,,,,,,,,,,,,,,,,,,,,,,,,,,,,,,,,,,,,,,,,,,,,,,,,,,,,,,,,,,,,,,,,,,,,,,,,,,,,,,,,,,,,,,,,,,,,,
6,4,2,800,2,4,1,14681,684050322,0,5,0,1,4,4,2,800,2,4,4,70714,3584635940,2,5,0,1,6,4,2,800,2,4,1,70713,3584635866,2,5,0,1,4,4,2,800,2,4,4,115521,5759823994,4,5,0,1,6,4,2,800,2,4,1,115520,5759823920,4,5,0,1,4,4,2,800,2,4,4,132041,6693911026,6,5,0,1,6,4,2,800,2,4,1,132040,6693910952,6,5,0,1,4,4,2,800,2,4,4,173870,8589219596,8,5,0,1,6,4,2,800,2,4,1,173869,8589219522,8,5,0,1,4,4,2,800,2,4,4,217130,10918140492,10,5,0,1,6,4,2,800,2,4,1,217129,10918140418,10,5,0,1,4,4,2,800,2,4,4,245013,12429481170,13,5,0,1,6,4,2,800,2,4,1,245012,12429481096,13,5,0,1,4,4,2,800,2,4,4,280177,14426085354,15,5,0,1,6,4,2,800,2,4,1,280176,14426085280,15,5,0,1
2,2,3,800,3,2,1,1,66,0,5,0,1,2,2,3,800,3,2,1,3777978,214997711372,88,5,0,1,6,2,3,800,3,2,3,3777979,214997711446,88,5,0,1,,,,,,,,,,,,,,,,,,,,,,,,,,,,,,,,,,,,,,,,,,,,,,,,,,,,,,,,,,,,,,,,,,,,,,,,,,,,,,,,,,,,,,,,,,,,,,,,,,,,,,,,,,,,,,,,,,,,,,,,,,,,,,,,,,,,,,,,,,,,,,,,,,,,,,,,,,,,
2,4,3,800,3,4,1,27335,1559175174,1,5,0,1,3,4,3,800,3,4,2,27336,1559175248,1,5,0,1,4,4,3,800,3,4,2,91649,5232464186,3,5,0,1,2,4,3,800,3,4,1,91648,5232464112,3,5,0,1,3,4,3,800,3,4,2,91649,5232464186,3,5,0,1,4,4,3,800,3,4,2,151842,8671070684,5,5,0,1,2,4,3,800,3,4,1,151841,8671070610,5,5,0,1,3,4,3,800,3,4,2,151842,8671070684,5,5,0,1,4,4,3,800,3,4,2,215968,12333953560,7,5,0,1,2,4,3,800,3,4,1,215967,12333953486,7,5,0,1,3,4,3,800,3,4,2,215968,12333953560,7,5,0,1,4,4,3,800,3,4,2,281533,16078661778,9,5,0,1,2,4,3,800,3,4,1,281532,16078661704,9,5,0,1,3,4,3,800,3,4,2,281533,16078661778,9,5,0,1,4,4,3,800,3,4,2,346537,19792510842,11,5,0,1
1,3,1,800,1,3,1,42704,2439593112,2,5,0,1,2,3,1,800,1,3,2,110028,6284530304,4,5,0,1,1,3,1,800,1,3,1,110027,6284530230,4,5,0,1,2,3,1,800,1,3,2,178307,10183956166,6,5,0,1,1,3,1,800,1,3,1,178306,10183956092,6,5,0,1,2,3,1,800,1,3,2,246322,14067833764,8,5,0,1,1,3,1,800,1,3,1,246321,14067833690,8,5,0,1,2,3,1,800,1,3,2,313466,17903561116,10,5,0,1,1,3,1,800,1,3,1,313465,17903561042,10,5,0,1,2,3,1,800,1,3,2,379633,21682165322,12,5,0,1,1,3,1,800,1,3,1,379632,21682165248,12,5,0,1,2,3,1,800,1,3,2,448490,25614424364,14,5,0,1,1,3,1,800,1,3,1,448489,25614424290,14,5,0,1,2,3,1,800,1,3,2,517018,29527953532,16,5,0,1,1,3,1,800,1,3,1,517017,29527953458,16,5,0,1
1,2,1,800,1,2,1,1,66,0,5,0,1,6,2,1,800,1,2,3,1,74,0,5,0,1,5,2,1,800,1,2,2,65398,3730532820,2,5,0,1,1,2,1,800,1,2,1,65397,3730532746,2,5,0,1,6,2,1,800,1,2,3,65398,3730532820,2,5,0,1,5,2,1,800,1,2,2,147478,8418548972,4,5,0,1,1,2,1,800,1,2,1,147477,8418548898,4,5,0,1,6,2,1,800,1,2,3,147478,8418548972,4,5,0,1,5,2,1,800,1,2,2,240764,13746259424,6,5,0,1,1,2,1,800,1,2,1,240763,13746259350,6,5,0,1,6,2,1,800,1,2,3,240764,13746259424,6,5,0,1,5,2,1,800,1,2,2,307017,17533677930,8,5,0,1,1,2,1,800,1,2,1,307016,17533677856,8,5,0,1,6,2,1,800,1,2,3,307017,17533677930,8,5,0,1,5,2,1,800,1,2,2,448091,25589865182,10,5,0,1
1,2,1,800,1,2,1,1,66,0,5,0,1,1,2,1,800,1,2,1,15064529,859987718138,277,5,0,1,,,,,,,,,,,,,,,,,,,,,,,,,,,,,,,,,,,,,,,,,,,,,,,,,,,,,,,,,,,,,,,,,,,,,,,,,,,,,,,,,,,,,,,,,,,,,,,,,,,,,,,,,,,,,,,,,,,,,,,,,,,,,,,,,,,,,,,,,,,,,,,,,,,,,,,,,,,,,,,,,,,,,,,,,
2,1,3,800,3,1,1,103219,5890365614,2,5,0,1,1,1,3,800,3,1,2,103220,5890365688,2,5,0,1,2,1,3,800,3,1,1,220703,12596900582,4,5,0,1,1,1,3,800,3,1,2,220704,12596900656,4,5,0,1,2,1,3,800,3,1,1,341280,19480122256,6,5,0,1,1,1,3,800,3,1,2,341281,19480122330,6,5,0,1,2,1,3,800,3,1,1,461665,26352311354,8,5,0,1,1,1,3,800,3,1,2,461666,26352311428,8,5,0,1,2,1,3,800,3,1,1,579720,33091843712,10,5,0,1,1,1,3,800,3,1,2,579721,33091843786,10,5,0,1,2,1,3,800,3,1,1,697982,39843323836,12,5,0,1,1,1,3,800,3,1,2,697983,39843323910,12,5,0,1,2,1,3,800,3,1,1,815719,46564824670,14,5,0,1,1,1,3,800,3,1,2,815720,46564824744,14,5,0,1,2,1,3,800,3,1,1,933103,53266931766,16,5,0,1
6,4,2,800,2,4,1,6367,359749558,0,5,0,1,4,4,2,800,2,4,4,74848,4271132592,2,5,0,1,6,4,2,800,2,4,1,74847,4271132518,2,5,0,1,4,4,2,800,2,4,4,143608,8198937520,4,5,0,1,6,4,2,800,2,4,1,143607,8198937446,4,5,0,1,4,4,2,800,2,4,4,210730,12031338924,6,5,0,1,6,4,2,800,2,4,1,210729,12031338850,6,5,0,1,4,4,2,800,2,4,4,278446,15899926500,8,5,0,1,6,4,2,800,2,4,1,278445,15899926426,8,5,0,1,4,4,2,800,2,4,4,345609,19735583594,10,5,0,1,6,4,2,800,2,4,1,345608,19735583520,10,5,0,1,4,4,2,800,2,4,4,412243,23541737606,12,5,0,1,6,4,2,800,2,4,1,412242,23541737532,12,5,0,1,4,4,2,800,2,4,4,480958,27466233236,14,5,0,1,6,4,2,800,2,4,1,480957,27466233162,14,5,0,1
6,2,1,800,1,2,3,5449394,307785243724,136,5,0,1,5,2,1,800,1,2,2,5538802,312891283012,138,5,0,1,1,2,1,800,1,2,1,5538801,312891282938,138,5,0,1,6,2,1,800,1,2,3,5538802,312891283012,138,5,0,1,5,2,1,800,1,2,2,5638668,318593020432,140,5,0,1,1,2,1,800,1,2,1,5638667,318593020358,140,5,0,1,6,2,1,800,1,2,3,5638668,318593020432,140,5,0,1,5,2,1,800,1,2,2,5731210,323877595988,142,5,0,1,1,2,1,800,1,2,1,5731209,323877595914,142,5,0,1,6,2,1,800,1,2,3,5731210,323877595988,142,5,0,1,5,2,1,800,1,2,2,5840278,330104268148,144,5,0,1,1,2,1,800,1,2,1,5840277,330104268074,144,5,0,1,6,2,1,800,1,2,3,5840278,330104268148,144,5,0,1,5,2,1,800,1,2,2,5932199,335353873622,146,5,0,1,1,2,1,800,1,2,1,5932198,335353873548,146,5,0,1
1,3,1,800,1,3,1,33111,1890561966,1,5,0,1,2,3,1,800,1,3,2,104356,5958823648,3,5,0,1,1,3,1,800,1,3,1,104355,5958823574,3,5,0,1,2,3,1,800,1,3,2,173451,9904275830,5,5,0,1,1,3,1,800,1,3,1,173450,9904275756,5,5,0,1,2,3,1,800,1,3,2,243001,13876455234,7,5,0,1,1,3,1,800,1,3,1,243000,13876455160,7,5,0,1,2,3,1,800,1,3,2,312467,17844914238,9,5,0,1,1,3,1,800,1,3,1,312466,17844914164,9,5,0,1,2,3,1,800,1,3,2,381858,21808424196,11,5,0,1,1,3,1,800,1,3,1,381857,21808424122,11,5,0,1,2,3,1,800,1,3,2,451429,25781194722,13,5,0,1,1,3,1,800,1,3,1,451428,25781194648,13,5,0,1,2,3,1,800,1,3,2,522582,29844578660,15,5,0,1,1,3,1,800,1,3,1,522581,29844578586,15,5,0,1
1,3,1,800,1,3,1,9410655,537492015254,278,5,0,1,,,,,,,,,,,,,,,,,,,,,,,,,,,,,,,,,,,,,,,,,,,,,,,,,,,,,,,,,,,,,,,,,,,,,,,,,,,,,,,,,,,,,,,,,,,,,,,,,,,,,,,,,,,,,,,,,,,,,,,,,,,,,,,,,,,,,,,,,,,,,,,,,,,,,,,,,,,,,,,,,,,,,,,,,,,,,,,,,,,,,,
1,1,3,800,3,1,2,86692,4949223720,1,5,0,1,2,1,3,800,3,1,1,204332,11665079632,3,5,0,1,1,1,3,800,3,1,2,204333,11665079706,3,5,0,1,2,1,3,800,3,1,1,323613,18474825930,5,5,0,1,1,1,3,800,3,1,2,323614,18474826004,5,5,0,1,2,1,3,800,3,1,1,376604,21499692368,7,5,0,1,1,1,3,800,3,1,2,376605,21499692442,7,5,0,1,2,1,3,800,3,1,1,376604,21499692368,9,5,0,1,1,1,3,800,3,1,2,376605,21499692442,9,5,0,1,,,,,,,,,,,,,,,,,,,,,,,,,,,,,,,,,,,,,,,,,,,,,,,,,,,,,,,,,,,,,,,,,,,,,,,,,,,,,,
1,1,2,800,2,1,3,34385,1962921130,1,5,0,1,6,1,2,800,2,1,1,34384,1962921056,1,5,0,1,5,1,2,800,2,1,5,104579,5970900350,3,5,0,1,1,1,2,800,2,1,3,104579,5970900350,3,5,0,1,6,1,2,800,2,1,1,104578,5970900276,3,5,0,1,5,1,2,800,2,1,5,217370,12410354764,5,5,0,1,1,1,2,800,2,1,3,217370,12410354764,5,5,0,1,6,1,2,800,2,1,1,217369,12410354690,5,5,0,1,5,1,2,800,2,1,5,331520,18926550200,7,5,0,1,1,1,2,800,2,1,3,331520,18926550200,7,5,0,1,6,1,2,800,2,1,1,331519,18926550126,7,5,0,1,5,1,2,800,2,1,5,445015,25405475462,9,5,0,1,1,1,2,800,2,1,3,445015,25405475462,9,5,0,1,6,1,2,800,2,1,1,445014,25405475388,9,5,0,1,5,1,2,800,2,1,5,559320,31930563880,11,5,0,1
1,1,2,800,2,1,3,7094,407016956,1,5,0,1,6,1,2,800,2,1,1,7093,407016882,1,5,0,1,5,1,2,800,2,1,5,94449,5397489266,3,5,0,1,1,1,2,800,2,1,3,94449,5397489266,3,5,0,1,6,1,2,800,2,1,1,94448,5397489192,3,5,0,1,5,1,2,800,2,1,5,192372,10990038712,5,5,0,1,1,1,2,800,2,1,3,192372,10990038712,5,5,0,1,6,1,2,800,2,1,1,192371,10990038638,5,5,0,1,5,1,2,800,2,1,5,307213,17545757210,7,5,0,1,1,1,2,800,2,1,3,307213,17545757210,7,5,0,1,6,1,2,800,2,1,1,307212,17545757136,7,5,0,1,5,1,2,800,2,1,5,420639,24020826150,9,5,0,1,1,1,2,800,2,1,3,420639,24020826150,9,5,0,1,6,1,2,800,2,1,1,420638,24020826076,9,5,0,1,5,1,2,800,2,1,5,534508,30521784328,11,5,0,1
6,2,1,800,1,2,3,2363332,134311731520,51,5,0,1,5,2,1,800,1,2,2,2466954,140227409692,53,5,0,1,1,2,1,800,1,2,1,2466953,140227409618,53,5,0,1,6,2,1,800,1,2,3,2466954,140227409692,53,5,0,1,5,2,1,800,1,2,2,2539884,144393789952,55,5,0,1,1,2,1,800,1,2,1,2539883,144393789878,55,5,0,1,6,2,1,800,1,2,3,2539884,144393789952,55,5,0,1,5,2,1,800,1,2,2,2620373,148992789642,57,5,0,1,1,2,1,800,1,2,1,2620372,148992789568,57,5,0,1,6,2,1,800,1,2,3,2620373,148992789642,57,5,0,1,5,2,1,800,1,2,2,2697448,153395971624,59,5,0,1,1,2,1,800,1,2,1,2697447,153395971550,59,5,0,1,6,2,1,800,1,2,3,2697448,153395971624,59,5,0,1,5,2,1,800,1,2,2,2795763,159008875230,61,5,0,1,1,2,1,800,1,2,1,2795762,159008875156,61,5,0,1
6,4,2,800,2,4,1,34300,1958624488,1,5,0,1,4,4,2,800,2,4,4,87720,4903169888,4,5,0,1,6,4,2,800,2,4,1,87719,4903169814,4,5,0,1,4,4,2,800,2,4,4,133430,7428791580,6,5,0,1,6,4,2,800,2,4,1,133429,7428791506,6,5,0,1,4,4,2,800,2,4,4,167550,9377206484,8,5,0,1,6,4,2,800,2,4,1,167549,9377206410,8,5,0,1,4,4,2,800,2,4,4,195236,10844940880,10,5,0,1,6,4,2,800,2,4,1,195235,10844940806,10,5,0,1,4,4,2,800,2,4,4,234613,12702401746,12,5,0,1,6,4,2,800,2,4,1,234612,12702401672,12,5,0,1,4,4,2,800,2,4,4,273263,14494874294,14,5,0,1,6,4,2,800,2,4,1,273262,14494874220,14,5,0,1,4,4,2,800,2,4,4,323217,17099751058,16,5,0,1,6,4,2,800,2,4,1,323216,17099750984,16,5,0,1
2,4,3,800,3,4,1,39248,2239848664,1,5,0,1,3,4,3,800,3,4,2,39249,2239848738,1,5,0,1,4,4,3,800,3,4,2,105187,6005322726,3,5,0,1,2,4,3,800,3,4,1,105186,6005322652,3,5,0,1,3,4,3,800,3,4,2,105187,6005322726,3,5,0,1,4,4,3,800,3,4,2,171940,9818512328,5,5,0,1,2,4,3,800,3,4,1,171939,9818512254,5,5,0,1,3,4,3,800,3,4,2,171940,9818512328,5,5,0,1,4,4,3,800,3,4,2,237081,13539065082,7,5,0,1,2,4,3,800,3,4,1,237080,13539065008,7,5,0,1,3,4,3,800,3,4,2,237081,13539065082,7,5,0,1,4,4,3,800,3,4,2,301846,17238189044,9,5,0,1,2,4,3,800,3,4,1,301845,17238188970,9,5,0,1,3,4,3,800,3,4,2,301846,17238189044,9,5,0,1,4,4,3,800,3,4,2,365561,20878044762,11,5,0,1
6,2,3,800,3,2,3,1,74,0,5,0,1,6,2,3,800,3,2,3,5706682,322499188244,143,5,0,1,,,,,,,,,,,,,,,,,,,,,,,,,,,,,,,,,,,,,,,,,,,,,,,,,,,,,,,,,,,,,,,,,,,,,,,,,,,,,,,,,,,,,,,,,,,,,,,,,,,,,,,,,,,,,,,,,,,,,,,,,,,,,,,,,,,,,,,,,,,,,,,,,,,,,,,,,,,,,,,,,,,,,,,,,
1,2,1,800,1,2,1,61172,3489539120,2,5,0,1,6,2,1,800,1,2,3,61173,3489539194,2,5,0,1,5,2,1,800,1,2,2,174633,9966254490,4,5,0,1,1,2,1,800,1,2,1,174632,9966254416,4,5,0,1,6,2,1,800,1,2,3,174633,9966254490,4,5,0,1,5,2,1,800,1,2,2,290088,16557156152,6,5,0,1,1,2,1,800,1,2,1,290087,16557156078,6,5,0,1,6,2,1,800,1,2,3,290088,16557156152,6,5,0,1,5,2,1,800,1,2,2,402943,22999366894,8,5,0,1,1,2,1,800,1,2,1,402942,22999366820,8,5,0,1,6,2,1,800,1,2,3,402943,22999366894,8,5,0,1,5,2,1,800,1,2,2,515450,29421729740,10,5,0,1,1,2,1,800,1,2,1,515449,29421729666,10,5,0,1,6,2,1,800,1,2,3,515450,29421729740,10,5,0,1,5,2,1,800,1,2,2,625614,35710439956,12,5,0,1
1,1,3,800,3,1,2,1,74,0,5,0,1,2,1,3,800,3,1,1,102450,5849518812,2,5,0,1,1,1,3,800,3,1,2,102451,5849518886,2,5,0,1,2,1,3,800,3,1,1,222979,12730032542,4,5,0,1,1,1,3,800,3,1,2,222980,12730032616,4,5,0,1,2,1,3,800,3,1,1,342833,19572072194,6,5,0,1,1,1,3,800,3,1,2,342834,19572072268,6,5,0,1,2,1,3,800,3,1,1,464485,26516611130,8,5,0,1,1,1,3,800,3,1,2,464486,26516611204,8,5,0,1,2,1,3,800,3,1,1,582803,33271003982,10,5,0,1,1,1,3,800,3,1,2,582804,33271004056,10,5,0,1,2,1,3,800,3,1,1,652755,37267713374,12,5,0,1,1,1,3,800,3,1,2,652756,37267713448,12,5,0,1,2,1,3,800,3,1,1,771191,44028606846,14,5,0,1,1,1,3,800,3,1,2,771192,44028606920,14,5,0,1
1,1,2,800,2,1,3,1,74,0,5,0,1,6,1,2,800,2,1,1,1,66,0,5,0,1,5,1,2,800,2,1,5,66686,3800373956,2,5,0,1,1,1,2,800,2,1,3,66686,3800373956,2,5,0,1,6,1,2,800,2,1,1,66685,3800373882,2,5,0,1,5,1,2,800,2,1,5,221589,12647912642,4,5,0,1,1,1,2,800,2,1,3,174863,9976585870,4,5,0,1,6,1,2,800,2,1,1,221588,12647912568,4,5,0,1,5,1,2,800,2,1,5,319469,18235518906,6,5,0,1,1,1,2,800,2,1,3,319469,18235518906,6,5,0,1,6,1,2,800,2,1,1,319468,18235518832,6,5,0,1,5,1,2,800,2,1,5,421840,23997626720,8,5,0,1,1,1,2,800,2,1,3,421840,23997626720,8,5,0,1,6,1,2,800,2,1,1,421839,23997626646,8,5,0,1,5,1,2,800,2,1,5,538129,30635560034,10,5,0,1
1,3,1,800,1,3,1,46386,2647772908,1,5,0,1,2,3,1,800,1,3,2,114507,6538309630,3,5,0,1,1,3,1,800,1,3,1,114506,6538309556,3,5,0,1,2,3,1,800,1,3,2,183190,10461210660,5,5,0,1,1,3,1,800,1,3,1,183189,10461210586,5,5,0,1,2,3,1,800,1,3,2,249074,14223947260,7,5,0,1,1,3,1,800,1,3,1,249073,14223947186,7,5,0,1,2,3,1,800,1,3,2,315444,18014685504,9,5,0,1,1,3,1,800,1,3,1,315443,18014685430,9,5,0,1,2,3,1,800,1,3,2,376869,21522873490,11,5,0,1,1,3,1,800,1,3,1,376868,21522873416,11,5,0,1,2,3,1,800,1,3,2,443599,25335942926,13,5,0,1,1,3,1,800,1,3,1,443598,25335942852,13,5,0,1,2,3,1,800,1,3,2,509992,29127798192,15,5,0,1,1,3,1,800,1,3,1,509991,29127798118,15,5,0,1
1,2,1,800,1,2,1,1949500,107502849424,55,5,0,1,6,2,1,800,1,2,3,1949501,107502849498,55,5,0,1,,,,,,,,,,,,,,,,,,,,,,,,,,,,,,,,,,,,,,,,,,,,,,,,,,,,,,,,,,,,,,,,,,,,,,,,,,,,,,,,,,,,,,,,,,,,,,,,,,,,,,,,,,,,,,,,,,,,,,,,,,,,,,,,,,,,,,,,,,,,,,,,,,,,,,,,,,,,,,,,,,,,,,,,,
1,2,1,800,1,2,1,1,66,0,5,0,1,1,2,1,800,1,2,1,7618154,429999527788,190,5,0,1,6,2,1,800,1,2,3,7618155,429999527862,190,5,0,1,,,,,,,,,,,,,,,,,,,,,,,,,,,,,,,,,,,,,,,,,,,,,,,,,,,,,,,,,,,,,,,,,,,,,,,,,,,,,,,,,,,,,,,,,,,,,,,,,,,,,,,,,,,,,,,,,,,,,,,,,,,,,,,,,,,,,,,,,,,,,,,,,,,,,,,,,,,,
1,1,2,800,2,1,3,97116,5543044824,2,5,0,1,6,1,2,800,2,1,1,97115,5543044750,2,5,0,1,5,1,2,800,2,1,5,206593,11792720842,4,5,0,1,1,1,2,800,2,1,3,206593,11792720842,4,5,0,1,6,1,2,800,2,1,1,206592,11792720768,4,5,0,1,5,1,2,800,2,1,5,318026,18153745028,6,5,0,1,1,1,2,800,2,1,3,318026,18153745028,6,5,0,1,6,1,2,800,2,1,1,318025,18153744954,6,5,0,1,5,1,2,800,2,1,5,429608,24523490808,8,5,0,1,1,1,2,800,2,1,3,429608,24523490808,8,5,0,1,6,1,2,800,2,1,1,429607,24523490734,8,5,0,1,5,1,2,800,2,1,5,541785,30927379234,10,5,0,1,1,1,2,800,2,1,3,541785,30927379234,10,5,0,1,6,1,2,800,2,1,1,541784,30927379160,10,5,0,1,5,1,2,800,2,1,5,656672,37486357232,12,5,0,1
2,1,3,800,3,1,1,63042,3600592396,2,5,0,1,1,1,3,800,3,1,2,63043,3600592470,2,5,0,1,2,1,3,800,3,1,1,177936,10159687600,4,5,0,1,1,1,3,800,3,1,2,177937,10159687674,4,5,0,1,2,1,3,800,3,1,1,294322,16803704484,6,5,0,1,1,1,3,800,3,1,2,294323,16803704558,6,5,0,1,2,1,3,800,3,1,1,403440,23033046488,8,5,0,1,1,1,3,800,3,1,2,403441,23033046562,8,5,0,1,2,1,3,800,3,1,1,518197,29584374578,10,5,0,1,1,1,3,800,3,1,2,518198,29584374652,10,5,0,1,2,1,3,800,3,1,1,636616,36344728360,12,5,0,1,1,1,3,800,3,1,2,636617,36344728434,12,5,0,1,2,1,3,800,3,1,1,720305,41130542602,14,5,0,1,1,1,3,800,3,1,2,720306,41130542676,14,5,0,1,2,1,3,800,3,1,1,804319,45929728358,16,5,0,1
1,3,1,800,1,3,1,264,10633528,0,5,0,1,2,3,1,800,1,3,2,46804,2678235640,2,5,0,1,1,3,1,800,1,3,1,46803,2678235566,2,5,0,1,2,3,1,800,1,3,2,100117,5724595554,4,5,0,1,1,3,1,800,1,3,1,100116,5724595480,4,5,0,1,2,3,1,800,1,3,2,168539,9633156398,6,5,0,1,1,3,1,800,1,3,1,168538,9633156324,6,5,0,1,2,3,1,800,1,3,2,237274,13558777476,8,5,0,1,1,3,1,800,1,3,1,237273,13558777402,8,5,0,1,2,3,1,800,1,3,2,305830,17473431660,10,5,0,1,1,3,1,800,1,3,1,305829,17473431586,10,5,0,1,2,3,1,800,1,3,2,375696,21464441840,12,5,0,1,1,3,1,800,1,3,1,375695,21464441766,12,5,0,1,2,3,1,800,1,3,2,446834,25527656196,14,5,0,1,1,3,1,800,1,3,1,446833,25527656122,14,5,0,1
2,2,3,800,3,2,1,111754,6380498676,2,5,0,1,1,2,3,800,3,2,2,111755,6380498750,2,5,0,1,6,2,3,800,3,2,3,111755,6380498750,2,5,0,1,5,2,3,800,3,2,2,206275,11777234182,4,5,0,1,2,2,3,800,3,2,1,206274,11777234108,4,5,0,1,1,2,3,800,3,2,2,206275,11777234182,4,5,0,1,6,2,3,800,3,2,3,206275,11777234182,4,5,0,1,5,2,3,800,3,2,2,302054,17245786316,6,5,0,1,2,2,3,800,3,2,1,302053,17245786242,6,5,0,1,1,2,3,800,3,2,2,302054,17245786316,6,5,0,1,6,2,3,800,3,2,3,302054,17245786316,6,5,0,1,5,2,3,800,3,2,2,395140,22559801728,8,5,0,1,2,2,3,800,3,2,1,395139,22559801654,8,5,0,1,1,2,3,800,3,2,2,395140,22559801728,8,5,0,1,6,2,3,800,3,2,3,395140,22559801728,8,5,0,1
1,3,1,800,1,3,1,20786,1185852580,0,5,0,1,2,3,1,800,1,3,2,88250,5039656828,2,5,0,1,1,3,1,800,1,3,1,88249,5039656754,2,5,0,1,2,3,1,800,1,3,2,154938,8848424836,4,5,0,1,1,3,1,800,1,3,1,154937,8848424762,4,5,0,1,2,3,1,800,1,3,2,222432,12703904632,6,5,0,1,1,3,1,800,1,3,1,222431,12703904558,6,5,0,1,2,3,1,800,1,3,2,290971,16618028206,8,5,0,1,1,3,1,800,1,3,1,290970,16618028132,8,5,0,1,2,3,1,800,1,3,2,359240,20516809544,10,5,0,1,1,3,1,800,1,3,1,359239,20516809470,10,5,0,1,2,3,1,800,1,3,2,376456,21499682608,12,5,0,1,1,3,1,800,1,3,1,376455,21499682534,12,5,0,1,2,3,1,800,1,3,2,376456,21499682608,14,5,0,1,1,3,1,800,1,3,1,376455,21499682534,14,5,0,1
2,2,3,800,3,2,1,1,66,0,5,0,1,2,2,3,800,3,2,1,11592064,645010170660,266,5,0,1,3,2,3,800,3,2,2,11592065,645010170734,266,5,0,1,,,,,,,,,,,,,,,,,,,,,,,,,,,,,,,,,,,,,,,,,,,,,,,,,,,,,,,,,,,,,,,,,,,,,,,,,,,,,,,,,,,,,,,,,,,,,,,,,,,,,,,,,,,,,,,,,,,,,,,,,,,,,,,,,,,,,,,,,,,,,,,,,,,,,,,,,,,,
1,1,3,800,3,1,2,51677,2950433570,1,5,0,1,2,1,3,800,3,1,1,164969,9417905178,3,5,0,1,1,1,3,800,3,1,2,164970,9417905252,3,5,0,1,2,1,3,800,3,1,1,279980,15984011992,5,5,0,1,1,1,3,800,3,1,2,279981,15984012066,5,5,0,1,2,1,3,800,3,1,1,394770,22536487404,7,5,0,1,1,1,3,800,3,1,2,394771,22536487478,7,5,0,1,2,1,3,800,3,1,1,510504,29143238064,9,5,0,1,1,1,3,800,3,1,2,510505,29143238138,9,5,0,1,2,1,3,800,3,1,1,627906,35844836884,11,5,0,1,1,1,3,800,3,1,2,627907,35844836958,11,5,0,1,2,1,3,800,3,1,1,742455,42384088862,13,5,0,1,1,1,3,800,3,1,2,742456,42384088936,13,5,0,1,2,1,3,800,3,1,1,856724,48906928968,15,5,0,1,1,1,3,800,3,1,2,856725,48906929042,15,5,0,1
1,1,3,800,3,1,2,19282598,1100784279276,336,5,0,1,,,,,,,,,,,,,,,,,,,,,,,,,,,,,,,,,,,,,,,,,,,,,,,,,,,,,,,,,,,,,,,,,,,,,,,,,,,,,,,,,,,,,,,,,,,,,,,,,,,,,,,,,,,,,,,,,,,,,,,,,,,,,,,,,,,,,,,,,,,,,,,,,,,,,,,,,,,,,,,,,,,,,,,,,,,,,,,,,,,,,,
6,4,2,800,2,4,1,34065,1946229226,1,5,0,1,4,4,2,800,2,4,4,94983,5425955174,3,5,0,1,6,4,2,800,2,4,1,94982,5425955100,3,5,0,1,4,4,2,800,2,4,4,154249,8811339138,5,5,0,1,6,4,2,800,2,4,1,154248,8811339064,5,5,0,1,4,4,2,800,2,4,4,220212,12579529776,7,5,0,1,6,4,2,800,2,4,1,220211,12579529702,7,5,0,1,4,4,2,800,2,4,4,283900,16219404888,9,5,0,1,6,4,2,800,2,4,1,283899,16219404814,9,5,0,1,4,4,2,800,2,4,4,337184,19131698928,11,5,0,1,6,4,2,800,2,4,1,337183,19131698854,11,5,0,1,4,4,2,800,2,4,4,393823,21746916134,13,5,0,1,6,4,2,800,2,4,1,393822,21746916060,13,5,0,1,4,4,2,800,2,4,4,446321,24186550354,15,5,0,1,6,4,2,800,2,4,1,446320,24186550280,15,5,0,1
5,1,2,800,2,1,5,753038,42999373500,19,5,0,1,,,,,,,,,,,,,,,,,,,,,,,,,,,,,,,,,,,,,,,,,,,,,,,,,,,,,,,,,,,,,,,,,,,,,,,,,,,,,,,,,,,,,,,,,,,,,,,,,,,,,,,,,,,,,,,,,,,,,,,,,,,,,,,,,,,,,,,,,,,,,,,,,,,,,,,,,,,,,,,,,,,,,,,,,,,,,,,,,,,,,,
1,1,3,800,3,1,2,61122,3489082708,1,5,0,1,2,1,3,800,3,1,1,176889,10098017762,3,5,0,1,1,1,3,800,3,1,2,176890,10098017836,3,5,0,1,2,1,3,800,3,1,1,291467,16639018174,5,5,0,1,1,1,3,800,3,1,2,291468,16639018248,5,5,0,1,2,1,3,800,3,1,1,406512,23206753112,7,5,0,1,1,1,3,800,3,1,2,406513,23206753186,7,5,0,1,2,1,3,800,3,1,1,524068,29917719784,9,5,0,1,1,1,3,800,3,1,2,524069,29917719858,9,5,0,1,2,1,3,800,3,1,1,632634,36115280620,11,5,0,1,1,1,3,800,3,1,2,632635,36115280694,11,5,0,1,2,1,3,800,3,1,1,750402,42838345804,13,5,0,1,1,1,3,800,3,1,2,750403,42838345878,13,5,0,1,2,1,3,800,3,1,1,870546,49697393188,15,5,0,1,1,1,3,800,3,1,2,870547,49697393262,15,5,0,1
1,1,2,800,2,1,3,97959,5586357782,2,5,0,1,6,1,2,800,2,1,1,97958,5586357708,2,5,0,1,5,1,2,800,2,1,5,212989,12152532458,4,5,0,1,1,1,2,800,2,1,3,212989,12152532458,4,5,0,1,6,1,2,800,2,1,1,212988,12152532384,4,5,0,1,5,1,2,800,2,1,5,324345,18509732642,6,5,0,1,1,1,2,800,2,1,3,324345,18509732642,6,5,0,1,6,1,2,800,2,1,1,324344,18509732568,6,5,0,1,5,1,2,800,2,1,5,427147,24378723854,8,5,0,1,1,1,2,800,2,1,3,427147,24378723854,8,5,0,1,6,1,2,800,2,1,1,427146,24378723780,8,5,0,1,5,1,2,800,2,1,5,515238,29407952492,10,5,0,1,1,1,2,800,2,1,3,515238,29407952492,10,5,0,1,6,1,2,800,2,1,1,515237,29407952418,10,5,0,1,5,1,2,800,2,1,5,626476,35758018712,12,5,0,1
4,4,3,800,3,4,2,45086,2572989180,2,5,0,1,2,4,3,800,3,4,1,45085,2572989106,2,5,0,1,3,4,3,800,3,4,2,45086,2572989180,2,5,0,1,4,4,3,800,3,4,2,108501,6194663738,4,5,0,1,2,4,3,800,3,4,1,108500,6194663664,4,5,0,1,3,4,3,800,3,4,2,108501,6194663738,4,5,0,1,4,4,3,800,3,4,2,172827,9869104086,6,5,0,1,2,4,3,800,3,4,1,172826,9869104012,6,5,0,1,3,4,3,800,3,4,2,172827,9869104086,6,5,0,1,4,4,3,800,3,4,2,236634,13513285852,8,5,0,1,2,4,3,800,3,4,1,236633,13513285778,8,5,0,1,3,4,3,800,3,4,2,236634,13513285852,8,5,0,1,4,4,3,800,3,4,2,300554,17164172156,10,5,0,1,2,4,3,800,3,4,1,300553,17164172082,10,5,0,1,3,4,3,800,3,4,2,300554,17164172156,10,5,0,1
5,1,2,800,2,1,5,85375,4873063886,2,5,0,1,1,1,2,800,2,1,3,85375,4873063886,2,5,0,1,6,1,2,800,2,1,1,85374,4873063812,2,5,0,1,5,1,2,800,2,1,5,196428,11213811032,4,5,0,1,1,1,2,800,2,1,3,196428,11213811032,4,5,0,1,6,1,2,800,2,1,1,196427,11213810958,4,5,0,1,5,1,2,800,2,1,5,306306,17486005532,6,5,0,1,1,1,2,800,2,1,3,306306,17486005532,6,5,0,1,6,1,2,800,2,1,1,306305,17486005458,6,5,0,1,5,1,2,800,2,1,5,468269,26732206010,8,5,0,1,1,1,2,800,2,1,3,468269,26732206010,8,5,0,1,6,1,2,800,2,1,1,468268,26732205936,8,5,0,1,5,1,2,800,2,1,5,551745,31499421938,10,5,0,1,1,1,2,800,2,1,3,551745,31499421938,10,5,0,1,6,1,2,800,2,1,1,551744,31499421864,10,5,0,1
6,4,2,800,2,4,1,12235,696177782,0,5,0,1,4,4,2,800,2,4,4,83478,4764933644,2,5,0,1,6,4,2,800,2,4,1,83477,4764933570,2,5,0,1,4,4,2,800,2,4,4,154174,8803582236,4,5,0,1,6,4,2,800,2,4,1,154173,8803582162,4,5,0,1,4,4,2,800,2,4,4,220686,12605029332,6,5,0,1,6,4,2,800,2,4,1,220685,12605029258,6,5,0,1,4,4,2,800,2,4,4,282719,16147832790,9,5,0,1,6,4,2,800,2,4,1,282718,16147832716,9,5,0,1,4,4,2,800,2,4,4,350423,20015275342,11,5,0,1,6,4,2,800,2,4,1,350422,20015275268,11,5,0,1,4,4,2,800,2,4,4,418390,23897013156,13,5,0,1,6,4,2,800,2,4,1,418389,23897013082,13,5,0,1,4,4,2,800,2,4,4,485864,27750791992,15,5,0,1,6,4,2,800,2,4,1,485863,27750791918,15,5,0,1
2,4,3,800,3,4,1,40709,2319672250,1,5,0,1,3,4,3,800,3,4,2,40710,2319672324,1,5,0,1,4,4,3,800,3,4,2,105442,6016525324,3,5,0,1,2,4,3,800,3,4,1,105441,6016525250,3,5,0,1,3,4,3,800,3,4,2,105442,6016525324,3,5,0,1,4,4,3,800,3,4,2,168429,9614244650,5,5,0,1,2,4,3,800,3,4,1,168428,9614244576,5,5,0,1,3,4,3,800,3,4,2,168429,9614244650,5,5,0,1,4,4,3,800,3,4,2,232102,13250737924,7,5,0,1,2,4,3,800,3,4,1,232101,13250737850,7,5,0,1,3,4,3,800,3,4,2,232102,13250737924,7,5,0,1,4,4,3,800,3,4,2,295870,16893403612,9,5,0,1,2,4,3,800,3,4,1,295869,16893403538,9,5,0,1,3,4,3,800,3,4,2,295870,16893403612,9,5,0,1,4,4,3,800,3,4,2,359842,20546504196,11,5,0,1
5,2,3,800,3,2,3,5706682,322499188244,143,5,0,1,,,,,,,,,,,,,,,,,,,,,,,,,,,,,,,,,,,,,,,,,,,,,,,,,,,,,,,,,,,,,,,,,,,,,,,,,,,,,,,,,,,,,,,,,,,,,,,,,,,,,,,,,,,,,,,,,,,,,,,,,,,,,,,,,,,,,,,,,,,,,,,,,,,,,,,,,,,,,,,,,,,,,,,,,,,,,,,,,,,,,,
2,4,3,800,3,4,1,34794,1987387844,1,5,0,1,3,4,3,800,3,4,2,34795,1987387918,1,5,0,1,4,4,3,800,3,4,2,99914,5706799100,3,5,0,1,2,4,3,800,3,4,1,99913,5706799026,3,5,0,1,3,4,3,800,3,4,2,99914,5706799100,3,5,0,1,4,4,3,800,3,4,2,164056,9370279968,5,5,0,1,2,4,3,800,3,4,1,164055,9370279894,5,5,0,1,3,4,3,800,3,4,2,164056,9370279968,5,5,0,1,4,4,3,800,3,4,2,230140,13143967968,7,5,0,1,2,4,3,800,3,4,1,230139,13143967894,7,5,0,1,3,4,3,800,3,4,2,230140,13143967968,7,5,0,1,4,4,3,800,3,4,2,296548,16936329568,9,5,0,1,2,4,3,800,3,4,1,296547,16936329494,9,5,0,1,3,4,3,800,3,4,2,296548,16936329568,9,5,0,1,4,4,3,800,3,4,2,360656,20599000840,11,5,0,1
2,4,3,800,3,4,1,43340,2478753784,1,5,0,1,3,4,3,800,3,4,2,43341,2478753858,1,5,0,1,4,4,3,800,3,4,2,107944,6169086912,3,5,0,1,2,4,3,800,3,4,1,107943,6169086838,3,5,0,1,3,4,3,800,3,4,2,107944,6169086912,3,5,0,1,4,4,3,800,3,4,2,172462,9854460924,5,5,0,1,2,4,3,800,3,4,1,172461,9854460850,5,5,0,1,3,4,3,800,3,4,2,172462,9854460924,5,5,0,1,4,4,3,800,3,4,2,238175,13607323286,7,5,0,1,2,4,3,800,3,4,1,238174,13607323212,7,5,0,1,3,4,3,800,3,4,2,238175,13607323286,7,5,0,1,4,4,3,800,3,4,2,305035,17425998814,9,5,0,1,2,4,3,800,3,4,1,305034,17425998740,9,5,0,1,3,4,3,800,3,4,2,305035,17425998814,9,5,0,1,4,4,3,800,3,4,2,368896,21073569880,11,5,0,1
6,2,3,800,3,2,2,11592065,645010170734,266,5,0,1,,,,,,,,,,,,,,,,,,,,,,,,,,,,,,,,,,,,,,,,,,,,,,,,,,,,,,,,,,,,,,,,,,,,,,,,,,,,,,,,,,,,,,,,,,,,,,,,,,,,,,,,,,,,,,,,,,,,,,,,,,,,,,,,,,,,,,,,,,,,,,,,,,,,,,,,,,,,,,,,,,,,,,,,,,,,,,,,,,,,,,
2,2,3,800,3,2,1,4508,260904824,0,5,0,1,3,2,3,800,3,2,2,4509,260904898,0,5,0,1,6,2,3,800,3,2,2,4509,260904898,0,5,0,1,4,2,3,800,3,2,2,111919,6392644534,2,5,0,1,2,2,3,800,3,2,1,111918,6392644460,2,5,0,1,3,2,3,800,3,2,2,111919,6392644534,2,5,0,1,6,2,3,800,3,2,2,111919,6392644534,2,5,0,1,4,2,3,800,3,2,2,221908,12670829720,4,5,0,1,2,2,3,800,3,2,1,221907,12670829646,4,5,0,1,3,2,3,800,3,2,2,221908,12670829720,4,5,0,1,6,2,3,800,3,2,2,221908,12670829720,4,5,0,1,4,2,3,800,3,2,2,331016,18899113496,6,5,0,1,2,2,3,800,3,2,1,331015,18899113422,6,5,0,1,3,2,3,800,3,2,2,331016,18899113496,6,5,0,1,6,2,3,800,3,2,2,331016,18899113496,6,5,0,1
2,2,3,800,3,2,1,93315,5324666574,1,5,0,1,6,2,3,800,3,2,3,93316,5324666648,1,5,0,1,5,2,3,800,3,2,3,207843,11863335222,3,5,0,1,2,2,3,800,3,2,1,207842,11863335148,3,5,0,1,6,2,3,800,3,2,3,207843,11863335222,3,5,0,1,5,2,3,800,3,2,3,305085,17416855202,5,5,0,1,2,2,3,800,3,2,1,305084,17416855128,5,5,0,1,6,2,3,800,3,2,3,305085,17416855202,5,5,0,1,5,2,3,800,3,2,3,418710,23903473892,7,5,0,1,2,2,3,800,3,2,1,418709,23903473818,7,5,0,1,6,2,3,800,3,2,3,418710,23903473892,7,5,0,1,5,2,3,800,3,2,3,534371,30505813470,9,5,0,1,2,2,3,800,3,2,1,534370,30505813396,9,5,0,1,6,2,3,800,3,2,3,534371,30505813470,9,5,0,1,5,2,3,800,3,2,3,639730,36523346540,11,5,0,1
1,1,3,800,3,1,2,58068,3314424952,1,5,0,1,2,1,3,800,3,1,1,174673,9971071890,3,5,0,1,1,1,3,800,3,1,2,174674,9971071964,3,5,0,1,2,1,3,800,3,1,1,289287,16514241790,5,5,0,1,1,1,3,800,3,1,2,289288,16514241864,5,5,0,1,2,1,3,800,3,1,1,399947,22831883558,7,5,0,1,1,1,3,800,3,1,2,399948,22831883632,7,5,0,1,2,1,3,800,3,1,1,518435,29596100814,9,5,0,1,1,1,3,800,3,1,2,518436,29596100888,9,5,0,1,2,1,3,800,3,1,1,638725,36463305642,11,5,0,1,1,1,3,800,3,1,2,638726,36463305716,11,5,0,1,2,1,3,800,3,1,1,759988,43385961912,13,5,0,1,1,1,3,800,3,1,2,759989,43385961986,13,5,0,1,2,1,3,800,3,1,1,876508,50037497912,15,5,0,1,1,1,3,800,3,1,2,876509,50037497986,15,5,0,1
1,1,2,800,2,1,3,753038,42999373500,19,5,0,1,,,,,,,,,,,,,,,,,,,,,,,,,,,,,,,,,,,,,,,,,,,,,,,,,,,,,,,,,,,,,,,,,,,,,,,,,,,,,,,,,,,,,,,,,,,,,,,,,,,,,,,,,,,,,,,,,,,,,,,,,,,,,,,,,,,,,,,,,,,,,,,,,,,,,,,,,,,,,,,,,,,,,,,,,,,,,,,,,,,,,,
2,2,3,800,3,2,1,70580,4028106108,1,5,0,1,3,2,3,800,3,2,2,70581,4028106182,1,5,0,1,6,2,3,800,3,2,2,70581,4028106182,1,5,0,1,4,2,3,800,3,2,2,175885,10039151958,3,5,0,1,2,2,3,800,3,2,1,175884,10039151884,3,5,0,1,3,2,3,800,3,2,2,175885,10039151958,3,5,0,1,6,2,3,800,3,2,2,175885,10039151958,3,5,0,1,4,2,3,800,3,2,2,283382,16175921272,5,5,0,1,2,2,3,800,3,2,1,283381,16175921198,5,5,0,1,3,2,3,800,3,2,2,283382,16175921272,5,5,0,1,6,2,3,800,3,2,2,283382,16175921272,5,5,0,1,4,2,3,800,3,2,2,392497,22404656670,7,5,0,1,2,2,3,800,3,2,1,392496,22404656596,7,5,0,1,3,2,3,800,3,2,2,392497,22404656670,7,5,0,1,6,2,3,800,3,2,2,392497,22404656670,7,5,0,1
6,4,2,800,2,4,1,26953,1539219578,1,5,0,1,4,4,2,800,2,4,4,93171,5322233422,3,5,0,1,6,4,2,800,2,4,1,93170,5322233348,3,5,0,1,4,4,2,800,2,4,4,161574,9229205036,5,5,0,1,6,4,2,800,2,4,1,161573,9229204962,5,5,0,1,4,4,2,800,2,4,4,229312,13097794064,7,5,0,1,6,4,2,800,2,4,1,229311,13097793990,7,5,0,1,4,4,2,800,2,4,4,297375,16985634070,9,5,0,1,6,4,2,800,2,4,1,297374,16985633996,9,5,0,1,4,4,2,800,2,4,4,365580,20882207560,11,5,0,1,6,4,2,800,2,4,1,365579,20882207486,11,5,0,1,4,4,2,800,2,4,4,433557,24765636898,13,5,0,1,6,4,2,800,2,4,1,433556,24765636824,13,5,0,1,4,4,2,800,2,4,4,501220,28629814712,15,5,0,1,6,4,2,800,2,4,1,501219,28629814638,15,5,0,1
4,2,3,800,3,2,2,105676,6029581108,2,5,0,1,2,2,3,800,3,2,1,105675,6029581034,2,5,0,1,3,2,3,800,3,2,2,105676,6029581108,2,5,0,1,6,2,3,800,3,2,2,105676,6029581108,2,5,0,1,4,2,3,800,3,2,2,215766,12314414792,4,5,0,1,2,2,3,800,3,2,1,215765,12314414718,4,5,0,1,3,2,3,800,3,2,2,215766,12314414792,4,5,0,1,6,2,3,800,3,2,2,215766,12314414792,4,5,0,1,4,2,3,800,3,2,2,325836,18598069260,6,5,0,1,2,2,3,800,3,2,1,325835,18598069186,6,5,0,1,3,2,3,800,3,2,2,325836,18598069260,6,5,0,1,6,2,3,800,3,2,2,325836,18598069260,6,5,0,1,4,2,3,800,3,2,2,432628,24694206044,8,5,0,1,2,2,3,800,3,2,1,432627,24694205970,8,5,0,1,3,2,3,800,3,2,2,432628,24694206044,8,5,0,1
3,4,3,800,3,4,2,18801654,1062894355852,596,5,0,1,4,4,3,800,3,4,2,18865687,1065831580174,599,5,0,1,2,4,3,800,3,4,1,18865686,1065831580100,599,5,0,1,3,4,3,800,3,4,2,18865687,1065831580174,599,5,0,1,4,4,3,800,3,4,2,18930539,1068810538694,601,5,0,1,2,4,3,800,3,4,1,18930538,1068810538620,601,5,0,1,3,4,3,800,3,4,2,18930539,1068810538694,601,5,0,1,4,4,3,800,3,4,2,18998074,1071918256676,603,5,0,1,2,4,3,800,3,4,1,18998073,1071918256602,603,5,0,1,3,4,3,800,3,4,2,18998074,1071918256676,603,5,0,1,4,4,3,800,3,4,2,19065924,1075040806584,605,5,0,1,2,4,3,800,3,4,1,19065923,1075040806510,605,5,0,1,3,4,3,800,3,4,2,19065924,1075040806584,605,5,0,1,4,4,3,800,3,4,2,19129582,1077949957500,607,5,0,1,2,4,3,800,3,4,1,19129581,1077949957426,607,5,0,1
3,2,3,800,3,2,2,7111596,389235947804,177,5,0,1,6,2,3,800,3,2,2,7111596,389235947804,178,5,0,1,4,2,3,800,3,2,2,7220886,395475227056,180,5,0,1,2,2,3,800,3,2,1,7220885,395475226982,180,5,0,1,3,2,3,800,3,2,2,7220886,395475227056,180,5,0,1,6,2,3,800,3,2,2,7220886,395475227056,180,5,0,1,4,2,3,800,3,2,2,7329801,401693527062,182,5,0,1,2,2,3,800,3,2,1,7329800,401693526988,182,5,0,1,3,2,3,800,3,2,2,7329801,401693527062,182,5,0,1,6,2,3,800,3,2,2,7329801,401693527062,182,5,0,1,4,2,3,800,3,2,2,7436264,407771050668,184,5,0,1,2,2,3,800,3,2,1,7436263,407771050594,184,5,0,1,3,2,3,800,3,2,2,7436264,407771050668,184,5,0,1,6,2,3,800,3,2,2,7436264,407771050668,184,5,0,1,4,2,3,800,3,2,2,7548146,414157851736,186,5,0,1
6,2,3,800,3,2,2,3012916,171997544328,61,5,0,1,,,,,,,,,,,,,,,,,,,,,,,,,,,,,,,,,,,,,,,,,,,,,,,,,,,,,,,,,,,,,,,,,,,,,,,,,,,,,,,,,,,,,,,,,,,,,,,,,,,,,,,,,,,,,,,,,,,,,,,,,,,,,,,,,,,,,,,,,,,,,,,,,,,,,,,,,,,,,,,,,,,,,,,,,,,,,,,,,,,,,,
2,2,3,800,3,2,1,4497,251743770,0,5,0,1,6,2,3,800,3,2,3,4498,251743844,0,5,0,1,5,2,3,800,3,2,3,114427,6527155134,2,5,0,1,2,2,3,800,3,2,1,114426,6527155060,2,5,0,1,6,2,3,800,3,2,3,114427,6527155134,2,5,0,1,5,2,3,800,3,2,3,226136,12904626904,4,5,0,1,2,2,3,800,3,2,1,226135,12904626830,4,5,0,1,6,2,3,800,3,2,3,226136,12904626904,4,5,0,1,5,2,3,800,3,2,3,339193,19358314122,6,5,0,1,2,2,3,800,3,2,1,339192,19358314048,6,5,0,1,6,2,3,800,3,2,3,339193,19358314122,6,5,0,1,5,2,3,800,3,2,3,450760,25727089464,8,5,0,1,2,2,3,800,3,2,1,450759,25727089390,8,5,0,1,6,2,3,800,3,2,3,450760,25727089464,8,5,0,1,5,2,3,800,3,2,3,564159,32201068942,10,5,0,1
2,4,3,800,3,4,1,20563,960541214,1,5,0,1,3,4,3,800,3,4,2,20564,960541288,1,5,0,1,4,4,3,800,3,4,2,87120,4051548624,3,5,0,1,2,4,3,800,3,4,1,87119,4051548550,3,5,0,1,3,4,3,800,3,4,2,87120,4051548624,3,5,0,1,4,4,3,800,3,4,2,153516,7099946888,5,5,0,1,2,4,3,800,3,4,1,153515,7099946814,5,5,0,1,3,4,3,800,3,4,2,153516,7099946888,5,5,0,1,4,4,3,800,3,4,2,217254,10041346044,7,5,0,1,2,4,3,800,3,4,1,217253,10041345970,7,5,0,1,3,4,3,800,3,4,2,217254,10041346044,7,5,0,1,4,4,3,800,3,4,2,282536,13040387712,9,5,0,1,2,4,3,800,3,4,1,282535,13040387638,9,5,0,1,3,4,3,800,3,4,2,282536,13040387712,9,5,0,1,4,4,3,800,3,4,2,341622,15758067988,11,5,0,1
2,2,3,800,3,2,1,45002,2243451280,1,5,0,1,3,2,3,800,3,2,2,45003,2243451354,1,5,0,1,6,2,3,800,3,2,2,45003,2243451354,1,5,0,1,4,2,3,800,3,2,2,102917,5412857206,3,5,0,1,2,2,3,800,3,2,1,102916,5412857132,3,5,0,1,3,2,3,800,3,2,2,102917,5412857206,3,5,0,1,6,2,3,800,3,2,2,102917,5412857206,3,5,0,1,4,2,3,800,3,2,2,150814,7855669552,5,5,0,1,2,2,3,800,3,2,1,150813,7855669478,5,5,0,1,3,2,3,800,3,2,2,150814,7855669552,5,5,0,1,6,2,3,800,3,2,2,150814,7855669552,5,5,0,1,4,2,3,800,3,2,2,184774,9718900024,7,5,0,1,2,2,3,800,3,2,1,184773,9718899950,7,5,0,1,3,2,3,800,3,2,2,184774,9718900024,7,5,0,1,6,2,3,800,3,2,2,184774,9718900024,7,5,0,1
6,4,2,800,2,4,1,7848,447109080,0,5,0,1,4,4,2,800,2,4,4,76569,4372779530,2,5,0,1,6,4,2,800,2,4,1,76568,4372779456,2,5,0,1,4,4,2,800,2,4,4,145648,8318704880,4,5,0,1,6,4,2,800,2,4,1,145647,8318704806,4,5,0,1,4,4,2,800,2,4,4,215290,12296985476,6,5,0,1,6,4,2,800,2,4,1,215289,12296985402,6,5,0,1,4,4,2,800,2,4,4,283610,16199090044,8,5,0,1,6,4,2,800,2,4,1,283609,16199089970,8,5,0,1,4,4,2,800,2,4,4,351943,20102195766,10,5,0,1,6,4,2,800,2,4,1,351942,20102195692,10,5,0,1,4,4,2,800,2,4,4,376422,21499680364,12,5,0,1,6,4,2,800,2,4,1,376421,21499680290,12,5,0,1,4,4,2,800,2,4,4,376422,21499680364,14,5,0,1,6,4,2,800,2,4,1,376421,21499680290,14,5,0,1
1,3,1,800,1,3,1,14268,813308528,0,5,0,1,2,3,1,800,1,3,2,81291,4641793382,2,5,0,1,1,3,1,800,1,3,1,81290,4641793308,2,5,0,1,2,3,1,800,1,3,2,148459,8478040966,4,5,0,1,1,3,1,800,1,3,1,148458,8478040892,4,5,0,1,2,3,1,800,1,3,2,216674,12374665164,6,5,0,1,1,3,1,800,1,3,1,216673,12374665090,6,5,0,1,2,3,1,800,1,3,2,285984,16333228696,8,5,0,1,1,3,1,800,1,3,1,285983,16333228622,8,5,0,1,2,3,1,800,1,3,2,352800,20149625576,10,5,0,1,1,3,1,800,1,3,1,352799,20149625502,10,5,0,1,2,3,1,800,1,3,2,414707,23685839558,12,5,0,1,1,3,1,800,1,3,1,414706,23685839484,12,5,0,1,2,3,1,800,1,3,2,476959,27241351854,14,5,0,1,1,3,1,800,1,3,1,476958,27241351780,14,5,0,1
6,2,1,800,1,2,3,4043216,218397149272,135,5,0,1,5,2,1,800,1,2,2,4136405,223421780946,137,5,0,1,1,2,1,800,1,2,1,4136404,223421780872,137,5,0,1,6,2,1,800,1,2,3,4136405,223421780946,137,5,0,1,5,2,1,800,1,2,2,4240293,229353347066,139,5,0,1,1,2,1,800,1,2,1,4240292,229353346992,139,5,0,1,6,2,1,800,1,2,3,4240293,229353347066,139,5,0,1,5,2,1,800,1,2,2,4290789,232243564706,141,5,0,1,1,2,1,800,1,2,1,4290788,232243564632,141,5,0,1,6,2,1,800,1,2,3,4290789,232243564706,141,5,0,1,5,2,1,800,1,2,2,4351797,235575020114,143,5,0,1,1,2,1,800,1,2,1,4351796,235575020040,143,5,0,1,6,2,1,800,1,2,3,4351797,235575020114,143,5,0,1,5,2,1,800,1,2,2,4428840,239979915504,145,5,0,1,1,2,1,800,1,2,1,4428839,239979915430,145,5,0,1
5,1,2,800,2,1,5,2656,149670840,0,5,0,1,1,1,2,800,2,1,3,2656,149670840,0,5,0,1,6,1,2,800,2,1,1,2655,149670766,0,5,0,1,5,1,2,800,2,1,5,110984,6334017136,2,5,0,1,1,1,2,800,2,1,3,110984,6334017136,2,5,0,1,6,1,2,800,2,1,1,110983,6334017062,2,5,0,1,5,1,2,800,2,1,5,225061,12846522362,4,5,0,1,1,1,2,800,2,1,3,225061,12846522362,4,5,0,1,6,1,2,800,2,1,1,225060,12846522288,4,5,0,1,5,1,2,800,2,1,5,341619,19500872806,6,5,0,1,1,1,2,800,2,1,3,341619,19500872806,6,5,0,1,6,1,2,800,2,1,1,341618,19500872732,6,5,0,1,5,1,2,800,2,1,5,412847,23572600414,8,5,0,1,1,1,2,800,2,1,3,412847,23572600414,8,5,0,1,6,1,2,800,2,1,1,412846,23572600340,8,5,0,1
2,4,3,800,3,4,1,13927,798666126,1,5,0,1,3,4,3,800,3,4,2,13928,798666200,1,5,0,1,4,4,3,800,3,4,2,78720,4498862560,3,5,0,1,2,4,3,800,3,4,1,78719,4498862486,3,5,0,1,3,4,3,800,3,4,2,78720,4498862560,3,5,0,1,4,4,3,800,3,4,2,174443,9966329654,5,5,0,1,2,4,3,800,3,4,1,174442,9966329580,5,5,0,1,3,4,3,800,3,4,2,174443,9966329654,5,5,0,1,4,4,3,800,3,4,2,237684,13578795936,7,5,0,1,2,4,3,800,3,4,1,237683,13578795862,7,5,0,1,3,4,3,800,3,4,2,237684,13578795936,7,5,0,1,4,4,3,800,3,4,2,304083,17370603270,9,5,0,1,2,4,3,800,3,4,1,304082,17370603196,9,5,0,1,3,4,3,800,3,4,2,304083,17370603270,9,5,0,1,4,4,3,800,3,4,2,370054,21138256324,11,5,0,1
5,2,1,800,1,2,2,71263,4065373510,2,5,0,1,1,2,1,800,1,2,1,71262,4065373436,2,5,0,1,6,2,1,800,1,2,3,71263,4065373510,2,5,0,1,5,2,1,800,1,2,2,180304,10290937504,4,5,0,1,1,2,1,800,1,2,1,180303,10290937430,4,5,0,1,6,2,1,800,1,2,3,180304,10290937504,4,5,0,1,5,2,1,800,1,2,2,246700,14081611424,6,5,0,1,1,2,1,800,1,2,1,246699,14081611350,6,5,0,1,6,2,1,800,1,2,3,246700,14081611424,6,5,0,1,5,2,1,800,1,2,2,355033,20266035106,8,5,0,1,1,2,1,800,1,2,1,355032,20266035032,8,5,0,1,6,2,1,800,1,2,3,355033,20266035106,8,5,0,1,5,2,1,800,1,2,2,465112,26549670488,10,5,0,1,1,2,1,800,1,2,1,465111,26549670414,10,5,0,1,6,2,1,800,1,2,3,465112,26549670488,10,5,0,1
2,3,1,800,1,3,4,56338,3217139180,2,5,0,1,1,3,1,800,1,3,1,56337,3217139106,2,5,0,1,5,3,1,800,1,3,2,119900,6847113720,4,5,0,1,2,3,1,800,1,3,4,119900,6847113720,4,5,0,1,1,3,1,800,1,3,1,119899,6847113646,4,5,0,1,5,3,1,800,1,3,2,184386,10529729196,6,5,0,1,2,3,1,800,1,3,4,184386,10529729196,6,5,0,1,1,3,1,800,1,3,1,184385,10529729122,6,5,0,1,5,3,1,800,1,3,2,250908,14328797992,8,5,0,1,2,3,1,800,1,3,4,250908,14328797992,8,5,0,1,1,3,1,800,1,3,1,250907,14328797918,8,5,0,1,5,3,1,800,1,3,2,317353,18123882290,10,5,0,1,2,3,1,800,1,3,4,317353,18123882290,10,5,0,1,1,3,1,800,1,3,1,317352,18123882216,10,5,0,1,5,3,1,800,1,3,2,382652,21853666696,12,5,0,1
1,2,1,800,1,2,1,1,66,0,5,0,1,6,2,1,800,1,2,3,1,74,0,5,0,1,5,2,1,800,1,2,2,87797,5005367954,2,5,0,1,1,2,1,800,1,2,1,87796,5005367880,2,5,0,1,6,2,1,800,1,2,3,87797,5005367954,2,5,0,1,5,2,1,800,1,2,2,200841,11459035170,4,5,0,1,1,2,1,800,1,2,1,200840,11459035096,4,5,0,1,6,2,1,800,1,2,3,200841,11459035170,4,5,0,1,5,2,1,800,1,2,2,316839,18080565390,6,5,0,1,1,2,1,800,1,2,1,316838,18080565316,6,5,0,1,6,2,1,800,1,2,3,316839,18080565390,6,5,0,1,5,2,1,800,1,2,2,480175,27406216390,8,5,0,1,1,2,1,800,1,2,1,480174,27406216316,8,5,0,1,6,2,1,800,1,2,3,480175,27406216390,8,5,0,1,5,2,1,800,1,2,2,587623,33541222782,10,5,0,1
1,2,1,800,1,2,1,24613,1169738146,1,5,0,1,6,2,1,800,1,2,3,24614,1169738220,1,5,0,1,5,2,1,800,1,2,2,75393,3551145674,3,5,0,1,1,2,1,800,1,2,1,75392,3551145600,3,5,0,1,6,2,1,800,1,2,3,75393,3551145674,3,5,0,1,5,2,1,800,1,2,2,128778,6044758196,5,5,0,1,1,2,1,800,1,2,1,128777,6044758122,5,5,0,1,6,2,1,800,1,2,3,128778,6044758196,5,5,0,1,5,2,1,800,1,2,2,191581,8953589786,7,5,0,1,1,2,1,800,1,2,1,191580,8953589712,7,5,0,1,6,2,1,800,1,2,3,191581,8953589786,7,5,0,1,5,2,1,800,1,2,2,257681,12006751226,10,5,0,1,1,2,1,800,1,2,1,257680,12006751152,10,5,0,1,6,2,1,800,1,2,3,257681,12006751226,10,5,0,1,5,2,1,800,1,2,2,316393,14754619578,12,5,0,1
5,2,3,800,3,2,3,45272,2579855376,2,5,0,1,2,2,3,800,3,2,1,45271,2579855302,2,5,0,1,6,2,3,800,3,2,3,45272,2579855376,2,5,0,1,5,2,3,800,3,2,3,115896,6615730864,4,5,0,1,2,2,3,800,3,2,1,115895,6615730790,4,5,0,1,6,2,3,800,3,2,3,115896,6615730864,4,5,0,1,5,2,3,800,3,2,3,168840,9523299904,6,5,0,1,2,2,3,800,3,2,1,168839,9523299830,6,5,0,1,6,2,3,800,3,2,3,168840,9523299904,6,5,0,1,5,2,3,800,3,2,3,217622,12252433140,8,5,0,1,2,2,3,800,3,2,1,217621,12252433066,8,5,0,1,6,2,3,800,3,2,3,217622,12252433140,8,5,0,1,5,2,3,800,3,2,3,250454,13977930364,10,5,0,1,2,2,3,800,3,2,1,250453,13977930290,10,5,0,1,6,2,3,800,3,2,3,250454,13977930364,10,5,0,1
6,4,2,800,2,4,1,15778,899364132,1,5,0,1,4,4,2,800,2,4,4,83078,4742772500,3,5,0,1,6,4,2,800,2,4,1,83077,4742772426,3,5,0,1,4,4,2,800,2,4,4,149201,8519701842,5,5,0,1,6,4,2,800,2,4,1,149200,8519701768,5,5,0,1,4,4,2,800,2,4,4,218239,12461811990,7,5,0,1,6,4,2,800,2,4,1,218238,12461811916,7,5,0,1,4,4,2,800,2,4,4,285790,16319502924,9,5,0,1,6,4,2,800,2,4,1,285789,16319502850,9,5,0,1,4,4,2,800,2,4,4,352369,20122269018,11,5,0,1,6,4,2,800,2,4,1,352368,20122268944,11,5,0,1,4,4,2,800,2,4,4,449575,25672603118,13,5,0,1,6,4,2,800,2,4,1,449574,25672603044,13,5,0,1,4,4,2,800,2,4,4,516978,29522012996,15,5,0,1,6,4,2,800,2,4,1,516977,29522012922,15,5,0,1
1,3,1,800,1,3,1,54118,3086876828,2,5,0,1,2,3,1,800,1,3,2,122401,6986157442,4,5,0,1,1,3,1,800,1,3,1,122400,6986157368,4,5,0,1,2,3,1,800,1,3,2,191927,10957329302,6,5,0,1,1,3,1,800,1,3,1,191926,10957329228,6,5,0,1,2,3,1,800,1,3,2,257342,14694298196,8,5,0,1,1,3,1,800,1,3,1,257341,14694298122,8,5,0,1,2,3,1,800,1,3,2,324842,18549126788,10,5,0,1,1,3,1,800,1,3,1,324841,18549126714,10,5,0,1,2,3,1,800,1,3,2,391234,22340994788,12,5,0,1,1,3,1,800,1,3,1,391233,22340994714,12,5,0,1,2,3,1,800,1,3,2,459795,26256789358,14,5,0,1,1,3,1,800,1,3,1,459794,26256789284,14,5,0,1,2,3,1,800,1,3,2,528893,30203228642,16,5,0,1,1,3,1,800,1,3,1,528892,30203228568,16,5,0,1
1,1,2,800,2,1,3,74677,4264861498,1,5,0,1,6,1,2,800,2,1,1,74676,4264861424,1,5,0,1,5,1,2,800,2,1,5,185356,10582631712,3,5,0,1,1,1,2,800,2,1,3,185356,10582631712,3,5,0,1,6,1,2,800,2,1,1,185355,10582631638,3,5,0,1,5,1,2,800,2,1,5,288966,16498325020,5,5,0,1,1,1,2,800,2,1,3,288966,16498325020,5,5,0,1,6,1,2,800,2,1,1,288965,16498324946,5,5,0,1,5,1,2,800,2,1,5,376832,21516549936,7,5,0,1,1,1,2,800,2,1,3,376832,21516549936,7,5,0,1,6,1,2,800,2,1,1,376831,21516549862,7,5,0,1,5,1,2,800,2,1,5,488485,27893638042,9,5,0,1,1,1,2,800,2,1,3,488485,27893638042,9,5,0,1,6,1,2,800,2,1,1,488484,27893637968,9,5,0,1,5,1,2,800,2,1,5,602316,34391685144,11,5,0,1
6,2,1,800,1,2,3,2469487,140991500782,51,5,0,1,5,2,1,800,1,2,2,2568481,146643805754,53,5,0,1,1,2,1,800,1,2,1,2568480,146643805680,53,5,0,1,6,2,1,800,1,2,3,2568481,146643805754,53,5,0,1,5,2,1,800,1,2,2,2661251,151939681086,55,5,0,1,1,2,1,800,1,2,1,2661250,151939681012,55,5,0,1,6,2,1,800,1,2,3,2661251,151939681086,55,5,0,1,5,2,1,800,1,2,2,2760590,157611184148,57,5,0,1,1,2,1,800,1,2,1,2760589,157611184074,57,5,0,1,6,2,1,800,1,2,3,2760590,157611184148,57,5,0,1,5,2,1,800,1,2,2,2862152,163409405144,59,5,0,1,1,2,1,800,1,2,1,2862151,163409405070,59,5,0,1,6,2,1,800,1,2,3,2862152,163409405144,59,5,0,1,5,2,1,800,1,2,2,2956583,168802351078,61,5,0,1,1,2,1,800,1,2,1,2956582,168802351004,61,5,0,1
2,4,3,800,3,4,1,12281,701529514,1,5,0,1,3,4,3,800,3,4,2,12282,701529588,1,5,0,1,4,4,3,800,3,4,2,75024,4284949904,3,5,0,1,2,4,3,800,3,4,1,75023,4284949830,3,5,0,1,3,4,3,800,3,4,2,75024,4284949904,3,5,0,1,4,4,3,800,3,4,2,138520,7911059240,5,5,0,1,2,4,3,800,3,4,1,138519,7911059166,5,5,0,1,3,4,3,800,3,4,2,138520,7911059240,5,5,0,1,4,4,3,800,3,4,2,201672,11518017480,7,5,0,1,2,4,3,800,3,4,1,201671,11518017406,7,5,0,1,3,4,3,800,3,4,2,201672,11518017480,7,5,0,1,4,4,3,800,3,4,2,265371,15155673534,9,5,0,1,2,4,3,800,3,4,1,265370,15155673460,9,5,0,1,3,4,3,800,3,4,2,265371,15155673534,9,5,0,1,4,4,3,800,3,4,2,329653,18827418098,11,5,0,1
1,2,1,800,1,2,1,25098,1428603756,0,5,0,1,6,2,1,800,1,2,3,25099,1428603830,0,5,0,1,5,2,1,800,1,2,2,137778,7860962500,2,5,0,1,1,2,1,800,1,2,1,137777,7860962426,2,5,0,1,6,2,1,800,1,2,3,137778,7860962500,2,5,0,1,5,2,1,800,1,2,2,251890,14375498516,4,5,0,1,1,2,1,800,1,2,1,251889,14375498442,4,5,0,1,6,2,1,800,1,2,3,251890,14375498516,4,5,0,1,5,2,1,800,1,2,2,367078,20951542484,7,5,0,1,1,2,1,800,1,2,1,367077,20951542410,7,5,0,1,6,2,1,800,1,2,3,367078,20951542484,7,5,0,1,5,2,1,800,1,2,2,482986,27568159324,9,5,0,1,1,2,1,800,1,2,1,482985,27568159250,9,5,0,1,6,2,1,800,1,2,3,482986,27568159324,9,5,0,1,5,2,1,800,1,2,2,600399,34270866590,11,5,0,1
1,3,1,800,1,3,1,32448,1516284584,1,5,0,1,2,3,1,800,1,3,2,98186,4552843700,3,5,0,1,1,3,1,800,1,3,1,98185,4552843626,3,5,0,1,2,3,1,800,1,3,2,164619,8023064110,5,5,0,1,1,3,1,800,1,3,1,164618,8023064036,5,5,0,1,2,3,1,800,1,3,2,232340,11890558864,7,5,0,1,1,3,1,800,1,3,1,232339,11890558790,7,5,0,1,2,3,1,800,1,3,2,299527,15729840118,9,5,0,1,1,3,1,800,1,3,1,299526,15729840044,9,5,0,1,2,3,1,800,1,3,2,367816,19629220488,11,5,0,1,1,3,1,800,1,3,1,367815,19629220414,11,5,0,1,2,3,1,800,1,3,2,435155,23475307574,13,5,0,1,1,3,1,800,1,3,1,435154,23475307500,13,5,0,1,2,3,1,800,1,3,2,501533,27267108930,15,5,0,1,1,3,1,800,1,3,1,501532,27267108856,15,5,0,1
1,1,2,800,2,1,3,64022,3654787524,1,5,0,1,6,1,2,800,2,1,1,64021,3654787450,1,5,0,1,5,1,2,800,2,1,5,177223,10117199126,3,5,0,1,1,1,2,800,2,1,3,177223,10117199126,3,5,0,1,6,1,2,800,2,1,1,177222,10117199052,3,5,0,1,5,1,2,800,2,1,5,286942,16380649420,5,5,0,1,1,1,2,800,2,1,3,286942,16380649420,5,5,0,1,6,1,2,800,2,1,1,286941,16380649346,5,5,0,1,5,1,2,800,2,1,5,376606,21499692508,7,5,0,1,1,1,2,800,2,1,3,376606,21499692508,7,5,0,1,6,1,2,800,2,1,1,376605,21499692434,7,5,0,1,5,1,2,800,2,1,5,376606,21499692508,9,5,0,1,1,1,2,800,2,1,3,376606,21499692508,9,5,0,1,6,1,2,800,2,1,1,376605,21499692434,9,5,0,1,5,1,2,800,2,1,5,376606,21499692508,11,5,0,1
1,1,3,800,3,1,2,2,140,0,5,0,1,2,1,3,800,3,1,1,114783,6547662590,2,5,0,1,1,1,3,800,3,1,2,114784,6547662664,2,5,0,1,2,1,3,800,3,1,1,229969,13123586586,4,5,0,1,1,1,3,800,3,1,2,229970,13123586660,4,5,0,1,2,1,3,800,3,1,1,347141,19812105546,6,5,0,1,1,1,3,800,3,1,2,347142,19812105620,6,5,0,1,2,1,3,800,3,1,1,460929,26307523810,8,5,0,1,1,1,3,800,3,1,2,460930,26307523884,8,5,0,1,2,1,3,800,3,1,1,578838,33038775244,10,5,0,1,1,1,3,800,3,1,2,578839,33038775318,10,5,0,1,2,1,3,800,3,1,1,697065,39788108802,12,5,0,1,1,1,3,800,3,1,2,697066,39788108876,12,5,0,1,2,1,3,800,3,1,1,813793,46451928314,14,5,0,1,1,1,3,800,3,1,2,813794,46451928388,14,5,0,1
1,1,2,800,2,1,3,93890,5359059268,2,5,0,1,6,1,2,800,2,1,1,93889,5359059194,2,5,0,1,5,1,2,800,2,1,5,205421,11726094146,4,5,0,1,1,1,2,800,2,1,3,205421,11726094146,4,5,0,1,6,1,2,800,2,1,1,205420,11726094072,4,5,0,1,5,1,2,800,2,1,5,305002,17411916732,6,5,0,1,1,1,2,800,2,1,3,305002,17411916732,6,5,0,1,6,1,2,800,2,1,1,305001,17411916658,6,5,0,1,5,1,2,800,2,1,5,391954,22376857996,8,5,0,1,1,1,2,800,2,1,3,391954,22376857996,8,5,0,1,6,1,2,800,2,1,1,391953,22376857922,8,5,0,1,5,1,2,800,2,1,5,501292,28618257304,10,5,0,1,1,1,2,800,2,1,3,501292,28618257304,10,5,0,1,6,1,2,800,2,1,1,501291,28618257230,10,5,0,1,5,1,2,800,2,1,5,612794,34983668596,12,5,0,1
2,1,3,800,3,1,1,19282597,1100784279202,336,5,0,1,,,,,,,,,,,,,,,,,,,,,,,,,,,,,,,,,,,,,,,,,,,,,,,,,,,,,,,,,,,,,,,,,,,,,,,,,,,,,,,,,,,,,,,,,,,,,,,,,,,,,,,,,,,,,,,,,,,,,,,,,,,,,,,,,,,,,,,,,,,,,,,,,,,,,,,,,,,,,,,,,,,,,,,,,,,,,,,,,,,,,,
3,4,3,800,3,4,2,9317732,532223260672,293,5,0,1,4,4,3,800,3,4,2,9382269,535908685170,295,5,0,1,2,4,3,800,3,4,1,9382268,535908685096,295,5,0,1,3,4,3,800,3,4,2,9382269,535908685170,295,5,0,1,4,4,3,800,3,4,2,9445880,539542001464,297,5,0,1,2,4,3,800,3,4,1,9445879,539542001390,297,5,0,1,3,4,3,800,3,4,2,9445880,539542001464,297,5,0,1,4,4,3,800,3,4,2,9511080,543265776472,299,5,0,1,2,4,3,800,3,4,1,9511079,543265776398,299,5,0,1,3,4,3,800,3,4,2,9511080,543265776472,299,5,0,1,4,4,3,800,3,4,2,9577019,547032392998,301,5,0,1,2,4,3,800,3,4,1,9577018,547032392924,301,5,0,1,3,4,3,800,3,4,2,9577019,547032392998,301,5,0,1,4,4,3,800,3,4,2,9641632,550723114864,303,5,0,1,2,4,3,800,3,4,1,9641631,550723114790,303,5,0,1
1,3,1,800,1,3,1,41566,2372156588,1,5,0,1,2,3,1,800,1,3,2,107512,6138778240,3,5,0,1,1,3,1,800,1,3,1,107511,6138778166,3,5,0,1,2,3,1,800,1,3,2,174340,9956352088,5,5,0,1,1,3,1,800,1,3,1,174339,9956352014,5,5,0,1,2,3,1,800,1,3,2,240950,13760855020,7,5,0,1,1,3,1,800,1,3,1,240949,13760854946,7,5,0,1,2,3,1,800,1,3,2,308050,17593287284,9,5,0,1,1,3,1,800,1,3,1,308049,17593287210,9,5,0,1,2,3,1,800,1,3,2,375391,21440391886,11,5,0,1,1,3,1,800,1,3,1,375390,21440391812,11,5,0,1,2,3,1,800,1,3,2,443885,25351775770,13,5,0,1,1,3,1,800,1,3,1,443884,25351775696,13,5,0,1,2,3,1,800,1,3,2,513228,29312578320,15,5,0,1,1,3,1,800,1,3,1,513227,29312578246,15,5,0,1
1,1,3,800,3,1,2,69983,3993808654,1,5,0,1,2,1,3,800,3,1,1,188720,10772278752,3,5,0,1,1,1,3,800,3,1,2,188721,10772278826,3,5,0,1,2,1,3,800,3,1,1,302638,17275348916,5,5,0,1,1,1,3,800,3,1,2,302639,17275348990,5,5,0,1,2,1,3,800,3,1,1,416432,23771919592,7,5,0,1,1,1,3,800,3,1,2,416433,23771919666,7,5,0,1,2,1,3,800,3,1,1,531881,30362157362,9,5,0,1,1,1,3,800,3,1,2,531882,30362157436,9,5,0,1,2,1,3,800,3,1,1,649796,37093934504,11,5,0,1,1,1,3,800,3,1,2,649797,37093934578,11,5,0,1,2,1,3,800,3,1,1,758229,43284380090,13,5,0,1,1,1,3,800,3,1,2,758230,43284380164,13,5,0,1,2,1,3,800,3,1,1,876789,50052884882,16,5,0,1,1,1,3,800,3,1,2,876790,50052884956,16,5,0,1
1,3,1,800,1,3,1,1,66,0,5,0,1,2,3,1,800,1,3,2,63591,3625666134,2,5,0,1,1,3,1,800,1,3,1,63590,3625666060,2,5,0,1,2,3,1,800,1,3,2,176308,10060190744,4,5,0,1,1,3,1,800,1,3,1,176307,10060190670,4,5,0,1,2,3,1,800,1,3,2,291939,16661402454,6,5,0,1,1,3,1,800,1,3,1,291938,16661402380,6,5,0,1,2,3,1,800,1,3,2,406104,23178229896,8,5,0,1,1,3,1,800,1,3,1,406103,23178229822,8,5,0,1,2,3,1,800,1,3,2,517456,29534822872,10,5,0,1,1,3,1,800,1,3,1,517455,29534822798,10,5,0,1,2,3,1,800,1,3,2,623964,35615040152,12,5,0,1,1,3,1,800,1,3,1,623963,35615040078,12,5,0,1,2,3,1,800,1,3,2,674665,38525583402,14,5,0,1,1,3,1,800,1,3,1,674664,38525583328,14,5,0,1
2,1,3,800,3,1,1,2273727,129805876062,40,5,0,1,1,1,3,800,3,1,2,2273728,129805876136,40,5,0,1,2,1,3,800,3,1,1,2390558,136475740788,42,5,0,1,1,1,3,800,3,1,2,2390559,136475740862,42,5,0,1,2,1,3,800,3,1,1,2512476,143435174680,44,5,0,1,1,1,3,800,3,1,2,2512477,143435174754,44,5,0,1,2,1,3,800,3,1,1,2634179,150383080662,46,5,0,1,1,1,3,800,3,1,2,2634180,150383080736,46,5,0,1,2,1,3,800,3,1,1,2750596,157028743704,48,5,0,1,1,1,3,800,3,1,2,2750597,157028743778,48,5,0,1,2,1,3,800,3,1,1,2868792,163776506888,50,5,0,1,1,1,3,800,3,1,2,2868793,163776506962,50,5,0,1,2,1,3,800,3,1,1,2986410,170490795980,52,5,0,1,1,1,3,800,3,1,2,2986411,170490796054,52,5,0,1,2,1,3,800,3,1,1,3106205,177329488650,54,5,0,1
1,3,1,800,1,3,1,23221,1324175034,1,5,0,1,2,3,1,800,1,3,2,90200,5149500656,3,5,0,1,1,3,1,800,1,3,1,90199,5149500582,3,5,0,1,2,3,1,800,1,3,2,150879,8614935414,5,5,0,1,1,3,1,800,1,3,1,150878,8614935340,5,5,0,1,2,3,1,800,1,3,2,208156,11886229056,7,5,0,1,1,3,1,800,1,3,1,208155,11886228982,7,5,0,1,2,3,1,800,1,3,2,302820,17293451224,9,5,0,1,1,3,1,800,1,3,1,302819,17293451150,9,5,0,1,2,3,1,800,1,3,2,370181,21140600578,11,5,0,1,1,3,1,800,1,3,1,370180,21140600504,11,5,0,1,2,3,1,800,1,3,2,438849,25063461122,13,5,0,1,1,3,1,800,1,3,1,438848,25063461048,13,5,0,1,2,3,1,800,1,3,2,508223,29026446094,15,5,0,1,1,3,1,800,1,3,1,508222,29026446020,15,5,0,1
2,2,3,800,3,2,1,202,8965932,0,5,0,1,6,2,3,800,3,2,3,203,8966006,0,5,0,1,5,2,3,800,3,2,3,111787,6383531342,2,5,0,1,2,2,3,800,3,2,1,111786,6383531268,2,5,0,1,6,2,3,800,3,2,3,111787,6383531342,2,5,0,1,5,2,3,800,3,2,3,226439,12929423638,4,5,0,1,2,2,3,800,3,2,1,226438,12929423564,4,5,0,1,6,2,3,800,3,2,3,226439,12929423638,4,5,0,1,5,2,3,800,3,2,3,340873,19461609346,6,5,0,1,2,2,3,800,3,2,1,340872,19461609272,6,5,0,1,6,2,3,800,3,2,3,340873,19461609346,6,5,0,1,5,2,3,800,3,2,3,452402,25828064980,8,5,0,1,2,2,3,800,3,2,1,452401,25828064906,8,5,0,1,6,2,3,800,3,2,3,452402,25828064980,8,5,0,1,5,2,3,800,3,2,3,560756,32013557224,10,5,0,1
2,3,1,800,1,3,2,5646313,322495203890,171,5,0,1,,,,,,,,,,,,,,,,,,,,,,,,,,,,,,,,,,,,,,,,,,,,,,,,,,,,,,,,,,,,,,,,,,,,,,,,,,,,,,,,,,,,,,,,,,,,,,,,,,,,,,,,,,,,,,,,,,,,,,,,,,,,,,,,,,,,,,,,,,,,,,,,,,,,,,,,,,,,,,,,,,,,,,,,,,,,,,,,,,,,,,
5,1,2,800,2,1,5,9415070,537492306652,172,5,0,1,1,1,2,800,2,1,3,9415070,537492306652,172,5,0,1,,,,,,,,,,,,,,,,,,,,,,,,,,,,,,,,,,,,,,,,,,,,,,,,,,,,,,,,,,,,,,,,,,,,,,,,,,,,,,,,,,,,,,,,,,,,,,,,,,,,,,,,,,,,,,,,,,,,,,,,,,,,,,,,,,,,,,,,,,,,,,,,,,,,,,,,,,,,,,,,,,,,,,,,,
6,1,2,800,2,1,1,9415069,537492306578,172,5,0,1,,,,,,,,,,,,,,,,,,,,,,,,,,,,,,,,,,,,,,,,,,,,,,,,,,,,,,,,,,,,,,,,,,,,,,,,,,,,,,,,,,,,,,,,,,,,,,,,,,,,,,,,,,,,,,,,,,,,,,,,,,,,,,,,,,,,,,,,,,,,,,,,,,,,,,,,,,,,,,,,,,,,,,,,,,,,,,,,,,,,,,
2,2,3,800,3,2,1,3012915,171997544254,61,5,0,1,,,,,,,,,,,,,,,,,,,,,,,,,,,,,,,,,,,,,,,,,,,,,,,,,,,,,,,,,,,,,,,,,,,,,,,,,,,,,,,,,,,,,,,,,,,,,,,,,,,,,,,,,,,,,,,,,,,,,,,,,,,,,,,,,,,,,,,,,,,,,,,,,,,,,,,,,,,,,,,,,,,,,,,,,,,,,,,,,,,,,,
2,2,3,800,3,2,1,5706681,322499188170,143,5,0,1,,,,,,,,,,,,,,,,,,,,,,,,,,,,,,,,,,,,,,,,,,,,,,,,,,,,,,,,,,,,,,,,,,,,,,,,,,,,,,,,,,,,,,,,,,,,,,,,,,,,,,,,,,,,,,,,,,,,,,,,,,,,,,,,,,,,,,,,,,,,,,,,,,,,,,,,,,,,,,,,,,,,,,,,,,,,,,,,,,,,,,
6,1,2,800,2,1,1,753037,42999373426,19,5,0,1,,,,,,,,,,,,,,,,,,,,,,,,,,,,,,,,,,,,,,,,,,,,,,,,,,,,,,,,,,,,,,,,,,,,,,,,,,,,,,,,,,,,,,,,,,,,,,,,,,,,,,,,,,,,,,,,,,,,,,,,,,,,,,,,,,,,,,,,,,,,,,,,,,,,,,,,,,,,,,,,,,,,,,,,,,,,,,,,,,,,,,
6,4,2,800,2,4,1,20787,1186984686,1,5,0,1,4,4,2,800,2,4,4,88613,5060466530,3,5,0,1,6,4,2,800,2,4,1,88612,5060466456,3,5,0,1,4,4,2,800,2,4,4,186119,10629415646,5,5,0,1,6,4,2,800,2,4,1,186118,10629415572,5,5,0,1,4,4,2,800,2,4,4,254110,14512749068,7,5,0,1,6,4,2,800,2,4,1,254109,14512748994,7,5,0,1,4,4,2,800,2,4,4,321967,18387960326,9,5,0,1,6,4,2,800,2,4,1,321966,18387960252,9,5,0,1,4,4,2,800,2,4,4,390671,22311951326,11,5,0,1,6,4,2,800,2,4,1,390670,22311951252,11,5,0,1,4,4,2,800,2,4,4,460814,26318233020,13,5,0,1,6,4,2,800,2,4,1,460813,26318232946,13,5,0,1,4,4,2,800,2,4,4,530478,30297034500,15,5,0,1,6,4,2,800,2,4,1,530477,30297034426,15,5,0,1
1,1,3,800,3,1,2,1506494,85998774556,30,5,0,1,,,,,,,,,,,,,,,,,,,,,,,,,,,,,,,,,,,,,,,,,,,,,,,,,,,,,,,,,,,,,,,,,,,,,,,,,,,,,,,,,,,,,,,,,,,,,,,,,,,,,,,,,,,,,,,,,,,,,,,,,,,,,,,,,,,,,,,,,,,,,,,,,,,,,,,,,,,,,,,,,,,,,,,,,,,,,,,,,,,,,,
6,4,2,800,2,4,1,41009,2343320674,1,5,0,1,4,4,2,800,2,4,4,102212,5839605688,3,5,0,1,6,4,2,800,2,4,1,102211,5839605614,3,5,0,1,4,4,2,800,2,4,4,146691,8385423878,5,5,0,1,6,4,2,800,2,4,1,146690,8385423804,5,5,0,1,4,4,2,800,2,4,4,198489,11346880658,7,5,0,1,6,4,2,800,2,4,1,198488,11346880584,7,5,0,1,4,4,2,800,2,4,4,259983,14861075158,9,5,0,1,6,4,2,800,2,4,1,259982,14861075084,9,5,0,1,4,4,2,800,2,4,4,327538,18719219268,11,5,0,1,6,4,2,800,2,4,1,327537,18719219194,11,5,0,1,4,4,2,800,2,4,4,395486,22599347692,13,5,0,1,6,4,2,800,2,4,1,395485,22599347618,13,5,0,1,4,4,2,800,2,4,4,464510,26541985980,15,5,0,1,6,4,2,800,2,4,1,464509,26541985906,15,5,0,1
1,2,1,800,1,2,1,66618,3801728428,1,5,0,1,6,2,1,800,1,2,3,66619,3801728502,1,5,0,1,5,2,1,800,1,2,2,177121,10110108842,4,5,0,1,1,2,1,800,1,2,1,177120,10110108768,4,5,0,1,6,2,1,800,1,2,3,177121,10110108842,4,5,0,1,5,2,1,800,1,2,2,289396,16519372248,6,5,0,1,1,2,1,800,1,2,1,289395,16519372174,6,5,0,1,6,2,1,800,1,2,3,289396,16519372248,6,5,0,1,5,2,1,800,1,2,2,401999,22947852350,8,5,0,1,1,2,1,800,1,2,1,401998,22947852276,8,5,0,1,6,2,1,800,1,2,3,401999,22947852350,8,5,0,1,5,2,1,800,1,2,2,515392,29420718784,10,5,0,1,1,2,1,800,1,2,1,515391,29420718710,10,5,0,1,6,2,1,800,1,2,3,515392,29420718784,10,5,0,1,5,2,1,800,1,2,2,622082,35510839044,12,5,0,1
2,4,3,800,3,4,1,1,66,0,5,0,1,2,4,3,800,3,4,1,9410570,537492009644,297,5,0,1,3,4,3,800,3,4,2,9410571,537492009718,297,5,0,1,,,,,,,,,,,,,,,,,,,,,,,,,,,,,,,,,,,,,,,,,,,,,,,,,,,,,,,,,,,,,,,,,,,,,,,,,,,,,,,,,,,,,,,,,,,,,,,,,,,,,,,,,,,,,,,,,,,,,,,,,,,,,,,,,,,,,,,,,,,,,,,,,,,,,,,,,,,,
1,1,3,800,3,1,2,58785,3356826586,1,5,0,1,2,1,3,800,3,1,1,181291,10350294206,3,5,0,1,1,1,3,800,3,1,2,181292,10350294280,3,5,0,1,2,1,3,800,3,1,1,300801,17173624010,5,5,0,1,1,1,3,800,3,1,2,300802,17173624084,5,5,0,1,2,1,3,800,3,1,1,421099,24040888422,7,5,0,1,1,1,3,800,3,1,2,421100,24040888496,7,5,0,1,2,1,3,800,3,1,1,539237,30785353802,9,5,0,1,1,1,3,800,3,1,2,539238,30785353876,9,5,0,1,2,1,3,800,3,1,1,659483,37649323566,11,5,0,1,1,1,3,800,3,1,2,659484,37649323640,11,5,0,1,2,1,3,800,3,1,1,761710,43484828028,13,5,0,1,1,1,3,800,3,1,2,761711,43484828102,13,5,0,1,2,1,3,800,3,1,1,882394,50374601412,15,5,0,1,1,1,3,800,3,1,2,882395,50374601486,15,5,0,1
1,2,1,800,1,2,1,46524,2647339104,1,5,0,1,6,2,1,800,1,2,3,46525,2647339178,1,5,0,1,5,2,1,800,1,2,2,162282,9255810620,3,5,0,1,1,2,1,800,1,2,1,162281,9255810546,3,5,0,1,6,2,1,800,1,2,3,162282,9255810620,3,5,0,1,5,2,1,800,1,2,2,277625,15840554298,5,5,0,1,1,2,1,800,1,2,1,277624,15840554224,5,5,0,1,6,2,1,800,1,2,3,277625,15840554298,5,5,0,1,5,2,1,800,1,2,2,386422,22051288580,7,5,0,1,1,2,1,800,1,2,1,386421,22051288506,7,5,0,1,6,2,1,800,1,2,3,386422,22051288580,7,5,0,1,5,2,1,800,1,2,2,503316,28724403648,9,5,0,1,1,2,1,800,1,2,1,503315,28724403574,9,5,0,1,6,2,1,800,1,2,3,503316,28724403648,9,5,0,1,5,2,1,800,1,2,2,612587,34962587414,11,5,0,1
1,1,3,800,3,1,2,47612,2718878792,1,5,0,1,2,1,3,800,3,1,1,162170,9258799204,3,5,0,1,1,1,3,800,3,1,2,162171,9258799278,3,5,0,1,2,1,3,800,3,1,1,276989,15813388442,5,5,0,1,1,1,3,800,3,1,2,276990,15813388516,5,5,0,1,2,1,3,800,3,1,1,390054,22267633980,7,5,0,1,1,1,3,800,3,1,2,390055,22267634054,7,5,0,1,2,1,3,800,3,1,1,506257,28901252914,9,5,0,1,1,1,3,800,3,1,2,506258,28901252988,9,5,0,1,2,1,3,800,3,1,1,620073,35398831090,11,5,0,1,1,1,3,800,3,1,2,620074,35398831164,11,5,0,1,2,1,3,800,3,1,1,737421,42097734290,13,5,0,1,1,1,3,800,3,1,2,737422,42097734364,13,5,0,1,2,1,3,800,3,1,1,855223,48822454510,15,5,0,1,1,1,3,800,3,1,2,855224,48822454584,15,5,0,1
1,2,1,800,1,2,1,21433,1222224570,0,5,0,1,6,2,1,800,1,2,3,21434,1222224644,0,5,0,1,5,2,1,800,1,2,2,101038,5755002868,2,5,0,1,1,2,1,800,1,2,1,101037,5755002794,2,5,0,1,6,2,1,800,1,2,3,101038,5755002868,2,5,0,1,5,2,1,800,1,2,2,194127,11070579022,4,5,0,1,1,2,1,800,1,2,1,194126,11070578948,4,5,0,1,6,2,1,800,1,2,3,194127,11070579022,4,5,0,1,5,2,1,800,1,2,2,245503,13967148310,7,5,0,1,1,2,1,800,1,2,1,245502,13967148236,7,5,0,1,6,2,1,800,1,2,3,245503,13967148310,7,5,0,1,5,2,1,800,1,2,2,284921,15806753962,9,5,0,1,1,2,1,800,1,2,1,284920,15806753888,9,5,0,1,6,2,1,800,1,2,3,284921,15806753962,9,5,0,1,5,2,1,800,1,2,2,389295,20954352534,11,5,0,1
1,3,1,800,1,3,1,1,66,0,5,0,1,1,3,1,800,1,3,1,18388417,967581277146,559,5,0,1,,,,,,,,,,,,,,,,,,,,,,,,,,,,,,,,,,,,,,,,,,,,,,,,,,,,,,,,,,,,,,,,,,,,,,,,,,,,,,,,,,,,,,,,,,,,,,,,,,,,,,,,,,,,,,,,,,,,,,,,,,,,,,,,,,,,,,,,,,,,,,,,,,,,,,,,,,,,,,,,,,,,,,,,,
6,2,3,800,3,2,3,5850209,318137852618,140,5,0,1,5,2,3,800,3,2,2,5934307,322940510934,142,5,0,1,2,2,3,800,3,2,1,5934306,322940510860,142,5,0,1,1,2,3,800,3,2,2,5934307,322940510934,142,5,0,1,6,2,3,800,3,2,3,5934307,322940510934,142,5,0,1,5,2,3,800,3,2,2,6030111,328410846382,144,5,0,1,2,2,3,800,3,2,1,6030110,328410846308,144,5,0,1,1,2,3,800,3,2,2,6030111,328410846382,144,5,0,1,6,2,3,800,3,2,3,6030111,328410846382,144,5,0,1,5,2,3,800,3,2,2,6122471,333685498518,146,5,0,1,2,2,3,800,3,2,1,6122470,333685498444,146,5,0,1,1,2,3,800,3,2,2,6122471,333685498518,146,5,0,1,6,2,3,800,3,2,3,6122471,333685498518,146,5,0,1,5,2,3,800,3,2,2,6219279,339212278110,148,5,0,1,2,2,3,800,3,2,1,6219278,339212278036,148,5,0,1
3,2,3,800,3,2,2,3012916,171997544328,61,5,0,1,,,,,,,,,,,,,,,,,,,,,,,,,,,,,,,,,,,,,,,,,,,,,,,,,,,,,,,,,,,,,,,,,,,,,,,,,,,,,,,,,,,,,,,,,,,,,,,,,,,,,,,,,,,,,,,,,,,,,,,,,,,,,,,,,,,,,,,,,,,,,,,,,,,,,,,,,,,,,,,,,,,,,,,,,,,,,,,,,,,,,,
6,2,1,800,1,2,3,6282121,357508352834,117,5,0,1,5,2,1,800,1,2,2,6391932,363777219752,119,5,0,1,1,2,1,800,1,2,1,6391931,363777219678,119,5,0,1,6,2,1,800,1,2,3,6391932,363777219752,119,5,0,1,5,2,1,800,1,2,2,6503366,370139303396,121,5,0,1,1,2,1,800,1,2,1,6503365,370139303322,121,5,0,1,6,2,1,800,1,2,3,6503366,370139303396,121,5,0,1,5,2,1,800,1,2,2,6611145,376292491674,123,5,0,1,1,2,1,800,1,2,1,6611144,376292491600,123,5,0,1,6,2,1,800,1,2,3,6611145,376292491674,123,5,0,1,5,2,1,800,1,2,2,6719975,382505398470,125,5,0,1,1,2,1,800,1,2,1,6719974,382505398396,125,5,0,1,6,2,1,800,1,2,3,6719975,382505398470,125,5,0,1,5,2,1,800,1,2,2,6821998,388329417188,127,5,0,1,1,2,1,800,1,2,1,6821997,388329417114,127,5,0,1
2,2,3,800,3,2,1,23175,1322252818,0,5,0,1,3,2,3,800,3,2,2,23176,1322252892,0,5,0,1,6,2,3,800,3,2,2,23176,1322252892,0,5,0,1,4,2,3,800,3,2,2,131969,7532404590,2,5,0,1,2,2,3,800,3,2,1,131968,7532404516,2,5,0,1,3,2,3,800,3,2,2,131969,7532404590,2,5,0,1,6,2,3,800,3,2,2,131969,7532404590,2,5,0,1,4,2,3,800,3,2,2,242227,13825924162,4,5,0,1,2,2,3,800,3,2,1,242226,13825924088,4,5,0,1,3,2,3,800,3,2,2,242227,13825924162,4,5,0,1,6,2,3,800,3,2,2,242227,13825924162,4,5,0,1,4,2,3,800,3,2,2,353706,20189220168,6,5,0,1,2,2,3,800,3,2,1,353705,20189220094,6,5,0,1,3,2,3,800,3,2,2,353706,20189220168,6,5,0,1,6,2,3,800,3,2,2,353706,20189220168,6,5,0,1
1,1,2,800,2,1,3,1,74,0,5,0,1,1,1,2,800,2,1,3,5650539,322495482806,107,5,0,1,6,1,2,800,2,1,1,5650538,322495482732,107,5,0,1,,,,,,,,,,,,,,,,,,,,,,,,,,,,,,,,,,,,,,,,,,,,,,,,,,,,,,,,,,,,,,,,,,,,,,,,,,,,,,,,,,,,,,,,,,,,,,,,,,,,,,,,,,,,,,,,,,,,,,,,,,,,,,,,,,,,,,,,,,,,,,,,,,,,,,,,,,,,
6,4,2,800,2,4,1,9071,462561598,0,5,0,1,4,4,2,800,2,4,4,78164,3632967552,2,5,0,1,6,4,2,800,2,4,1,78163,3632967478,2,5,0,1,4,4,2,800,2,4,4,149394,6916174036,4,5,0,1,6,4,2,800,2,4,1,149393,6916173962,4,5,0,1,4,4,2,800,2,4,4,220985,10176530250,6,5,0,1,6,4,2,800,2,4,1,220984,10176530176,6,5,0,1,4,4,2,800,2,4,4,289940,13329562832,8,5,0,1,6,4,2,800,2,4,1,289939,13329562758,8,5,0,1,4,4,2,800,2,4,4,354789,16314354234,10,5,0,1,6,4,2,800,2,4,1,354788,16314354160,10,5,0,1,4,4,2,800,2,4,4,423941,19460189818,12,5,0,1,6,4,2,800,2,4,1,423940,19460189744,12,5,0,1,4,4,2,800,2,4,4,494066,22656422020,14,5,0,1,6,4,2,800,2,4,1,494065,22656421946,14,5,0,1
1,2,1,800,1,2,1,45573,2595559202,1,5,0,1,6,2,1,800,1,2,3,45574,2595559276,1,5,0,1,5,2,1,800,1,2,2,158902,9064619052,3,5,0,1,1,2,1,800,1,2,1,158901,9064618978,3,5,0,1,6,2,1,800,1,2,3,158902,9064619052,3,5,0,1,5,2,1,800,1,2,2,273295,15594634398,5,5,0,1,1,2,1,800,1,2,1,273294,15594634324,5,5,0,1,6,2,1,800,1,2,3,273295,15594634398,5,5,0,1,5,2,1,800,1,2,2,387286,22101538708,7,5,0,1,1,2,1,800,1,2,1,387285,22101538634,7,5,0,1,6,2,1,800,1,2,3,387286,22101538708,7,5,0,1,5,2,1,800,1,2,2,500867,28586005974,9,5,0,1,1,2,1,800,1,2,1,500866,28586005900,9,5,0,1,6,2,1,800,1,2,3,500867,28586005974,9,5,0,1,5,2,1,800,1,2,2,607074,34652195884,11,5,0,1
2,4,3,800,3,4,1,24562,1396912164,1,5,0,1,3,4,3,800,3,4,2,24563,1396912238,1,5,0,1,4,4,3,800,3,4,2,128040,7304785560,3,5,0,1,2,4,3,800,3,4,1,128039,7304785486,3,5,0,1,3,4,3,800,3,4,2,128040,7304785560,3,5,0,1,4,4,3,800,3,4,2,199956,11412935144,5,5,0,1,2,4,3,800,3,4,1,199955,11412935070,5,5,0,1,3,4,3,800,3,4,2,199956,11412935144,5,5,0,1,4,4,3,800,3,4,2,307368,17545162256,7,5,0,1,2,4,3,800,3,4,1,307367,17545162182,7,5,0,1,3,4,3,800,3,4,2,307368,17545162256,7,5,0,1,4,4,3,800,3,4,2,414816,23679586240,9,5,0,1,2,4,3,800,3,4,1,414815,23679586166,9,5,0,1,3,4,3,800,3,4,2,414816,23679586240,9,5,0,1,4,4,3,800,3,4,2,521777,29785552474,11,5,0,1
2,3,1,800,1,3,4,20598,1173572580,1,5,0,1,1,3,1,800,1,3,1,20597,1173572506,1,5,0,1,5,3,1,800,1,3,2,85991,4908885782,3,5,0,1,2,3,1,800,1,3,4,85991,4908885782,3,5,0,1,1,3,1,800,1,3,1,85990,4908885708,3,5,0,1,5,3,1,800,1,3,2,151691,8661225182,5,5,0,1,2,3,1,800,1,3,4,151691,8661225182,5,5,0,1,1,3,1,800,1,3,1,151690,8661225108,5,5,0,1,5,3,1,800,1,3,2,216580,12366913504,7,5,0,1,2,3,1,800,1,3,4,216580,12366913504,7,5,0,1,1,3,1,800,1,3,1,216579,12366913430,7,5,0,1,5,3,1,800,1,3,2,280704,16029855072,9,5,0,1,2,3,1,800,1,3,4,280704,16029855072,9,5,0,1,1,3,1,800,1,3,1,280703,16029854998,9,5,0,1,5,3,1,800,1,3,2,370944,21184066000,11,5,0,1
4,2,3,800,3,2,2,3012916,171997544328,61,5,0,1,,,,,,,,,,,,,,,,,,,,,,,,,,,,,,,,,,,,,,,,,,,,,,,,,,,,,,,,,,,,,,,,,,,,,,,,,,,,,,,,,,,,,,,,,,,,,,,,,,,,,,,,,,,,,,,,,,,,,,,,,,,,,,,,,,,,,,,,,,,,,,,,,,,,,,,,,,,,,,,,,,,,,,,,,,,,,,,,,,,,,,
6,4,2,800,2,4,1,6101,346422162,0,5,0,1,4,4,2,800,2,4,4,70827,4044447654,2,5,0,1,6,4,2,800,2,4,1,70826,4044447580,2,5,0,1,4,4,2,800,2,4,4,133101,7600953914,4,5,0,1,6,4,2,800,2,4,1,133100,7600953840,4,5,0,1,4,4,2,800,2,4,4,200055,11425109910,6,5,0,1,6,4,2,800,2,4,1,200054,11425109836,6,5,0,1,4,4,2,800,2,4,4,268606,15340344980,8,5,0,1,6,4,2,800,2,4,1,268605,15340344906,8,5,0,1,4,4,2,800,2,4,4,336219,19201812550,10,5,0,1,6,4,2,800,2,4,1,336218,19201812476,10,5,0,1,4,4,2,800,2,4,4,405097,23135717090,12,5,0,1,6,4,2,800,2,4,1,405096,23135717016,12,5,0,1,4,4,2,800,2,4,4,474214,27083827172,14,5,0,1,6,4,2,800,2,4,1,474213,27083827098,14,5,0,1
2,4,3,800,3,4,1,3644,206500688,0,5,0,1,3,4,3,800,3,4,2,3645,206500762,0,5,0,1,4,4,3,800,3,4,2,61933,3535380578,2,5,0,1,2,4,3,800,3,4,1,61932,3535380504,2,5,0,1,3,4,3,800,3,4,2,61933,3535380578,2,5,0,1,4,4,3,800,3,4,2,125648,7174748680,4,5,0,1,2,4,3,800,3,4,1,125647,7174748606,4,5,0,1,3,4,3,800,3,4,2,125648,7174748680,4,5,0,1,4,4,3,800,3,4,2,189530,10822789068,6,5,0,1,2,4,3,800,3,4,1,189529,10822788994,6,5,0,1,3,4,3,800,3,4,2,189530,10822789068,6,5,0,1,4,4,3,800,3,4,2,250530,14308024580,8,5,0,1,2,4,3,800,3,4,1,250529,14308024506,8,5,0,1,3,4,3,800,3,4,2,250530,14308024580,8,5,0,1,4,4,3,800,3,4,2,314564,17965930992,10,5,0,1
2,2,3,800,3,2,1,101579,5796470618,2,5,0,1,3,2,3,800,3,2,2,101580,5796470692,2,5,0,1,6,2,3,800,3,2,2,101580,5796470692,2,5,0,1,4,2,3,800,3,2,2,210502,12013862616,4,5,0,1,2,2,3,800,3,2,1,210501,12013862542,4,5,0,1,3,2,3,800,3,2,2,210502,12013862616,4,5,0,1,6,2,3,800,3,2,2,210502,12013862616,4,5,0,1,4,2,3,800,3,2,2,319649,18244360270,6,5,0,1,2,2,3,800,3,2,1,319648,18244360196,6,5,0,1,3,2,3,800,3,2,2,319649,18244360270,6,5,0,1,6,2,3,800,3,2,2,319649,18244360270,6,5,0,1,4,2,3,800,3,2,2,423556,24175316364,8,5,0,1,2,2,3,800,3,2,1,423555,24175316290,8,5,0,1,3,2,3,800,3,2,2,423556,24175316364,8,5,0,1,6,2,3,800,3,2,2,423556,24175316364,8,5,0,1
2,4,3,800,3,4,1,1448,80672456,0,5,0,1,3,4,3,800,3,4,2,1449,80672530,0,5,0,1,4,4,3,800,3,4,2,66231,3780913998,2,5,0,1,2,4,3,800,3,4,1,66230,3780913924,2,5,0,1,3,4,3,800,3,4,2,66231,3780913998,2,5,0,1,4,4,3,800,3,4,2,131045,7482735586,4,5,0,1,2,4,3,800,3,4,1,131044,7482735512,4,5,0,1,3,4,3,800,3,4,2,131045,7482735586,4,5,0,1,4,4,3,800,3,4,2,196907,11244403558,6,5,0,1,2,4,3,800,3,4,1,196906,11244403484,6,5,0,1,3,4,3,800,3,4,2,196907,11244403558,6,5,0,1,4,4,3,800,3,4,2,262087,14966612046,8,5,0,1,2,4,3,800,3,4,1,262086,14966611972,8,5,0,1,3,4,3,800,3,4,2,262087,14966612046,8,5,0,1,4,4,3,800,3,4,2,324890,18553775948,10,5,0,1
1,3,1,800,1,3,1,5646312,322495203816,171,5,0,1,,,,,,,,,,,,,,,,,,,,,,,,,,,,,,,,,,,,,,,,,,,,,,,,,,,,,,,,,,,,,,,,,,,,,,,,,,,,,,,,,,,,,,,,,,,,,,,,,,,,,,,,,,,,,,,,,,,,,,,,,,,,,,,,,,,,,,,,,,,,,,,,,,,,,,,,,,,,,,,,,,,,,,,,,,,,,,,,,,,,,,
1,3,1,800,1,3,1,12612,718714840,1,5,0,1,2,3,1,800,1,3,2,81474,4652012748,3,5,0,1,1,3,1,800,1,3,1,81473,4652012674,3,5,0,1,2,3,1,800,1,3,2,149837,8556358034,5,5,0,1,1,3,1,800,1,3,1,149836,8556357960,5,5,0,1,2,3,1,800,1,3,2,213022,12166124900,7,5,0,1,1,3,1,800,1,3,1,213021,12166124826,7,5,0,1,2,3,1,800,1,3,2,281172,16058867152,9,5,0,1,1,3,1,800,1,3,1,281171,16058867078,9,5,0,1,2,3,1,800,1,3,2,348746,19918160756,11,5,0,1,1,3,1,800,1,3,1,348745,19918160682,11,5,0,1,2,3,1,800,1,3,2,416147,23768652726,13,5,0,1,1,3,1,800,1,3,1,416146,23768652652,13,5,0,1,2,3,1,800,1,3,2,511884,29237261224,15,5,0,1,1,3,1,800,1,3,1,511883,29237261150,15,5,0,1
1,2,1,800,1,2,1,34359,1958691166,0,5,0,1,6,2,1,800,1,2,3,34360,1958691240,0,5,0,1,5,2,1,800,1,2,2,146836,8379470824,2,5,0,1,1,2,1,800,1,2,1,146835,8379470750,2,5,0,1,6,2,1,800,1,2,3,146836,8379470824,2,5,0,1,5,2,1,800,1,2,2,260247,14853466294,4,5,0,1,1,2,1,800,1,2,1,260246,14853466220,4,5,0,1,6,2,1,800,1,2,3,260247,14853466294,4,5,0,1,5,2,1,800,1,2,2,370114,21126162204,6,5,0,1,1,2,1,800,1,2,1,370113,21126162130,6,5,0,1,6,2,1,800,1,2,3,370114,21126162204,6,5,0,1,5,2,1,800,1,2,2,376660,21499696072,8,5,0,1,1,2,1,800,1,2,1,376659,21499695998,8,5,0,1,6,2,1,800,1,2,3,376660,21499696072,8,5,0,1,5,2,1,800,1,2,2,376660,21499696072,10,5,0,1
1,1,3,800,3,1,2,85623,4889007550,2,5,0,1,2,1,3,800,3,1,1,204396,11669588776,4,5,0,1,1,1,3,800,3,1,2,204397,11669588850,4,5,0,1,2,1,3,800,3,1,1,297793,17002195314,6,5,0,1,1,1,3,800,3,1,2,297794,17002195388,6,5,0,1,2,1,3,800,3,1,1,384218,21936992724,8,5,0,1,1,1,3,800,3,1,2,384219,21936992798,8,5,0,1,2,1,3,800,3,1,1,472998,27008319628,10,5,0,1,1,1,3,800,3,1,2,472999,27008319702,10,5,0,1,2,1,3,800,3,1,1,556664,31788412336,12,5,0,1,1,1,3,800,3,1,2,556665,31788412410,12,5,0,1,2,1,3,800,3,1,1,675369,38564106202,14,5,0,1,1,1,3,800,3,1,2,675370,38564106276,14,5,0,1,2,1,3,800,3,1,1,795941,45447217722,16,5,0,1,1,1,3,800,3,1,2,795942,45447217796,16,5,0,1
6,1,2,800,2,1,1,1,66,0,5,0,1,6,1,2,800,2,1,1,15075712,859988456216,292,5,0,1,,,,,,,,,,,,,,,,,,,,,,,,,,,,,,,,,,,,,,,,,,,,,,,,,,,,,,,,,,,,,,,,,,,,,,,,,,,,,,,,,,,,,,,,,,,,,,,,,,,,,,,,,,,,,,,,,,,,,,,,,,,,,,,,,,,,,,,,,,,,,,,,,,,,,,,,,,,,,,,,,,,,,,,,,
1,2,1,800,1,2,1,12732,723727328,1,5,0,1,6,2,1,800,1,2,3,12733,723727402,1,5,0,1,5,2,1,800,1,2,2,61001,3434695978,3,5,0,1,1,2,1,800,1,2,1,61000,3434695904,3,5,0,1,6,2,1,800,1,2,3,61001,3434695978,3,5,0,1,5,2,1,800,1,2,2,147190,8357007636,5,5,0,1,1,2,1,800,1,2,1,147189,8357007562,5,5,0,1,6,2,1,800,1,2,3,147190,8357007636,5,5,0,1,5,2,1,800,1,2,2,245723,13983625974,7,5,0,1,1,2,1,800,1,2,1,245722,13983625900,7,5,0,1,6,2,1,800,1,2,3,245723,13983625974,7,5,0,1,5,2,1,800,1,2,2,321974,18295030588,9,5,0,1,1,2,1,800,1,2,1,321973,18295030514,9,5,0,1,6,2,1,800,1,2,3,321974,18295030588,9,5,0,1,5,2,1,800,1,2,2,404431,23004501934,11,5,0,1
2,4,3,800,3,4,1,34879,1988796958,1,5,0,1,3,4,3,800,3,4,2,34880,1988797032,1,5,0,1,4,4,3,800,3,4,2,101616,5800338320,3,5,0,1,2,4,3,800,3,4,1,101615,5800338246,3,5,0,1,3,4,3,800,3,4,2,101616,5800338320,3,5,0,1,4,4,3,800,3,4,2,165847,9469236382,5,5,0,1,2,4,3,800,3,4,1,165846,9469236308,5,5,0,1,3,4,3,800,3,4,2,165847,9469236382,5,5,0,1,4,4,3,800,3,4,2,230400,13156882824,8,5,0,1,2,4,3,800,3,4,1,230399,13156882750,8,5,0,1,3,4,3,800,3,4,2,230400,13156882824,8,5,0,1,4,4,3,800,3,4,2,290461,16587590786,10,5,0,1,2,4,3,800,3,4,1,290460,16587590712,10,5,0,1,3,4,3,800,3,4,2,290461,16587590786,10,5,0,1,4,4,3,800,3,4,2,355733,20316835298,12,5,0,1
5,2,1,800,1,2,2,1949501,107502849498,55,5,0,1,,,,,,,,,,,,,,,,,,,,,,,,,,,,,,,,,,,,,,,,,,,,,,,,,,,,,,,,,,,,,,,,,,,,,,,,,,,,,,,,,,,,,,,,,,,,,,,,,,,,,,,,,,,,,,,,,,,,,,,,,,,,,,,,,,,,,,,,,,,,,,,,,,,,,,,,,,,,,,,,,,,,,,,,,,,,,,,,,,,,,,
5,1,2,800,2,1,5,75115,4284417734,2,5,0,1,1,1,2,800,2,1,3,75115,4284417734,2,5,0,1,6,1,2,800,2,1,1,75114,4284417660,2,5,0,1,5,1,2,800,2,1,5,188532,10759026032,4,5,0,1,1,1,2,800,2,1,3,188532,10759026032,4,5,0,1,6,1,2,800,2,1,1,188531,10759025958,4,5,0,1,5,1,2,800,2,1,5,300702,17162285556,6,5,0,1,1,1,2,800,2,1,3,300702,17162285556,6,5,0,1,6,1,2,800,2,1,1,300701,17162285482,6,5,0,1,5,1,2,800,2,1,5,413477,23600039186,8,5,0,1,1,1,2,800,2,1,3,413477,23600039186,8,5,0,1,6,1,2,800,2,1,1,413476,23600039112,8,5,0,1,5,1,2,800,2,1,5,527693,30120119930,10,5,0,1,1,1,2,800,2,1,3,527693,30120119930,10,5,0,1,6,1,2,800,2,1,1,527692,30120119856,10,5,0,1
2,3,1,800,1,3,4,1,74,0,5,0,1,2,3,1,800,1,3,2,9410656,537492015328,278,5,0,1,,,,,,,,,,,,,,,,,,,,,,,,,,,,,,,,,,,,,,,,,,,,,,,,,,,,,,,,,,,,,,,,,,,,,,,,,,,,,,,,,,,,,,,,,,,,,,,,,,,,,,,,,,,,,,,,,,,,,,,,,,,,,,,,,,,,,,,,,,,,,,,,,,,,,,,,,,,,,,,,,,,,,,,,,
6,2,1,800,1,2,3,15064530,859987718212,277,5,0,1,,,,,,,,,,,,,,,,,,,,,,,,,,,,,,,,,,,,,,,,,,,,,,,,,,,,,,,,,,,,,,,,,,,,,,,,,,,,,,,,,,,,,,,,,,,,,,,,,,,,,,,,,,,,,,,,,,,,,,,,,,,,,,,,,,,,,,,,,,,,,,,,,,,,,,,,,,,,,,,,,,,,,,,,,,,,,,,,,,,,,,
1,1,3,800,3,1,2,4851,275486974,0,5,0,1,2,1,3,800,3,1,1,118951,6789023470,2,5,0,1,1,1,3,800,3,1,2,118952,6789023544,2,5,0,1,2,1,3,800,3,1,1,236505,13499424890,4,5,0,1,1,1,3,800,3,1,2,236506,13499424964,4,5,0,1,2,1,3,800,3,1,1,347190,19818250236,6,5,0,1,1,1,3,800,3,1,2,347191,19818250310,6,5,0,1,2,1,3,800,3,1,1,465093,26548408666,8,5,0,1,1,1,3,800,3,1,2,465094,26548408740,8,5,0,1,2,1,3,800,3,1,1,585550,33424451524,10,5,0,1,1,1,3,800,3,1,2,585551,33424451598,10,5,0,1,2,1,3,800,3,1,1,706228,40314191296,12,5,0,1,1,1,3,800,3,1,2,706229,40314191370,12,5,0,1,2,1,3,800,3,1,1,753269,42999388738,14,5,0,1,1,1,3,800,3,1,2,753270,42999388812,14,5,0,1
2,2,3,800,3,2,1,77033,4395452146,1,5,0,1,6,2,3,800,3,2,3,77034,4395452220,1,5,0,1,5,2,3,800,3,2,3,176018,10046730804,3,5,0,1,2,2,3,800,3,2,1,176017,10046730730,3,5,0,1,6,2,3,800,3,2,3,176018,10046730804,3,5,0,1,5,2,3,800,3,2,3,276766,15798378404,5,5,0,1,2,2,3,800,3,2,1,276765,15798378330,5,5,0,1,6,2,3,800,3,2,3,276766,15798378404,5,5,0,1,5,2,3,800,3,2,3,370495,21150124086,7,5,0,1,2,2,3,800,3,2,1,370494,21150124012,7,5,0,1,6,2,3,800,3,2,3,370495,21150124086,7,5,0,1,5,2,3,800,3,2,3,468758,26760763700,9,5,0,1,2,2,3,800,3,2,1,468757,26760763626,9,5,0,1,6,2,3,800,3,2,3,468758,26760763700,9,5,0,1,5,2,3,800,3,2,3,565791,32300735990,11,5,0,1
1,1,3,800,3,1,2,5215,295871302,0,5,0,1,2,1,3,800,3,1,1,124237,7091338242,2,5,0,1,1,1,3,800,3,1,2,124238,7091338316,2,5,0,1,2,1,3,800,3,1,1,242486,13841231948,4,5,0,1,1,1,3,800,3,1,2,242487,13841232022,4,5,0,1,2,1,3,800,3,1,1,362718,20705195396,6,5,0,1,1,1,3,800,3,1,2,362719,20705195470,6,5,0,1,2,1,3,800,3,1,1,483997,27628485178,8,5,0,1,1,1,3,800,3,1,2,483998,27628485252,8,5,0,1,2,1,3,800,3,1,1,602579,34398143526,10,5,0,1,1,1,3,800,3,1,2,602580,34398143600,10,5,0,1,2,1,3,800,3,1,1,721400,41180883136,12,5,0,1,1,1,3,800,3,1,2,721401,41180883210,12,5,0,1,2,1,3,800,3,1,1,839168,47903915648,14,5,0,1,1,1,3,800,3,1,2,839169,47903915722,14,5,0,1
1,1,2,800,2,1,3,74329,4243409490,2,5,0,1,6,1,2,800,2,1,1,74328,4243409416,2,5,0,1,5,1,2,800,2,1,5,173541,9917993490,4,5,0,1,1,1,2,800,2,1,3,173541,9917993490,4,5,0,1,6,1,2,800,2,1,1,173540,9917993416,4,5,0,1,5,1,2,800,2,1,5,273887,15537693926,6,5,0,1,1,1,2,800,2,1,3,273887,15537693926,6,5,0,1,6,1,2,800,2,1,1,273886,15537693852,6,5,0,1,5,1,2,800,2,1,5,384860,21872901224,8,5,0,1,1,1,2,800,2,1,3,384860,21872901224,8,5,0,1,6,1,2,800,2,1,1,384859,21872901150,8,5,0,1,5,1,2,800,2,1,5,490222,27888357092,10,5,0,1,1,1,2,800,2,1,3,490222,27888357092,10,5,0,1,6,1,2,800,2,1,1,490221,27888357018,10,5,0,1,5,1,2,800,2,1,5,599907,34150136822,12,5,0,1
1,1,3,800,3,1,2,1893125,107499128682,41,5,0,1,,,,,,,,,,,,,,,,,,,,,,,,,,,,,,,,,,,,,,,,,,,,,,,,,,,,,,,,,,,,,,,,,,,,,,,,,,,,,,,,,,,,,,,,,,,,,,,,,,,,,,,,,,,,,,,,,,,,,,,,,,,,,,,,,,,,,,,,,,,,,,,,,,,,,,,,,,,,,,,,,,,,,,,,,,,,,,,,,,,,,,
6,2,1,800,1,2,3,3079284,166158866680,104,5,0,1,5,2,1,800,1,2,2,3126985,168360354418,106,5,0,1,1,2,1,800,1,2,1,3126984,168360354344,106,5,0,1,6,2,1,800,1,2,3,3126985,168360354418,106,5,0,1,5,2,1,800,1,2,2,3188950,171721693684,108,5,0,1,1,2,1,800,1,2,1,3188949,171721693610,108,5,0,1,6,2,1,800,1,2,3,3188950,171721693684,108,5,0,1,5,2,1,800,1,2,2,3242769,174786723186,110,5,0,1,1,2,1,800,1,2,1,3242768,174786723112,110,5,0,1,6,2,1,800,1,2,3,3242769,174786723186,110,5,0,1,5,2,1,800,1,2,2,3284136,176834442072,112,5,0,1,1,2,1,800,1,2,1,3284135,176834441998,112,5,0,1,6,2,1,800,1,2,3,3284136,176834442072,112,5,0,1,5,2,1,800,1,2,2,3373617,181558560610,114,5,0,1,1,2,1,800,1,2,1,3373616,181558560536,114,5,0,1
1,1,3,800,3,1,2,1,74,0,5,0,1,1,1,3,800,3,1,2,7531843,429993831270,137,5,0,1,,,,,,,,,,,,,,,,,,,,,,,,,,,,,,,,,,,,,,,,,,,,,,,,,,,,,,,,,,,,,,,,,,,,,,,,,,,,,,,,,,,,,,,,,,,,,,,,,,,,,,,,,,,,,,,,,,,,,,,,,,,,,,,,,,,,,,,,,,,,,,,,,,,,,,,,,,,,,,,,,,,,,,,,,
