agent, num_iperfs, port_number, original_size, transfered, retries, flow_completion_time, bandwidth, iter
A1,2,5202,10M,9.95,-1,27.91,2.99,4
A1,2,5201,10M,9.99,-1,33.08,2.53,0
A1,2,46110,10M,10.0,0.0,16.8,5.0,3
A1,2,46110,10M,10.1,0.0,11.72,7.21,2
A1,2,5201,10M,9.96,-1,24.13,3.46,1
A1,2,5201,10M,9.94,-1,16.92,4.93,3
A1,2,46110,10M,10.1,21.0,32.97,2.56,0
A1,2,46110,10M,10.0,1.0,23.33,3.6,1
A1,2,5201,10M,10.0,-1,11.77,7.14,2
A1,2,5202,10M,9.97,-1,12.48,6.71,2
A1,2,46110,10M,10.1,1.0,17.45,4.84,4
A1,2,5202,10M,10.0,-1,17.31,4.84,3
A1,2,5202,10M,9.97,-1,34.4,2.43,1
A1,2,5201,10M,10.1,-1,17.64,4.79,4
A1,2,5202,10M,10.0,-1,31.98,2.62,0
A1,2,46112,10M,10.1,0.0,31.92,2.65,0
A1,2,46112,10M,10.0,1.0,33.57,2.51,1
A1,2,46112,10M,10.1,1.0,17.24,4.9,3
A1,2,46112,10M,10.1,0.0,12.43,6.8,2
A1,2,46112,10M,10.0,1.0,27.9,3.01,4
A1,2,46112,50M,50.8,1898.0,91.0,4.68,3
A1,2,46112,50M,51.2,818.0,78.0,5.51,2
A1,2,46112,50M,50.5,2410.0,92.0,4.6,0
A1,2,46112,50M,50.6,1371.0,95.0,4.47,1
A1,2,46112,50M,50.1,1618.0,87.0,4.83,4
A1,2,5201,50M,41.8,-1,82.55,4.25,3
A1,2,46110,50M,50.3,318.0,86.0,4.9,0
A1,2,46110,50M,50.3,1131.0,77.0,5.48,1
A1,2,5201,50M,44.1,-1,61.25,6.04,2
A1,2,5202,50M,43.7,-1,88.05,4.16,4
A1,2,5201,50M,46.2,-1,87.17,4.44,0
A1,2,46110,50M,50.0,2208.0,81.0,5.18,3
A1,2,46110,50M,50.4,243.0,60.0,7.04,2
A1,2,5201,50M,45.0,-1,78.24,4.82,1
A1,2,5202,50M,46.4,-1,95.89,4.06,1
A1,2,5201,50M,42.7,-1,82.79,4.33,4
A1,2,5202,50M,45.5,-1,92.82,4.11,0
A1,2,5202,50M,41.6,-1,79.25,4.41,2
A1,2,46110,50M,50.5,977.0,81.0,5.23,4
A1,2,5202,50M,42.8,-1,92.3,3.89,3
A1,2,46110,100M,100.0,6177.0,173.0,4.85,3
A1,2,46112,100M,101.0,2195.0,178.0,4.76,0
A1,2,46112,100M,101.0,1767.0,185.0,4.59,1
A1,2,5201,100M,91.7,-1,168.31,4.57,4
A1,2,46110,100M,100.0,912.0,171.0,4.91,2
A1,2,46110,100M,101.0,1695.0,200.0,4.24,0
A1,2,5202,100M,92.6,-1,129.4,6.01,4
A1,2,46112,100M,101.0,5609.0,167.0,5.08,3
A1,2,46112,100M,101.0,1792.0,190.0,4.47,2
A1,2,46110,100M,100.0,2073.0,162.0,5.19,1
A1,2,5201,100M,90.7,-1,175.37,4.34,3
A1,2,5202,100M,94.0,-1,186.13,4.24,1
A1,2,5202,100M,90.7,-1,179.64,4.23,0
A1,2,5201,100M,95.2,-1,172.14,4.64,2
A1,2,46110,100M,100.0,1151.0,167.0,5.04,4
A1,2,5201,100M,93.7,-1,201.23,3.91,0
A1,2,5202,100M,93.2,-1,191.19,4.09,2
A1,2,46112,100M,100.0,1233.0,128.0,6.55,4
A1,2,5202,100M,86.3,-1,167.43,4.32,3
A1,2,5201,100M,91.6,-1,163.17,4.71,1
A1,2,46110,200M,201.0,8282.0,347.0,4.86,2
A1,2,5201,200M,192.0,-1,352.25,4.58,4
A1,2,46112,200M,200.0,12368.0,416.01,4.04,1
A1,2,46112,200M,201.0,9237.0,305.0,5.52,0
A1,2,46110,200M,200.0,1797.0,372.0,4.52,3
A1,2,46110,200M,201.0,12692.0,317.0,5.32,1
A1,2,46112,200M,201.0,4016.0,398.0,4.24,2
A1,2,46112,200M,201.0,2662.0,355.0,4.74,3
A1,2,46110,200M,201.0,7126.0,229.0,7.36,0
A1,2,5202,200M,192.0,-1,286.99,5.6,4
A1,2,5202,200M,191.0,-1,307.08,5.23,0
A1,2,46110,200M,201.0,2682.0,351.0,4.8,4
A1,2,5201,200M,191.0,-1,348.52,4.61,2
A1,2,5201,200M,195.0,-1,373.12,4.39,3
A1,2,5202,200M,188.0,-1,417.27,3.77,1
A1,2,5202,200M,191.0,-1,355.96,4.49,3
A1,2,5201,200M,192.0,-1,319.25,5.04,1
A1,2,46112,200M,200.0,3313.0,285.42,5.89,4
A1,2,5201,200M,188.0,-1,231.4,6.8,0
A1,2,5202,200M,193.0,-1,399.06,4.07,2
A1,2,5202,500M,494.0,-1,838.29,4.94,1
A1,2,5201,500M,487.0,-1,614.02,6.65,3
A1,2,46110,500M,500.0,25542.0,534.0,7.86,4
A1,2,5201,500M,493.0,-1,869.04,4.76,2
A1,2,5202,500M,493.0,-1,914.69,4.52,0
A1,2,5202,500M,493.0,-1,894.61,4.62,2
A1,2,5201,500M,490.0,-1,885.28,4.64,0
A1,2,46112,500M,501.0,10859.0,955.29,4.4,4
A1,2,5201,500M,492.0,-1,881.58,4.68,1
A1,2,5202,500M,488.0,-1,801.0,5.12,3
A1,2,46110,500M,500.0,13845.0,614.0,6.83,3
A1,2,46112,500M,500.0,6582.0,913.0,4.6,0
A1,2,46112,500M,501.0,4295.0,837.0,5.02,1
A1,2,46110,500M,501.0,5913.0,868.0,4.84,2
A1,2,5201,500M,487.0,-1,536.49,7.62,4
A1,2,5202,500M,489.0,-1,955.51,4.3,4
A1,2,46110,500M,500.0,6257.0,884.0,4.75,0
A1,2,46112,500M,501.0,34048.0,798.0,5.26,3
A1,2,46112,500M,500.0,6868.0,894.0,4.69,2
A1,2,46110,500M,501.0,6455.0,881.0,4.77,1
A1,4,5203,10M,7.43,-1,39.82,1.57,4
A1,4,46112,10M,10.1,109.0,34.0,2.49,4
A1,4,46112,10M,10.2,152.0,18.0,4.75,0
A1,4,5203,10M,8.35,-1,34.81,2.01,3
A1,4,5203,10M,7.87,-1,25.88,2.55,2
A1,4,46112,10M,10.1,182.0,28.0,3.02,1
A1,4,46112,10M,10.5,386.0,29.0,3.03,3
A1,4,5203,10M,8.03,-1,25.79,2.61,0
A1,4,5203,10M,7.2,-1,32.15,1.88,1
A1,4,46112,10M,10.3,16.0,23.0,3.74,2
A1,4,46114,10M,10.4,214.0,33.95,2.57,3
A1,4,46114,10M,10.3,2.0,25.0,3.46,2
A1,4,46114,10M,10.2,102.0,25.0,3.42,0
A1,4,46114,10M,10.1,134.0,31.01,2.73,1
A1,4,46114,10M,11.2,50.0,38.0,2.47,4
A1,4,46116,10M,10.9,72.0,26.68,3.42,0
A1,4,46116,10M,10.0,158.0,29.0,2.89,1
A1,4,5204,10M,7.04,-1,38.84,1.52,4
A1,4,46116,10M,11.1,169.0,35.0,2.65,3
A1,4,46116,10M,10.4,3.0,26.84,3.26,2
A1,4,5204,10M,6.55,-1,30.17,1.82,1
A1,4,5204,10M,7.49,-1,27.17,2.31,0
A1,4,5204,10M,7.26,-1,27.43,2.22,2
A1,4,46116,10M,10.9,48.0,37.0,2.47,4
A1,4,5204,10M,8.14,-1,35.84,1.91,3
A1,4,5202,10M,7.81,-1,24.12,2.72,2
A1,4,5202,10M,7.65,-1,29.28,2.19,3
A1,4,46110,10M,10.2,345.0,27.0,3.16,4
A1,4,5202,10M,7.22,-1,29.38,2.06,1
A1,4,5202,10M,6.9,-1,19.1,3.03,0
A1,4,5201,10M,8.2,-1,27.63,2.49,4
A1,4,46110,10M,10.4,129.0,20.0,4.34,3
A1,4,5201,10M,6.55,-1,14.54,3.78,0
A1,4,5202,10M,9.05,-1,34.76,2.18,4
A1,4,5201,10M,8.12,-1,20.92,3.25,1
A1,4,46110,10M,10.6,0.0,11.0,8.06,2
A1,4,46110,10M,10.9,0.0,13.0,7.04,0
A1,4,5201,10M,5.76,-1,21.29,2.27,3
A1,4,5201,10M,7.67,-1,12.4,5.19,2
A1,4,46110,10M,10.4,64.0,20.0,4.36,1
A1,4,5202,50M,46.1,-1,142.37,2.71,1
A1,4,5202,50M,46.5,-1,219.53,1.78,0
A1,4,5201,50M,47.3,-1,151.64,2.61,4
A1,4,5202,50M,46.6,-1,203.66,1.92,2
A1,4,5202,50M,46.7,-1,171.33,2.29,3
A1,4,46110,50M,50.1,925.0,150.0,2.8,4
A1,4,46110,50M,50.1,1555.0,138.0,3.05,0
A1,4,5201,50M,46.7,-1,168.32,2.33,3
A1,4,5201,50M,45.0,-1,145.74,2.59,2
A1,4,46110,50M,50.7,1569.0,106.0,4.02,1
A1,4,46110,50M,50.3,1559.0,167.0,2.53,3
A1,4,5201,50M,44.7,-1,139.23,2.7,0
A1,4,5202,50M,44.1,-1,132.77,2.79,4
A1,4,5201,50M,44.4,-1,107.71,3.46,1
A1,4,46110,50M,50.0,2108.0,144.0,2.92,2
A1,4,5204,50M,45.8,-1,177.7,2.16,4
A1,4,46116,50M,50.8,1852.0,195.0,2.19,3
A1,4,46116,50M,50.1,1338.0,178.0,2.36,2
A1,4,46116,50M,50.1,1680.0,246.0,1.71,0
A1,4,46116,50M,51.2,1154.0,171.96,2.5,1
A1,4,5204,50M,45.9,-1,179.56,2.14,2
A1,4,46116,50M,50.7,1054.0,177.0,2.4,4
A1,4,5204,50M,45.7,-1,195.75,1.96,3
A1,4,5204,50M,46.8,-1,173.06,2.27,1
A1,4,5204,50M,43.5,-1,247.19,1.48,0
A1,4,46114,50M,50.3,1902.0,250.0,1.69,0
A1,4,46114,50M,50.1,1256.0,166.0,2.53,1
A1,4,46114,50M,51.0,1936.0,190.0,2.25,3
A1,4,46114,50M,50.7,1236.0,197.0,2.16,2
A1,4,46114,50M,50.5,942.0,174.0,2.43,4
A1,4,46112,50M,50.1,985.0,131.0,3.21,4
A1,4,5203,50M,44.6,-1,175.51,2.13,4
A1,4,46112,50M,50.2,1728.0,170.0,2.48,3
A1,4,5203,50M,47.0,-1,250.38,1.58,0
A1,4,5203,50M,44.1,-1,167.36,2.21,1
A1,4,46112,50M,50.6,1516.0,203.0,2.09,2
A1,4,46112,50M,50.1,2328.0,218.0,1.93,0
A1,4,5203,50M,45.4,-1,191.22,1.99,3
A1,4,5203,50M,46.7,-1,198.42,1.98,2
A1,4,46112,50M,50.3,1292.0,141.0,3.0,1
A1,4,5202,100M,95.3,-1,242.51,3.29,2
A1,4,46114,100M,100.0,1777.0,369.0,2.28,1
A1,4,5201,100M,94.7,-1,387.86,2.05,0
A1,4,5203,100M,91.8,-1,313.0,2.46,3
A1,4,46116,100M,101.0,1046.0,337.0,2.51,2
A1,4,46116,100M,101.0,1766.0,372.01,2.28,3
A1,4,46112,100M,100.0,1479.0,342.0,2.46,4
A1,4,5203,100M,95.9,-1,324.39,2.48,2
A1,4,5201,100M,94.4,-1,393.06,2.01,1
A1,4,46114,100M,100.0,2943.0,335.0,2.51,0
A1,4,5202,100M,93.3,-1,362.6,2.16,3
A1,4,5202,100M,93.6,-1,371.81,2.11,1
A1,4,46114,100M,100.0,1168.0,323.0,2.6,2
A1,4,5201,100M,94.0,-1,322.65,2.44,3
A1,4,5203,100M,94.6,-1,336.45,2.36,0
A1,4,46116,100M,100.0,1912.0,365.0,2.3,1
A1,4,46116,100M,101.0,2744.0,372.0,2.27,0
A1,4,5203,100M,96.5,-1,369.87,2.19,1
A1,4,5204,100M,96.3,-1,321.67,2.51,4
A1,4,46110,100M,100.0,1359.0,285.0,2.95,4
A1,4,5201,100M,95.4,-1,347.93,2.3,2
A1,4,46114,100M,100.0,2026.0,311.0,2.7,3
A1,4,5202,100M,93.5,-1,342.79,2.29,0
A1,4,5202,100M,94.4,-1,343.47,2.3,4
A1,4,46110,100M,101.0,1487.0,387.0,2.18,0
A1,4,5204,100M,94.1,-1,373.31,2.11,0
A1,4,46112,100M,101.0,2212.0,361.0,2.34,3
A1,4,46116,100M,100.0,1391.0,320.0,2.63,4
A1,4,46112,100M,100.0,1467.0,241.0,3.49,2
A1,4,5204,100M,95.4,-1,366.04,2.19,1
A1,4,5203,100M,96.9,-1,360.92,2.25,4
A1,4,46110,100M,101.0,2227.0,392.0,2.17,1
A1,4,46114,100M,101.0,1511.0,359.98,2.35,4
A1,4,46110,100M,100.0,2662.0,321.0,2.62,3
A1,4,5204,100M,93.8,-1,373.08,2.11,3
A1,4,46112,100M,100.0,2651.0,341.0,2.46,0
A1,4,46112,100M,100.0,2699.0,371.0,2.27,1
A1,4,5204,100M,95.0,-1,338.52,2.35,2
A1,4,46110,100M,100.0,1898.0,347.0,2.43,2
A1,4,5201,100M,95.6,-1,286.45,2.8,4
A1,4,5201,200M,194.0,-1,488.14,3.34,1
A1,4,5202,200M,195.0,-1,672.43,2.43,3
A1,4,46114,200M,200.0,5496.0,627.0,2.68,0
A1,4,46116,200M,200.0,3392.0,678.0,2.48,3
A1,4,5203,200M,194.0,-1,714.74,2.28,2
A1,4,46112,200M,200.0,3346.0,699.0,2.41,4
A1,4,5203,200M,191.0,-1,530.5,3.02,3
A1,4,46116,200M,201.0,3615.0,640.0,2.63,2
A1,4,46114,200M,200.0,3701.0,648.0,2.6,1
A1,4,5202,200M,194.0,-1,643.45,2.53,2
A1,4,5201,200M,191.0,-1,527.57,3.04,0
A1,4,5201,200M,193.0,-1,715.56,2.27,2
A1,4,46110,200M,201.0,4478.0,537.0,3.14,4
A1,4,5202,200M,186.0,-1,383.77,4.06,0
A1,4,46114,200M,200.0,3994.0,529.0,3.17,3
A1,4,46116,200M,201.0,3772.0,700.0,2.41,0
A1,4,5204,200M,194.0,-1,642.95,2.53,4
A1,4,5203,200M,193.0,-1,649.18,2.5,1
A1,4,5203,200M,192.0,-1,628.28,2.56,0
A1,4,46116,200M,200.0,4108.0,620.0,2.71,1
A1,4,46114,200M,201.0,2768.0,714.0,2.36,2
A1,4,5202,200M,185.0,-1,338.33,4.59,1
A1,4,5201,200M,193.0,-1,548.43,2.95,3
A1,4,46110,200M,201.0,7272.0,487.54,3.46,1
A1,4,5203,200M,196.0,-1,700.82,2.34,4
A1,4,5204,200M,195.0,-1,621.18,2.64,1
A1,4,46112,200M,200.0,3414.0,642.0,2.62,2
A1,4,46112,200M,200.0,3546.0,671.0,2.5,3
A1,4,5204,200M,190.0,-1,701.18,2.27,0
A1,4,46116,200M,200.0,2761.0,642.0,2.61,4
A1,4,5202,200M,195.0,-1,700.15,2.34,4
A1,4,46110,200M,200.0,6588.0,526.0,3.19,0
A1,4,5201,200M,191.0,-1,538.17,2.97,4
A1,4,46110,200M,200.0,3181.0,714.0,2.35,2
A1,4,5204,200M,195.0,-1,641.4,2.55,2
A1,4,46112,200M,200.0,11107.0,337.0,4.98,1
A1,4,46112,200M,200.0,12718.0,382.0,4.4,0
A1,4,5204,200M,195.0,-1,679.1,2.41,3
A1,4,46114,200M,200.0,2819.0,700.0,2.4,4
A1,4,46110,200M,200.0,3067.0,547.0,3.07,3
A1,4,46110,500M,500.0,19692.0,1237.0,3.39,0
A1,4,5202,500M,488.0,-1,1748.93,2.34,4
A1,4,46116,500M,500.0,25154.0,1363.0,3.08,4
A1,4,46112,500M,501.0,11912.0,1846.0,2.27,3
A1,4,5204,500M,493.0,-1,1581.84,2.61,0
A1,4,5203,500M,488.0,-1,1497.07,2.74,4
A1,4,5204,500M,488.0,-1,1574.0,2.6,1
A1,4,46112,500M,501.0,13850.0,1693.0,2.48,2
A1,4,46110,500M,501.0,24699.0,1639.15,2.56,1
A1,4,46110,500M,500.0,20658.0,963.0,4.36,3
A1,4,46114,500M,500.0,34274.0,1495.0,2.81,4
A1,4,46112,500M,500.0,8804.0,1702.0,2.47,0
A1,4,5204,500M,492.0,-1,1337.82,3.08,3
A1,4,5204,500M,485.0,-1,1648.0,2.47,2
A1,4,46112,500M,500.0,22614.0,1313.0,3.19,1
A1,4,5201,500M,490.0,-1,1473.28,2.79,4
A1,4,46110,500M,500.0,8222.0,1619.0,2.59,2
A1,4,5201,500M,492.0,-1,1238.5,3.33,0
A1,4,46114,500M,500.0,20235.0,1411.0,2.97,1
A1,4,5202,500M,487.0,-1,1696.65,2.41,2
A1,4,46116,500M,500.0,10102.0,1648.0,2.55,2
A1,4,5203,500M,492.0,-1,1851.65,2.23,3
A1,4,5203,500M,485.0,-1,1384.94,2.94,2
A1,4,46112,500M,501.0,30469.0,1746.0,2.41,4
A1,4,46116,500M,500.0,11042.0,1337.0,3.14,3
A1,4,5202,500M,493.0,-1,1847.82,2.24,3
A1,4,46114,500M,501.0,10422.0,1719.0,2.45,0
A1,4,5201,500M,491.0,-1,1639.97,2.51,1
A1,4,5201,500M,491.0,-1,964.73,4.27,3
A1,4,46114,500M,500.0,12927.0,1383.0,3.03,2
A1,4,5202,500M,493.0,-1,1314.32,3.14,1
A1,4,46116,500M,500.0,17171.0,1574.0,2.67,1
A1,4,5203,500M,493.0,-1,1720.22,2.41,0
A1,4,5204,500M,490.0,-1,1365.35,3.01,4
A1,4,5203,500M,494.0,-1,1412.83,2.93,1
A1,4,46116,500M,501.0,20915.0,1580.0,2.66,0
A1,4,5202,500M,496.0,-1,1703.08,2.45,0
A1,4,46114,500M,501.0,14072.0,1851.0,2.27,3
A1,4,5201,500M,487.0,-1,1620.83,2.52,2
A1,4,46110,500M,501.0,36022.0,1471.0,2.86,4
A1,8,46120,10M,10.4,146.0,64.0,1.37,3
A1,8,46110,10M,10.5,342.0,19.0,4.63,1
A1,8,5201,10M,7.44,-1,41.54,1.5,2
A1,8,5201,10M,6.5,-1,18.43,2.96,3
A1,8,46110,10M,11.2,167.0,16.0,5.86,0
A1,8,46120,10M,10.2,369.0,99.0,0.8447265625,2
A1,8,46120,10M,10.5,199.0,50.86,1.74,0
A1,8,46110,10M,10.1,734.0,40.82,2.07,2
A1,8,5201,10M,6.97,-1,19.69,2.97,1
A1,8,5202,10M,7.02,-1,39.31,1.5,4
A1,8,5201,10M,6.85,-1,17.1,3.36,0
A1,8,46110,10M,10.2,119.0,17.0,5.03,3
A1,8,46120,10M,10.3,55.0,33.0,2.62,1
A1,8,5201,10M,7.81,-1,29.48,2.22,4
A1,8,5202,10M,7.57,-1,31.99,1.98,0
A1,8,5202,10M,7.27,-1,33.2,1.84,1
A1,8,46120,10M,10.1,206.0,58.0,1.46,4
A1,8,46110,10M,10.2,150.0,28.0,3.06,4
A1,8,5202,10M,7.99,-1,35.43,1.89,3
A1,8,5202,10M,6.47,-1,44.86,1.21,2
A1,8,46118,10M,10.6,248.0,52.0,1.7,0
A1,8,5204,10M,8.61,-1,65.54,1.1,3
A1,8,46116,10M,10.0,136.0,49.0,1.71,4
A1,8,5204,10M,8.62,-1,97.84,0.7216796875,2
A1,8,46118,10M,10.1,216.0,71.0,1.2,1
A1,8,46118,10M,10.2,203.0,55.0,1.55,3
A1,8,5204,10M,8.52,-1,52.61,1.36,0
A1,8,5207,10M,7.67,-1,59.03,1.09,4
A1,8,46110,10M,10.2,119.0,17.0,5.03,32
A1,8,5204,10M,9.12,-1,72.22,1.06,1
A1,8,46118,10M,10.2,489.0,98.0,0.8486328125,2
A1,8,5207,10M,9.0,-1,71.2,1.06,1
A1,8,46116,10M,10.2,545.0,97.0,0.861328125,2
A1,8,46116,10M,10.1,174.0,65.0,1.3,3
A1,8,5207,10M,7.77,-1,58.03,1.12,0
A1,8,5204,10M,7.33,-1,50.54,1.22,4
A1,8,5207,10M,7.74,-1,93.05,0.681640625,2
A1,8,46116,10M,10.2,271.0,72.0,1.19,1
A1,8,46116,10M,10.2,217.0,51.0,1.67,0
A1,8,5207,10M,5.24,-1,55.31,0.7763671875,3
A1,8,46118,10M,10.1,251.0,54.0,1.57,4
A1,8,5206,10M,7.39,-1,53.13,1.17,0
A1,8,5205,10M,7.78,-1,55.51,1.18,4
A1,8,5208,10M,7.72,-1,58.02,1.12,4
A1,8,46124,10M,10.2,204.0,57.0,1.5,4
A1,8,5206,10M,8.62,-1,34.0,2.13,1
A1,8,5206,10M,8.83,-1,64.42,1.15,3
A1,8,46114,10M,10.0,214.0,42.0,2.01,4
A1,8,5206,10M,8.43,-1,99.19,0.6962890625,2
A1,8,5205,10M,8.05,-1,98.56,0.669921875,2
A1,8,46114,10M,10.2,230.0,49.0,1.75,1
A1,8,5208,10M,7.58,-1,94.84,0.654296875,2
A1,8,46124,10M,10.3,153.0,45.0,1.92,3
A1,8,46124,10M,10.3,304.0,94.0,0.8984375,2
A1,8,5208,10M,7.58,-1,46.59,1.36,3
A1,8,46114,10M,10.3,276.0,45.0,1.92,0
A1,8,5205,10M,7.86,-1,56.62,1.16,3
A1,8,5205,10M,9.06,-1,71.27,1.07,1
A1,8,46114,10M,10.2,1225.0,80.0,1.07,2
A1,8,46124,10M,10.1,213.0,60.0,1.41,0
A1,8,5208,10M,8.35,-1,61.31,1.14,1
A1,8,5208,10M,8.67,-1,61.18,1.19,0
A1,8,46124,10M,10.7,292.0,61.0,1.47,1
A1,8,46114,10M,10.3,229.0,68.0,1.27,3
A1,8,5205,10M,8.17,-1,54.23,1.26,0
A1,8,5206,10M,7.65,-1,58.99,1.09,4
A1,8,46112,10M,10.1,652.0,44.0,1.94,2
A1,8,5203,10M,8.39,-1,49.53,1.42,1
A1,8,46122,10M,10.4,271.0,57.0,1.53,0
A1,8,46122,10M,10.2,161.0,70.98,1.2,1
A1,8,5203,10M,8.43,-1,46.04,1.54,0
A1,8,46112,10M,10.4,522.0,35.0,2.49,3
A1,8,46112,10M,10.4,204.0,32.0,2.72,1
A1,8,5203,10M,8.23,-1,80.27,0.83984375,2
A1,8,46122,10M,10.3,107.0,54.0,1.6,3
A1,8,46122,10M,10.2,567.0,92.0,0.9052734375,2
A1,8,5203,10M,9.06,-1,68.43,1.11,3
A1,8,46112,10M,10.2,182.0,30.0,2.86,0
A1,8,46112,10M,10.2,315.0,39.0,2.19,4
A1,8,5203,10M,7.77,-1,42.27,1.54,4
A1,8,46122,10M,10.3,230.0,58.0,1.49,4
A1,8,46122,50M,50.6,1842.0,181.0,2.34,3
A1,8,46112,50M,50.0,1794.0,228.0,1.84,1
A1,8,5203,50M,42.5,-1,395.71,0.880859375,2
A1,8,5203,50M,46.2,-1,465.6,0.8125,3
A1,8,46112,50M,50.1,1554.0,346.0,1.22,0
A1,8,46122,50M,50.8,3344.0,455.0,0.9140625,2
A1,8,46122,50M,50.4,1207.0,404.0,1.05,0
A1,8,46112,50M,50.7,1500.0,126.01,3.38,2
A1,8,5203,50M,47.6,-1,344.43,1.16,1
A1,8,5203,50M,47.3,-1,377.03,1.05,0
A1,8,46112,50M,50.0,1607.0,428.0,0.9580078125,3
A1,8,46122,50M,50.1,936.0,372.0,1.13,1
A1,8,5203,50M,47.0,-1,432.49,0.8896484375,4
A1,8,46122,50M,50.4,1286.0,569.0,0.7265625,4
A1,8,46112,50M,50.0,1053.0,470.0,0.8720703125,4
A1,8,5206,50M,46.4,-1,445.5,0.8525390625,3
A1,8,46114,50M,50.0,1774.0,431.0,0.951171875,4
A1,8,5206,50M,43.1,-1,371.11,0.951171875,2
A1,8,5206,50M,43.1,-1,260.78,1.39,0
A1,8,5208,50M,45.4,-1,504.55,0.736328125,4
A1,8,5205,50M,45.6,-1,560.33,0.6669921875,4
A1,8,46124,50M,50.1,2036.0,503.0,0.8154296875,4
A1,8,5206,50M,45.4,-1,381.96,0.974609375,1
A1,8,46124,50M,50.5,1273.0,390.0,1.09,0
A1,8,5208,50M,45.6,-1,355.06,1.08,1
A1,8,5205,50M,47.8,-1,345.27,1.16,1
A1,8,46114,50M,50.4,3912.0,392.0,1.08,2
A1,8,46114,50M,50.3,1839.0,464.0,0.888671875,3
A1,8,5205,50M,46.0,-1,407.43,0.9248046875,0
A1,8,5208,50M,46.4,-1,391.31,0.9716796875,0
A1,8,46124,50M,50.7,1076.0,353.0,1.2,1
A1,8,5206,50M,47.2,-1,517.34,0.7470703125,4
A1,8,5208,50M,42.7,-1,506.03,0.69140625,2
A1,8,46124,50M,50.2,1439.0,458.0,0.8974609375,3
A1,8,5205,50M,45.4,-1,484.62,0.7666015625,2
A1,8,46114,50M,50.1,1321.0,343.0,1.22,1
A1,8,46114,50M,50.1,1798.0,376.0,1.12,0
A1,8,5205,50M,45.5,-1,445.9,0.8359375,3
A1,8,46124,50M,50.1,2560.0,505.0,0.8125,2
A1,8,5208,50M,45.7,-1,459.55,0.8134765625,3
A1,8,5204,50M,46.1,-1,276.93,1.4,0
A1,8,46118,50M,50.1,1464.0,444.0,0.923828125,3
A1,8,5207,50M,42.4,-1,570.72,0.6083984375,4
A1,8,46118,50M,50.2,2965.0,483.0,0.8515625,2
A1,8,5204,50M,46.7,-1,348.06,1.13,1
A1,8,5204,50M,48.1,-1,472.54,0.8330078125,3
A1,8,46118,50M,51.2,1139.0,406.0,1.06,0
A1,8,46116,50M,50.2,1816.0,547.0,0.7509765625,4
A1,8,46118,50M,50.6,1386.0,344.22,1.23,1
A1,8,5204,50M,44.3,-1,492.29,0.73828125,2
A1,8,5207,50M,44.7,-1,456.27,0.8037109375,2
A1,8,46116,50M,50.1,1586.0,347.0,1.21,1
A1,8,46116,50M,50.1,1811.0,276.0,1.52,0
A1,8,5207,50M,41.8,-1,184.45,1.9,3
A1,8,46118,50M,50.3,1368.0,559.0,0.736328125,4
A1,8,5207,50M,45.9,-1,373.7,1.03,1
A1,8,46116,50M,50.0,2099.0,491.0,0.8349609375,2
A1,8,46116,50M,50.3,1383.0,472.01,0.8720703125,3
A1,8,5207,50M,45.9,-1,405.46,0.927734375,0
A1,8,5204,50M,46.7,-1,548.45,0.697265625,4
A1,8,46110,50M,50.4,3677.0,499.0,0.8271484375,2
A1,8,5201,50M,47.1,-1,354.15,1.12,1
A1,8,46120,50M,50.0,1782.0,260.0,1.61,0
A1,8,5202,50M,43.2,-1,471.97,0.75,4
A1,8,46120,50M,50.4,1144.0,381.01,1.11,1
A1,8,5201,50M,46.3,-1,304.4,1.27,0
A1,8,46110,50M,50.0,1974.0,316.0,1.33,3
A1,8,46110,50M,50.1,1595.0,353.0,1.19,1
A1,8,5201,50M,46.4,-1,500.41,0.759765625,2
A1,8,46120,50M,50.1,1376.0,444.0,0.923828125,3
A1,8,46120,50M,50.0,2954.0,370.0,1.13,2
A1,8,5201,50M,45.0,-1,318.1,1.19,3
A1,8,46110,50M,50.4,1222.0,303.0,1.4,0
A1,8,46110,50M,50.1,1508.0,441.0,0.9306640625,4
A1,8,5202,50M,47.4,-1,430.06,0.90234375,3
A1,8,5202,50M,42.7,-1,127.63,2.8,2
A1,8,5201,50M,47.0,-1,443.34,0.8681640625,4
A1,8,5202,50M,46.6,-1,347.31,1.13,0
A1,8,5202,50M,43.7,-1,229.68,1.6,1
A1,8,46120,50M,50.1,1731.0,515.01,0.7958984375,4
A1,8,46124,100M,101.0,2048.0,671.0,1.26,3
A1,8,46120,100M,100.0,2139.0,625.0,1.34,4
A1,8,46124,100M,100.0,1889.0,700.0,1.2,2
A1,8,46124,100M,100.0,2662.0,590.0,1.42,0
A1,8,46122,100M,100.0,2243.0,714.0,1.18,4
A1,8,46124,100M,100.0,2386.0,705.0,1.19,1
A1,8,46120,100M,100.0,2165.0,680.0,1.24,2
A1,8,46122,100M,100.0,1937.0,496.0,1.69,1
A1,8,46122,100M,100.0,2463.0,602.0,1.39,0
A1,8,46120,100M,100.0,2592.0,645.0,1.3,3
A1,8,46124,100M,101.0,3316.0,716.0,1.18,4
A1,8,46120,100M,100.0,2581.0,671.01,1.26,1
A1,8,46122,100M,100.0,1832.0,689.0,1.22,2
A1,8,46122,100M,100.0,2856.0,636.0,1.32,3
A1,8,46120,100M,101.0,2148.0,737.0,1.15,0
A1,8,46116,100M,100.0,2753.0,705.0,1.19,4
A1,8,5207,100M,97.5,-1,690.05,1.18,2
A1,8,46112,100M,100.0,3724.0,592.0,1.42,3
A1,8,5204,100M,95.6,-1,736.16,1.09,0
A1,8,46110,100M,101.0,1907.0,673.0,1.25,0
A1,8,5206,100M,97.4,-1,646.82,1.26,3
A1,8,5202,100M,84.6,-1,491.35,1.45,4
A1,8,5205,100M,95.3,-1,663.73,1.2,1
A1,8,5205,100M,95.1,-1,714.91,1.12,0
A1,8,5206,100M,97.3,-1,681.55,1.2,2
A1,8,46110,100M,100.0,7887.0,633.0,1.33,1
A1,8,5203,100M,97.0,-1,712.19,1.14,4
A1,8,5204,100M,93.6,-1,706.7,1.11,1
A1,8,46112,100M,100.0,2933.0,431.0,1.95,2
A1,8,5207,100M,95.5,-1,637.52,1.26,3
A1,8,5207,100M,94.0,-1,497.31,1.58,1
A1,8,46112,100M,100.0,2088.0,610.0,1.38,0
A1,8,5204,100M,95.9,-1,658.72,1.22,3
A1,8,46110,100M,101.0,12292.0,141.0,6.01,3
A1,8,5206,100M,94.6,-1,737.68,1.08,0
A1,8,46114,100M,100.0,2381.0,711.0,1.18,4
A1,8,5205,100M,90.9,-1,389.54,1.96,2
A1,8,5205,100M,95.0,-1,712.51,1.12,3
A1,8,5206,100M,97.4,-1,672.16,1.22,1
A1,8,5201,100M,98.7,-1,707.0,1.17,4
A1,8,46110,100M,100.0,2529.0,409.0,2.05,2
A1,8,5204,100M,97.6,-1,699.29,1.17,2
A1,8,46112,100M,100.0,2888.0,365.0,2.3,1
A1,8,5207,100M,96.5,-1,603.12,1.34,0
A1,8,46116,100M,101.0,1689.0,698.0,1.21,2
A1,8,5207,100M,97.2,-1,715.04,1.14,4
A1,8,5203,100M,95.9,-1,719.67,1.12,3
A1,8,5201,100M,94.8,-1,674.17,1.18,0
A1,8,46114,100M,100.0,2382.0,568.0,1.48,1
A1,8,5202,100M,92.8,-1,432.54,1.8,2
A1,8,5202,100M,94.4,-1,593.37,1.33,3
A1,8,46114,100M,100.0,2490.0,713.0,1.18,0
A1,8,5201,100M,93.3,-1,634.55,1.23,1
A1,8,5206,100M,95.7,-1,626.0,1.28,4
A1,8,5203,100M,97.5,-1,559.26,1.46,2
A1,8,46112,100M,100.0,6989.0,490.0,1.72,4
A1,8,46116,100M,100.0,2152.0,657.0,1.28,3
A1,8,46116,100M,100.0,2472.0,705.0,1.19,1
A1,8,5203,100M,95.4,-1,714.29,1.12,0
A1,8,5201,100M,86.2,-1,143.21,5.05,3
A1,8,46114,100M,100.0,2470.0,558.0,1.5,2
A1,8,5205,100M,97.9,-1,697.07,1.18,4
A1,8,5202,100M,93.5,-1,366.66,2.14,1
A1,8,5202,100M,97.0,-1,611.02,1.33,0
A1,8,46114,100M,100.0,2695.0,719.0,1.17,3
A1,8,5201,100M,93.3,-1,409.54,1.91,2
A1,8,46110,100M,100.0,3366.0,706.0,1.19,4
A1,8,5204,100M,98.1,-1,706.0,1.17,4
A1,8,5203,100M,94.6,-1,569.74,1.39,1
A1,8,46116,100M,100.0,2251.0,735.0,1.15,0
A1,8,46118,100M,100.0,2846.0,388.0,2.17,2
A1,8,5208,100M,97.7,-1,716.6,1.14,4
A1,8,46118,100M,100.0,2295.0,711.0,1.18,3
A1,8,46118,100M,100.0,2257.0,662.0,1.27,1
A1,8,46118,100M,100.0,2313.0,714.0,1.18,0
A1,8,46118,100M,100.0,2314.0,696.0,1.21,4
A1,8,5208,100M,96.3,-1,672.85,1.2,3
A1,8,5208,100M,95.7,-1,700.97,1.15,2
A1,8,5208,100M,92.8,-1,590.97,1.32,0
A1,8,5208,100M,94.8,-1,705.72,1.13,1
A1,8,46118,200M,200.0,4112.0,1349.0,1.25,3
A1,8,5208,200M,195.0,-1,1401.35,1.17,4
A1,8,46118,200M,200.0,15066.0,1144.0,1.47,2
A1,8,46118,200M,200.0,6129.0,1138.0,1.47,0
A1,8,46118,200M,201.0,11459.0,932.0,1.81,1
A1,8,5208,200M,191.0,-1,1318.31,1.21,2
A1,8,5208,200M,191.0,-1,1360.3,1.18,3
A1,8,46118,200M,200.0,4981.0,1083.0,1.55,4
A1,8,5208,200M,195.0,-1,1125.37,1.45,1
A1,8,5208,200M,195.0,-1,1410.18,1.16,0
A1,8,46112,200M,200.0,14650.0,1057.0,1.59,2
A1,8,5204,200M,194.0,-1,1262.51,1.29,1
A1,8,5203,200M,185.0,-1,971.61,1.6,4
A1,8,5207,200M,197.0,-1,1339.24,1.23,3
A1,8,5205,200M,196.0,-1,1139.24,1.45,0
A1,8,46110,200M,200.0,10964.0,1030.0,1.63,1
A1,8,5206,200M,195.0,-1,1197.58,1.37,2
A1,8,5206,200M,196.0,-1,1007.7,1.64,3
A1,8,46110,200M,201.0,6480.0,887.0,1.9,0
A1,8,5205,200M,187.0,-1,933.78,1.68,1
A1,8,5202,200M,196.0,-1,1129.81,1.45,4
A1,8,5207,200M,194.0,-1,1084.84,1.5,2
A1,8,46116,200M,200.0,6717.0,1273.0,1.32,4
A1,8,5204,200M,196.0,-1,1150.97,1.43,0
A1,8,46112,200M,200.0,7323.0,1232.0,1.36,3
A1,8,46112,200M,200.0,5445.0,851.0,1.97,1
A1,8,5204,200M,193.0,-1,978.38,1.66,2
A1,8,5207,200M,196.0,-1,1117.68,1.47,0
A1,8,5205,200M,196.0,-1,1349.95,1.22,3
A1,8,46110,200M,200.0,8021.0,1255.0,1.34,2
A1,8,5201,200M,194.0,-1,1271.18,1.28,4
A1,8,5206,200M,195.0,-1,1380.25,1.18,1
A1,8,5206,200M,191.0,-1,1366.58,1.17,0
A1,8,46110,200M,201.0,6829.0,1078.0,1.56,3
A1,8,5205,200M,196.0,-1,1145.63,1.43,2
A1,8,46114,200M,200.0,10845.0,970.0,1.73,4
A1,8,5207,200M,197.0,-1,1183.18,1.4,1
A1,8,5204,200M,193.0,-1,1186.28,1.37,3
A1,8,46112,200M,200.0,7219.0,983.0,1.71,0
A1,8,46112,200M,201.0,5147.0,1129.0,1.49,4
A1,8,5203,200M,195.0,-1,1203.95,1.36,2
A1,8,46116,200M,200.0,6247.0,1185.0,1.42,3
A1,8,46114,200M,200.0,5055.0,1420.0,1.18,0
A1,8,5202,200M,195.0,-1,1233.52,1.32,3
A1,8,5206,200M,191.0,-1,1432.13,1.12,4
A1,8,5201,200M,196.0,-1,1032.03,1.59,1
A1,8,5201,200M,195.0,-1,887.62,1.84,0
A1,8,5202,200M,196.0,-1,1059.05,1.55,2
A1,8,46114,200M,200.0,7760.0,1364.0,1.23,1
A1,8,5207,200M,195.0,-1,1263.18,1.3,4
A1,8,46116,200M,200.0,13864.0,977.0,1.72,2
A1,8,5203,200M,192.0,-1,871.38,1.85,3
A1,8,5203,200M,188.0,-1,1364.43,1.16,1
A1,8,5204,200M,197.0,-1,1274.02,1.3,4
A1,8,46116,200M,200.0,7419.0,1149.0,1.46,0
A1,8,46114,200M,200.0,11978.0,870.0,1.93,3
A1,8,5202,200M,196.0,-1,984.7,1.67,0
A1,8,46110,200M,200.0,6776.0,1270.0,1.32,4
A1,8,5201,200M,194.0,-1,1256.22,1.29,2
A1,8,5201,200M,196.0,-1,1079.34,1.52,3
A1,8,5202,200M,187.0,-1,852.18,1.84,1
A1,8,5205,200M,195.0,-1,1084.06,1.51,4
A1,8,46114,200M,200.0,12650.0,1203.0,1.4,2
A1,8,46116,200M,201.0,7648.0,1261.0,1.33,1
A1,8,5203,200M,194.0,-1,1420.83,1.15,0
A1,8,46124,200M,200.0,4536.0,1317.0,1.28,2
A1,8,46124,200M,201.0,3576.0,1359.0,1.24,3
A1,8,46120,200M,201.0,3569.0,1431.0,1.18,4
A1,8,46124,200M,200.0,6992.0,1124.0,1.49,1
A1,8,46122,200M,200.0,5483.0,1262.0,1.33,4
A1,8,46124,200M,200.0,4867.0,1409.0,1.19,0
A1,8,46120,200M,201.0,4853.0,1006.0,1.68,3
A1,8,46124,200M,200.0,3922.0,1400.0,1.2,4
A1,8,46122,200M,200.0,5406.0,1116.0,1.5,0
A1,8,46122,200M,201.0,7499.0,1182.63,1.43,1
A1,8,46120,200M,200.0,7298.0,1196.0,1.41,2
A1,8,46120,200M,200.0,4299.0,1365.0,1.23,0
A1,8,46122,200M,201.0,7764.0,1338.0,1.26,3
A1,8,46122,200M,200.0,15702.0,1083.0,1.55,2
A1,8,46120,200M,200.0,7209.0,1379.0,1.22,1
A1,8,5203,500M,494.0,-1,2943.32,1.41,3
A1,8,5207,500M,494.0,-1,2966.36,1.4,4
A1,8,46116,500M,500.0,29835.0,3160.87,1.33,2
A1,8,5202,500M,492.0,-1,2966.24,1.39,2
A1,8,46114,500M,500.0,22884.0,3453.0,1.22,1
A1,8,5201,500M,493.0,-1,2413.48,1.71,0
A1,8,5206,500M,489.0,-1,3065.59,1.34,4
A1,8,5201,500M,489.0,-1,2639.07,1.56,1
A1,8,46114,500M,501.0,27309.0,2814.0,1.49,0
A1,8,5202,500M,488.0,-1,2724.14,1.5,3
A1,8,46116,500M,500.0,18747.0,2908.0,1.44,3
A1,8,46112,500M,500.0,31690.0,3529.96,1.19,4
A1,8,5203,500M,490.0,-1,3232.41,1.27,2
A1,8,5203,500M,492.0,-1,2816.06,1.47,0
A1,8,46116,500M,501.0,27078.0,3393.0,1.24,1
A1,8,5202,500M,493.0,-1,2326.31,1.78,1
A1,8,5205,500M,488.0,-1,3503.06,1.17,4
A1,8,46114,500M,501.0,31515.0,3230.0,1.3,2
A1,8,5201,500M,491.0,-1,3172.99,1.3,3
A1,8,46110,500M,500.0,26531.0,1943.38,2.16,4
A1,8,5201,500M,490.0,-1,2837.0,1.45,2
A1,8,46114,500M,500.0,24148.0,2942.0,1.43,3
A1,8,5202,500M,493.0,-1,2749.85,1.51,0
A1,8,46116,500M,500.0,21737.0,2642.0,1.59,0
A1,8,5203,500M,490.0,-1,3454.41,1.19,1
A1,8,5204,500M,493.0,-1,2593.29,1.6,4
A1,8,5204,500M,495.0,-1,2646.55,1.57,0
A1,8,46112,500M,501.0,26538.0,2722.0,1.54,3
A1,8,5207,500M,493.0,-1,3184.93,1.3,2
A1,8,46116,500M,501.0,22193.0,2591.0,1.62,4
A1,8,5205,500M,495.0,-1,2178.78,1.91,1
A1,8,5202,500M,491.0,-1,3530.54,1.17,4
A1,8,5206,500M,493.0,-1,2904.69,1.42,3
A1,8,46110,500M,500.0,23657.0,2412.0,1.74,0
A1,8,46110,500M,500.0,19651.0,2637.0,1.59,1
A1,8,5206,500M,493.0,-1,3133.92,1.32,2
A1,8,5205,500M,490.0,-1,3355.4,1.22,0
A1,8,5207,500M,485.0,-1,3395.72,1.2,3
A1,8,46112,500M,500.0,26597.0,2964.0,1.42,2
A1,8,5204,500M,491.0,-1,3395.26,1.21,1
A1,8,5203,500M,493.0,-1,2974.24,1.39,4
A1,8,5204,500M,497.0,-1,2910.11,1.43,3
A1,8,46112,500M,500.0,21733.0,2747.0,1.53,0
A1,8,5207,500M,493.0,-1,3202.75,1.29,1
A1,8,5205,500M,None,None,None,None,2
A1,8,46114,500M,501.0,34074.0,2972.0,1.41,4
A1,8,5206,500M,488.0,-1,3489.77,1.17,0
A1,8,46110,500M,500.0,35554.0,3171.0,1.32,3
A1,8,46110,500M,501.0,23467.0,2837.0,1.48,2
A1,8,5201,500M,497.0,-1,1944.33,2.14,4
A1,8,5206,500M,491.0,-1,3131.12,1.31,1
A1,8,5205,500M,491.0,-1,3455.01,1.19,3
A1,8,5207,500M,491.0,-1,2787.32,1.48,0
A1,8,46112,500M,500.0,20696.0,2325.0,1.8,1
A1,8,5204,500M,496.0,-1,3162.46,1.32,2
A1,8,46118,500M,500.0,36793.0,3501.0,1.2,4
A1,8,5208,500M,495.0,-1,2783.92,1.49,3
A1,8,5208,500M,495.0,-1,3202.93,1.3,2
A1,8,5208,500M,489.0,-1,3125.26,1.31,0
A1,8,5208,500M,496.0,-1,2130.18,1.95,1
A1,8,46118,500M,None,None,None,None,2
A1,8,5208,500M,496.0,-1,2914.5,1.43,4
A1,8,46118,500M,501.0,27651.0,3453.0,1.22,3
A1,8,46118,500M,500.0,20577.0,2178.0,1.93,1
A1,8,46118,500M,501.0,25986.0,3353.0,1.25,0
A1,8,46120,500M,500.0,29623.0,3131.0,1.34,2
A1,8,46122,500M,501.0,22170.0,3201.0,1.31,1
A1,8,46122,500M,500.0,31651.0,2785.0,1.51,0
A1,8,46124,500M,501.0,27526.0,2912.0,1.44,4
A1,8,46120,500M,500.0,23289.0,2903.0,1.45,3
A1,8,46120,500M,500.0,20452.0,3129.0,1.34,1
A1,8,46122,500M,500.0,28914.0,3183.0,1.32,2
A1,8,46122,500M,501.0,37169.0,3395.0,1.24,3
A1,8,46120,500M,500.0,21832.0,3488.0,1.2,0
A1,8,46120,500M,500.0,28934.0,3063.0,1.37,4
A1,8,46124,500M,500.0,21147.0,2783.0,1.51,3
A1,8,46124,500M,500.0,29307.0,3201.0,1.31,2
A1,8,46124,500M,501.0,29948.0,3123.0,1.35,0
A1,8,46122,500M,500.0,33683.0,2964.0,1.42,4
A1,8,46124,500M,501.0,21452.0,2128.0,1.97,1
F,2,46110,10M,10.1,0.0,12.0,7.06,4
F,2,46110,10M,11.0,0.0,12.89,7.18,0
F,2,46110,10M,10.2,0.0,11.0,7.75,1
F,2,46110,10M,10.8,0.0,12.0,7.54,3
F,2,46110,10M,10.5,0.0,12.88,6.82,2
F,2,5202,10M,8.29,-1,8.74,7.95,2
F,2,46112,10M,10.7,0.0,7.96,11.3,4
F,2,5202,10M,7.47,-1,13.39,4.68,3
F,2,5202,10M,7.2,-1,13.44,4.5,1
F,2,5202,10M,7.85,-1,8.72,7.55,0
F,2,5201,10M,6.53,-1,12.7,4.32,4
F,2,5201,10M,7.31,-1,13.86,4.42,0
F,2,5202,10M,8.21,-1,8.64,7.97,4
F,2,46112,10M,10.9,0.0,12.0,7.62,3
F,2,46112,10M,10.9,0.0,8.0,11.4,2
F,2,5201,10M,7.19,-1,12.11,4.98,1
F,2,5201,10M,7.6,-1,13.43,4.75,3
F,2,46112,10M,10.4,0.0,7.97,10.9,0
F,2,46112,10M,10.4,0.0,12.0,7.28,1
F,2,5201,10M,6.8,-1,13.83,4.13,2
F,2,5202,50M,40.0,-1,73.42,4.56,1
F,2,5202,50M,38.9,-1,69.32,4.71,0
F,2,5201,50M,42.7,-1,73.01,4.91,4
F,2,5202,50M,39.6,-1,63.79,5.21,2
F,2,5202,50M,39.6,-1,71.6,4.64,3
F,2,46112,50M,50.2,1815.0,55.0,7.66,4
F,2,5201,50M,41.2,-1,66.1,5.23,3
F,2,46112,50M,50.5,2164.0,68.0,6.23,0
F,2,46112,50M,50.4,2132.0,72.0,5.87,1
F,2,5201,50M,41.5,-1,71.83,4.84,2
F,2,5201,50M,41.8,-1,76.49,4.58,0
F,2,46112,50M,50.8,2605.0,71.0,6.01,3
F,2,5202,50M,39.7,-1,56.68,5.87,4
F,2,46112,50M,50.1,1288.0,62.0,6.77,2
F,2,5201,50M,40.0,-1,73.51,4.57,1
F,2,46110,50M,50.8,1487.0,71.0,6.0,4
F,2,46110,50M,50.4,2262.0,65.0,6.51,3
F,2,46110,50M,50.0,1536.0,70.0,5.99,2
F,2,46110,50M,50.4,2092.0,75.0,5.64,0
F,2,46110,50M,50.0,1874.0,72.0,5.83,1
F,2,5201,100M,89.7,-1,144.36,5.21,0
F,2,5202,100M,90.8,-1,162.49,4.69,2
F,2,5202,100M,91.0,-1,150.76,5.06,3
F,2,5201,100M,89.6,-1,151.33,4.97,1
F,2,5201,100M,91.3,-1,162.63,4.71,3
F,2,5202,100M,91.7,-1,160.49,4.79,1
F,2,5202,100M,89.8,-1,162.91,4.62,0
F,2,5201,100M,91.1,-1,158.58,4.82,2
F,2,5202,100M,91.5,-1,163.73,4.69,4
F,2,5201,100M,91.6,-1,152.25,5.05,4
F,2,46110,100M,100.0,4683.0,149.0,5.65,1
F,2,46112,100M,101.0,6364.0,162.0,5.22,2
F,2,46112,100M,101.0,6084.0,149.0,5.66,3
F,2,46110,100M,101.0,5366.0,143.0,5.9,0
F,2,46110,100M,100.0,7149.0,157.0,5.35,2
F,2,46112,100M,101.0,5133.0,159.0,5.33,1
F,2,46112,100M,101.0,5707.0,158.0,5.37,0
F,2,46110,100M,101.0,6285.0,162.0,5.22,3
F,2,46112,100M,101.0,5622.0,163.0,5.2,4
F,2,46110,100M,101.0,5871.0,151.0,5.6,4
F,2,46110,200M,200.0,0.0,353.2,4.75,0
F,2,46112,200M,200.0,13835.0,336.0,5.0,3
F,2,46112,200M,200.0,16347.0,347.0,4.85,2
F,2,46110,200M,200.0,1.0,354.24,4.74,1
F,2,46110,200M,201.0,14174.0,331.0,5.09,3
F,2,46112,200M,200.0,1.0,355.31,4.72,0
F,2,46112,200M,200.0,0.0,352.81,4.76,1
F,2,46110,200M,200.0,19390.0,333.0,5.04,2
F,2,46112,200M,201.0,14889.0,342.92,4.92,4
F,2,46110,200M,200.0,13480.0,314.0,5.35,4
F,2,5202,200M,190.0,-1,336.6,4.73,3
F,2,5201,200M,200.0,-1,354.31,4.73,1
F,2,5201,200M,200.0,-1,353.32,4.75,0
F,2,5202,200M,190.0,-1,347.99,4.59,2
F,2,5202,200M,200.0,-1,355.45,4.72,0
F,2,5201,200M,187.0,-1,334.03,4.7,2
F,2,5201,200M,192.0,-1,332.67,4.84,3
F,2,5202,200M,200.0,-1,352.95,4.75,1
F,2,5202,200M,194.0,-1,343.5,4.73,4
F,2,5201,200M,189.0,-1,315.63,5.03,4
F,2,46112,500M,500.0,38940.0,855.0,4.91,4
F,2,46110,500M,500.0,35047.0,863.0,4.86,4
F,2,46110,500M,501.0,38540.0,859.0,4.89,1
F,2,46112,500M,501.0,36287.0,850.98,4.93,2
F,2,46112,500M,500.0,37277.0,857.0,4.9,3
F,2,46110,500M,500.0,37640.0,865.0,4.85,0
F,2,46110,500M,500.0,35373.0,862.0,4.87,2
F,2,46112,500M,500.0,37296.0,830.0,5.06,1
F,2,46112,500M,501.0,36643.0,846.0,4.96,0
F,2,46110,500M,501.0,38834.0,864.0,4.86,3
F,2,5202,500M,493.0,-1,856.35,4.83,4
F,2,5201,500M,489.0,-1,863.7,4.75,4
F,2,5202,500M,492.0,-1,851.88,4.84,2
F,2,5201,500M,491.0,-1,866.91,4.75,0
F,2,5201,500M,490.0,-1,860.89,4.78,1
F,2,5202,500M,491.0,-1,859.46,4.79,3
F,2,5202,500M,489.0,-1,831.74,4.93,1
F,2,5201,500M,493.0,-1,864.9,4.78,3
F,2,5201,500M,490.0,-1,862.64,4.77,2
F,2,5202,500M,491.0,-1,847.51,4.86,0
F,4,5204,10M,6.0,-1,20.5,2.45,1
F,4,5204,10M,5.82,-1,22.88,2.13,0
F,4,5204,10M,4.34,-1,17.15,2.12,2
F,4,5204,10M,6.59,-1,21.44,2.58,3
F,4,46114,10M,10.2,477.0,19.0,4.48,4
F,4,46114,10M,11.0,433.0,22.0,4.19,0
F,4,46114,10M,10.3,544.0,20.0,4.33,1
F,4,46114,10M,10.2,51.0,15.0,5.7,3
F,4,5204,10M,4.39,-1,17.39,2.12,4
F,4,46114,10M,10.2,502.0,20.0,4.27,2
F,4,5202,10M,5.4,-1,20.13,2.25,4
F,4,46112,10M,10.4,502.0,19.0,4.57,3
F,4,5201,10M,4.67,-1,20.47,1.92,0
F,4,5201,10M,4.51,-1,17.18,2.2,1
F,4,46112,10M,10.7,506.0,19.0,4.71,2
F,4,46112,10M,10.5,0.0,13.0,6.8,0
F,4,5201,10M,4.62,-1,19.73,1.97,3
F,4,5201,10M,5.24,-1,20.16,2.18,2
F,4,46112,10M,10.5,588.0,20.0,4.42,1
F,4,5202,10M,5.02,-1,20.24,2.08,2
F,4,46112,10M,10.8,512.0,19.0,4.79,4
F,4,5202,10M,4.93,-1,20.14,2.05,3
F,4,5202,10M,5.84,-1,20.49,2.39,1
F,4,5201,10M,6.31,-1,22.41,2.36,4
F,4,5202,10M,6.29,-1,17.0,3.1,0
F,4,46110,10M,10.2,510.0,19.0,4.5,0
F,4,5203,10M,4.3,-1,18.08,2.0,3
F,4,5203,10M,6.38,-1,20.82,2.57,2
F,4,46110,10M,10.4,41.0,15.0,5.83,1
F,4,46110,10M,10.0,450.0,18.0,4.67,3
F,4,5203,10M,6.43,-1,22.91,2.35,0
F,4,5203,10M,5.9,-1,20.53,2.41,1
F,4,46110,10M,10.2,516.0,19.0,4.52,2
F,4,5203,10M,4.96,-1,20.01,2.08,4
F,4,46110,10M,10.8,494.0,22.0,4.13,4
F,4,46116,10M,10.3,36.0,15.0,5.76,4
F,4,46116,10M,11.2,587.0,21.01,4.46,3
F,4,46116,10M,10.2,28.0,15.0,5.69,2
F,4,46116,10M,11.1,532.0,22.0,4.23,0
F,4,46116,10M,10.7,521.0,20.0,4.51,1
F,4,46116,50M,50.9,3977.0,160.0,2.67,4
F,4,46116,50M,50.2,4481.0,164.0,2.57,0
F,4,46116,50M,51.0,5577.0,161.98,2.64,1
F,4,46116,50M,50.4,4387.0,152.0,2.78,3
F,4,46116,50M,50.2,4216.0,158.0,2.67,2
F,4,46110,50M,50.5,4096.0,160.0,2.65,3
F,4,5203,50M,40.6,-1,101.93,3.34,0
F,4,5203,50M,44.7,-1,159.63,2.35,1
F,4,46110,50M,50.4,4384.0,161.0,2.62,2
F,4,46110,50M,50.3,4951.0,158.0,2.67,0
F,4,5203,50M,44.5,-1,156.72,2.38,3
F,4,5203,50M,44.1,-1,154.6,2.4,2
F,4,46110,50M,50.7,4838.0,169.0,2.52,1
F,4,46110,50M,50.3,3825.0,142.0,2.97,4
F,4,5203,50M,45.2,-1,151.6,2.5,4
F,4,46112,50M,50.1,4323.0,151.0,2.78,0
F,4,5201,50M,45.4,-1,160.49,2.37,3
F,4,5201,50M,45.0,-1,161.28,2.34,2
F,4,46112,50M,51.1,4312.0,172.0,2.49,1
F,4,46112,50M,50.1,3843.0,150.0,2.8,3
F,4,5202,50M,44.9,-1,156.88,2.4,4
F,4,5201,50M,42.9,-1,160.0,2.25,0
F,4,5201,50M,45.3,-1,169.88,2.24,1
F,4,46112,50M,51.1,4610.0,150.0,2.86,2
F,4,5202,50M,46.0,-1,172.35,2.24,1
F,4,5201,50M,44.7,-1,143.9,2.6,4
F,4,5202,50M,43.3,-1,153.26,2.37,0
F,4,5202,50M,45.0,-1,151.41,2.49,2
F,4,5202,50M,46.1,-1,151.45,2.55,3
F,4,46112,50M,50.5,4163.0,156.0,2.72,4
F,4,5204,50M,44.6,-1,158.5,2.36,2
F,4,46114,50M,50.7,3983.0,150.0,2.84,4
F,4,5204,50M,44.6,-1,153.07,2.44,3
F,4,5204,50M,46.8,-1,163.41,2.4,1
F,4,5204,50M,44.2,-1,165.5,2.24,0
F,4,5204,50M,45.7,-1,160.48,2.39,4
F,4,46114,50M,50.4,3918.0,156.0,2.71,3
F,4,46114,50M,50.2,4467.0,154.0,2.73,2
F,4,46114,50M,50.1,2506.0,100.04,4.2,0
F,4,46114,50M,50.1,4791.0,158.0,2.66,1
F,4,5204,100M,93.9,-1,298.29,2.64,3
F,4,5204,100M,93.4,-1,305.22,2.57,2
F,4,5201,100M,93.6,-1,307.11,2.56,4
F,4,5202,100M,92.6,-1,321.47,2.42,4
F,4,5204,100M,92.9,-1,307.49,2.54,0
F,4,5203,100M,92.9,-1,331.87,2.35,4
F,4,5204,100M,93.6,-1,313.81,2.5,1
F,4,5202,100M,93.7,-1,318.41,2.47,1
F,4,5201,100M,93.1,-1,332.07,2.35,3
F,4,5203,100M,89.9,-1,326.97,2.31,0
F,4,5204,100M,95.4,-1,300.38,2.66,4
F,4,5203,100M,94.5,-1,332.68,2.38,1
F,4,5201,100M,92.5,-1,323.55,2.4,2
F,4,5202,100M,94.2,-1,330.83,2.39,0
F,4,5202,100M,94.5,-1,332.62,2.38,2
F,4,5201,100M,93.0,-1,306.42,2.55,0
F,4,5203,100M,94.0,-1,320.55,2.46,3
F,4,5203,100M,94.3,-1,321.47,2.46,2
F,4,5201,100M,94.5,-1,327.13,2.42,1
F,4,5202,100M,94.6,-1,328.21,2.42,3
F,4,46114,100M,100.0,8910.0,319.0,2.64,3
F,4,46110,100M,100.0,9741.0,306.0,2.75,4
F,4,46116,100M,100.0,7617.0,306.0,2.75,0
F,4,46116,100M,100.0,9261.0,312.0,2.69,1
F,4,46114,100M,100.0,8468.0,319.0,2.63,2
F,4,46114,100M,101.0,9993.0,325.0,2.6,0
F,4,46112,100M,101.0,8492.0,318.8,2.66,4
F,4,46116,100M,100.0,9541.0,296.0,2.84,3
F,4,46116,100M,100.0,9288.0,304.0,2.76,2
F,4,46114,100M,100.0,8624.0,332.0,2.54,1
F,4,46110,100M,100.0,9112.0,321.0,2.62,2
F,4,46112,100M,100.0,8599.0,316.0,2.66,1
F,4,46112,100M,100.0,9546.0,329.92,2.54,0
F,4,46110,100M,100.0,9067.0,331.0,2.54,3
F,4,46114,100M,101.0,8710.0,331.0,2.56,4
F,4,46110,100M,101.0,9762.0,326.0,2.59,1
F,4,46112,100M,100.0,9141.0,332.0,2.53,2
F,4,46116,100M,100.0,9241.0,298.97,2.81,4
F,4,46112,100M,101.0,8176.0,326.0,2.59,3
F,4,46110,100M,100.0,9322.0,305.0,2.75,0
F,4,46114,200M,200.0,21299.0,684.0,2.46,2
F,4,46116,200M,200.0,20161.0,655.0,2.56,1
F,4,46116,200M,201.0,22534.0,676.0,2.5,0
F,4,46114,200M,201.0,21686.0,681.0,2.48,3
F,4,46110,200M,201.0,23409.0,674.0,2.5,4
F,4,46114,200M,200.0,20739.0,681.0,2.47,1
F,4,46116,200M,200.0,21606.0,679.0,2.48,2
F,4,46112,200M,201.0,22350.0,674.0,2.5,4
F,4,46116,200M,200.0,21097.0,671.0,2.5,3
F,4,46114,200M,200.0,22824.0,675.0,2.49,0
F,4,46110,200M,200.0,19970.0,654.0,2.57,3
F,4,46114,200M,200.0,23077.0,681.0,2.47,4
F,4,46112,200M,201.0,22005.0,687.0,2.45,0
F,4,46112,200M,201.0,19883.0,690.0,2.44,1
F,4,46110,200M,200.0,21219.0,668.0,2.51,2
F,4,46110,200M,201.0,22177.0,681.0,2.47,0
F,4,46116,200M,200.0,22416.0,685.0,2.45,4
F,4,46112,200M,200.0,20563.0,641.0,2.62,3
F,4,46112,200M,200.0,21509.0,675.0,2.49,2
F,4,46110,200M,200.0,19730.0,668.0,2.52,1
F,4,5201,200M,196.0,-1,675.18,2.44,4
F,4,5204,200M,195.0,-1,680.49,2.4,2
F,4,5204,200M,190.0,-1,672.95,2.37,3
F,4,5204,200M,193.0,-1,656.27,2.47,1
F,4,5203,200M,194.0,-1,681.81,2.39,4
F,4,5204,200M,195.0,-1,677.29,2.42,0
F,4,5202,200M,195.0,-1,675.2,2.42,4
F,4,5201,200M,194.0,-1,670.02,2.42,2
F,4,5202,200M,195.0,-1,687.34,2.37,0
F,4,5203,200M,195.0,-1,682.89,2.39,1
F,4,5204,200M,195.0,-1,685.49,2.38,4
F,4,5203,200M,195.0,-1,676.38,2.42,0
F,4,5202,200M,194.0,-1,690.55,2.35,1
F,4,5201,200M,194.0,-1,655.14,2.49,3
F,4,5201,200M,200.0,-1,694.69,2.42,1
F,4,5202,200M,193.0,-1,642.42,2.53,3
F,4,5203,200M,194.0,-1,684.67,2.38,2
F,4,5203,200M,193.0,-1,682.04,2.37,3
F,4,5202,200M,194.0,-1,676.72,2.41,2
F,4,5201,200M,194.0,-1,681.5,2.39,0
F,4,46110,500M,500.0,55795.0,1711.0,2.45,2
F,4,46112,500M,500.0,58403.0,1682.0,2.5,1
F,4,46112,500M,500.0,56366.0,1725.0,2.43,0
F,4,46114,500M,500.0,53697.0,1752.0,2.39,4
F,4,46110,500M,500.0,58141.0,1644.0,2.55,3
F,4,46110,500M,501.0,56781.0,1718.0,2.45,1
F,4,46112,500M,500.0,62107.0,1707.0,2.46,2
F,4,46112,500M,501.0,60054.0,1728.0,2.43,3
F,4,46116,500M,501.0,47498.0,1525.0,2.75,4
F,4,46110,500M,500.0,57450.0,1732.0,2.42,0
F,4,46110,500M,500.0,48596.0,1647.0,2.55,4
F,4,46114,500M,500.0,55279.0,1688.0,2.49,3
F,4,46116,500M,500.0,56033.0,1733.0,2.42,0
F,4,46116,500M,500.0,56094.0,1732.0,2.42,1
F,4,46114,500M,501.0,55039.0,1743.0,2.41,2
F,4,46114,500M,500.0,57831.0,1684.0,2.49,0
F,4,46116,500M,501.0,56270.0,1737.0,2.42,3
F,4,46112,500M,500.0,51674.0,1737.0,2.42,4
F,4,46116,500M,500.0,55720.0,1737.0,2.41,2
F,4,46114,500M,500.0,57954.0,1691.0,2.48,1
F,4,5201,500M,489.0,-1,1645.36,2.49,3
F,4,5202,500M,492.0,-1,1682.04,2.45,1
F,4,5203,500M,492.0,-1,1685.37,2.45,0
F,4,5203,500M,493.0,-1,1693.42,2.44,1
F,4,5204,500M,491.0,-1,1527.3,2.7,4
F,4,5202,500M,492.0,-1,1726.12,2.39,0
F,4,5201,500M,495.0,-1,1712.88,2.42,2
F,4,5201,500M,493.0,-1,1732.96,2.39,0
F,4,5202,500M,494.0,-1,1708.63,2.42,2
F,4,5203,500M,492.0,-1,1689.91,2.44,3
F,4,5203,500M,493.0,-1,1743.79,2.37,2
F,4,5202,500M,491.0,-1,1730.44,2.38,3
F,4,5201,500M,493.0,-1,1720.44,2.4,1
F,4,5204,500M,492.0,-1,1738.17,2.38,3
F,4,5204,500M,493.0,-1,1738.74,2.38,2
F,4,5201,500M,491.0,-1,1649.29,2.5,4
F,4,5202,500M,491.0,-1,1738.97,2.37,4
F,4,5204,500M,494.0,-1,1733.89,2.39,0
F,4,5204,500M,491.0,-1,1732.99,2.38,1
F,4,5203,500M,491.0,-1,1753.51,2.35,4
F,8,5208,10M,7.57,-1,52.59,1.21,2
F,8,5205,10M,7.73,-1,52.59,1.23,2
F,8,46116,10M,10.1,688.0,44.0,1.94,1
F,8,46116,10M,10.4,331.0,51.0,1.71,0
F,8,5205,10M,6.89,-1,44.43,1.3,3
F,8,46118,10M,10.1,786.0,43.0,1.97,4
F,8,5208,10M,7.02,-1,44.42,1.33,3
F,8,5208,10M,8.07,-1,53.99,1.25,1
F,8,5205,10M,7.09,-1,44.5,1.34,1
F,8,46116,10M,10.1,782.0,50.0,1.69,2
F,8,5206,10M,7.25,-1,49.94,1.22,4
F,8,46116,10M,10.1,635.0,49.0,1.73,3
F,8,5205,10M,7.36,-1,52.0,1.19,0
F,8,5208,10M,6.98,-1,46.58,1.26,0
F,8,5208,10M,7.29,-1,51.57,1.19,4
F,8,46118,10M,10.1,383.0,43.0,1.97,3
F,8,5205,10M,6.69,-1,44.88,1.25,4
F,8,5206,10M,7.58,-1,50.63,1.26,0
F,8,5206,10M,7.44,-1,48.0,1.3,1
F,8,46118,10M,10.3,730.0,52.01,1.66,2
F,8,46118,10M,10.1,421.0,50.0,1.69,0
F,8,46116,10M,10.0,771.0,43.0,1.95,4
F,8,5206,10M,7.1,-1,52.87,1.13,3
F,8,5206,10M,8.11,-1,54.11,1.26,2
F,8,46118,10M,10.0,579.0,43.0,1.96,1
F,8,46110,10M,10.1,764.0,50.0,1.7,4
F,8,5203,10M,7.37,-1,52.37,1.18,4
F,8,46120,10M,10.0,781.0,49.0,1.72,4
F,8,46120,10M,10.2,498.0,49.0,1.74,0
F,8,46110,10M,10.2,757.0,52.0,1.64,2
F,8,5203,10M,7.79,-1,52.39,1.25,1
F,8,5203,10M,7.72,-1,52.04,1.24,0
F,8,46110,10M,10.2,597.0,51.0,1.67,3
F,8,46120,10M,10.1,585.0,47.0,1.8,1
F,8,46120,10M,10.0,398.0,52.01,1.62,3
F,8,46110,10M,10.1,614.0,47.0,1.8,1
F,8,5203,10M,7.58,-1,49.97,1.27,2
F,8,5203,10M,7.55,-1,52.82,1.2,3
F,8,46110,10M,10.3,654.0,42.0,2.07,0
F,8,46120,10M,11.0,568.0,54.0,1.7,2
F,8,5202,10M,7.04,-1,44.67,1.32,0
F,8,5201,10M,7.46,-1,50.79,1.23,4
F,8,46122,10M,10.0,699.0,48.0,1.76,4
F,8,5202,10M,7.26,-1,48.01,1.27,1
F,8,46112,10M,10.8,671.0,53.75,1.69,4
F,8,5202,10M,7.55,-1,49.14,1.29,3
F,8,5202,10M,6.88,-1,45.36,1.27,2
F,8,46112,10M,10.0,645.0,47.0,1.79,1
F,8,46122,10M,10.0,471.0,51.0,1.65,3
F,8,5201,10M,7.55,-1,52.58,1.2,2
F,8,5201,10M,7.58,-1,51.76,1.23,3
F,8,46122,10M,10.2,557.0,49.0,1.74,2
F,8,46112,10M,10.1,399.0,43.0,1.96,0
F,8,46112,10M,10.0,618.0,44.0,1.92,2
F,8,46122,10M,11.1,331.0,50.99,1.83,0
F,8,5201,10M,7.29,-1,48.03,1.27,1
F,8,5201,10M,6.85,-1,43.65,1.32,0
F,8,46122,10M,10.4,393.0,50.0,1.74,1
F,8,5202,10M,8.61,-1,53.9,1.34,4
F,8,46112,10M,10.1,710.0,48.0,1.77,3
F,8,5207,10M,7.44,-1,50.56,1.23,1
F,8,46114,10M,10.6,736.0,49.0,1.81,2
F,8,46124,10M,10.1,379.0,45.0,1.88,0
F,8,46124,10M,10.5,467.0,53.8,1.63,1
F,8,46114,10M,10.2,483.0,52.0,1.64,3
F,8,5204,10M,6.98,-1,44.7,1.31,4
F,8,5207,10M,8.01,-1,53.3,1.26,0
F,8,5207,10M,7.07,-1,49.93,1.19,2
F,8,46114,10M,10.3,403.0,52.0,1.66,1
F,8,46124,10M,10.2,546.0,43.0,2.0,3
F,8,46124,10M,10.2,754.0,52.0,1.64,2
F,8,46114,10M,10.3,371.0,50.0,1.73,0
F,8,5207,10M,7.6,-1,51.8,1.23,3
F,8,5204,10M,7.57,-1,50.16,1.27,3
F,8,46114,10M,10.3,622.0,52.0,1.66,4
F,8,5204,10M,7.33,-1,50.88,1.21,2
F,8,5207,10M,7.25,-1,48.95,1.24,4
F,8,5204,10M,7.85,-1,53.27,1.24,0
F,8,46124,10M,10.2,598.0,51.0,1.67,4
F,8,5204,10M,7.7,-1,45.51,1.42,1
F,8,5207,50M,46.9,-1,321.25,1.23,2
F,8,46124,50M,50.1,6237.0,319.0,1.32,3
F,8,46114,50M,50.2,5883.0,319.0,1.32,1
F,8,46114,50M,50.3,5278.0,299.0,1.41,0
F,8,46124,50M,50.2,5019.0,326.0,1.29,2
F,8,5207,50M,46.3,-1,323.74,1.2,3
F,8,5207,50M,47.3,-1,332.18,1.19,1
F,8,46124,50M,50.3,5091.0,311.0,1.36,0
F,8,46114,50M,50.2,4735.0,331.0,1.27,2
F,8,5204,50M,47.0,-1,322.65,1.22,4
F,8,46114,50M,50.2,6025.0,310.0,1.36,3
F,8,46124,50M,50.0,5508.0,306.0,1.37,1
F,8,5207,50M,46.1,-1,327.14,1.18,0
F,8,5207,50M,46.5,-1,322.62,1.21,4
F,8,5204,50M,47.2,-1,328.72,1.21,0
F,8,5204,50M,47.0,-1,326.84,1.21,1
F,8,46124,50M,50.5,5451.0,326.0,1.3,4
F,8,46114,50M,50.4,5642.0,325.0,1.3,4
F,8,5204,50M,45.4,-1,318.2,1.2,3
F,8,5204,50M,46.5,-1,313.67,1.24,2
F,8,5202,50M,45.5,-1,255.52,1.49,3
F,8,46112,50M,50.6,5935.0,310.0,1.37,4
F,8,5202,50M,47.2,-1,296.21,1.34,2
F,8,5202,50M,47.0,-1,291.53,1.35,0
F,8,5201,50M,45.7,-1,331.76,1.15,4
F,8,5202,50M,46.9,-1,333.46,1.18,1
F,8,46122,50M,50.0,5273.0,321.0,1.31,4
F,8,46122,50M,50.4,5304.0,326.0,1.3,0
F,8,46112,50M,50.2,5771.0,295.0,1.43,2
F,8,5201,50M,47.2,-1,326.85,1.21,1
F,8,5201,50M,46.0,-1,327.14,1.18,0
F,8,46112,50M,50.1,5036.0,254.0,1.65,3
F,8,5202,50M,47.0,-1,311.09,1.27,4
F,8,46122,50M,50.2,5528.0,331.0,1.27,1
F,8,46122,50M,50.4,5642.0,323.0,1.31,3
F,8,46112,50M,50.4,5467.0,332.0,1.27,1
F,8,5201,50M,46.6,-1,299.91,1.3,2
F,8,5201,50M,46.8,-1,327.63,1.2,3
F,8,46112,50M,50.1,5383.0,287.0,1.46,0
F,8,46122,50M,50.1,5068.0,320.0,1.31,2
F,8,5203,50M,47.1,-1,327.48,1.21,4
F,8,46120,50M,50.0,6058.0,303.0,1.39,4
F,8,46110,50M,50.1,5795.0,331.0,1.27,4
F,8,46110,50M,50.3,5583.0,326.0,1.29,1
F,8,46120,50M,50.5,6223.0,277.0,1.53,3
F,8,5203,50M,47.2,-1,331.77,1.19,2
F,8,5203,50M,45.4,-1,311.63,1.22,3
F,8,46120,50M,50.2,5027.0,309.0,1.36,2
F,8,46110,50M,50.2,5135.0,326.0,1.29,0
F,8,46110,50M,50.2,5394.0,299.0,1.41,2
F,8,46120,50M,50.3,5200.0,327.0,1.29,0
F,8,5203,50M,47.0,-1,319.82,1.23,1
F,8,5203,50M,46.2,-1,300.76,1.29,0
F,8,46120,50M,50.6,6733.0,315.35,1.35,1
F,8,46110,50M,50.2,5124.0,327.0,1.29,3
F,8,5205,50M,47.1,-1,314.61,1.25,1
F,8,5208,50M,45.7,-1,307.58,1.25,1
F,8,46116,50M,50.0,5337.0,311.0,1.35,2
F,8,46116,50M,50.0,5780.0,317.0,1.32,3
F,8,5206,50M,46.3,-1,306.41,1.27,4
F,8,5208,50M,46.0,-1,314.17,1.23,0
F,8,5205,50M,46.2,-1,321.05,1.21,0
F,8,5205,50M,46.5,-1,330.82,1.18,2
F,8,5208,50M,46.9,-1,327.07,1.2,2
F,8,46116,50M,50.1,5665.0,326.0,1.29,1
F,8,46116,50M,50.2,5319.0,328.0,1.29,0
F,8,5208,50M,46.1,-1,320.01,1.21,3
F,8,46118,50M,50.4,5573.0,326.0,1.3,4
F,8,5205,50M,45.9,-1,246.22,1.56,3
F,8,46118,50M,50.1,5060.0,321.0,1.31,0
F,8,5206,50M,45.0,-1,280.26,1.35,3
F,8,46116,50M,50.1,5799.0,321.0,1.31,4
F,8,5206,50M,47.5,-1,311.25,1.28,2
F,8,46118,50M,50.9,6437.0,313.0,1.36,1
F,8,5205,50M,46.7,-1,329.33,1.19,4
F,8,46118,50M,50.6,5874.0,245.0,1.73,3
F,8,5208,50M,45.5,-1,329.72,1.16,4
F,8,5206,50M,46.7,-1,328.17,1.19,0
F,8,5206,50M,47.2,-1,316.5,1.25,1
F,8,46118,50M,50.4,4889.0,330.0,1.28,2
F,8,46112,100M,101.0,12904.0,658.0,1.28,1
F,8,46110,100M,101.0,12068.0,681.0,1.25,2
F,8,46114,100M,100.0,11637.0,654.0,1.29,4
F,8,46110,100M,100.0,11299.0,668.0,1.26,3
F,8,46112,100M,100.0,12729.0,677.0,1.24,0
F,8,46112,100M,100.0,12826.0,675.0,1.25,2
F,8,46110,100M,101.0,11037.0,677.75,1.25,1
F,8,46110,100M,100.0,12836.0,646.0,1.3,0
F,8,46112,100M,100.0,12569.0,634.0,1.32,3
F,8,46116,100M,100.0,14412.0,630.0,1.34,4
F,8,46116,100M,100.0,12777.0,665.0,1.26,0
F,8,46110,100M,101.0,14075.0,652.0,1.3,4
F,8,46114,100M,101.0,12524.0,679.0,1.25,3
F,8,46114,100M,100.0,12961.0,658.0,1.28,2
F,8,46116,100M,100.0,12541.0,667.0,1.26,1
F,8,46116,100M,100.0,12401.0,652.0,1.29,3
F,8,46112,100M,100.0,12226.0,638.0,1.32,4
F,8,46114,100M,100.0,13354.0,679.0,1.24,0
F,8,46114,100M,100.0,12614.0,645.0,1.3,1
F,8,46116,100M,100.0,13661.0,574.0,1.46,2
F,8,46118,100M,100.0,11705.0,686.0,1.22,0
F,8,46118,100M,100.0,12809.0,637.0,1.32,1
F,8,46118,100M,101.0,12427.0,675.0,1.25,3
F,8,46118,100M,100.0,12751.0,674.0,1.25,2
F,8,46118,100M,100.0,13741.0,705.0,1.19,4
F,8,5208,100M,96.5,-1,652.51,1.24,0
F,8,5208,100M,97.1,-1,670.2,1.21,1
F,8,5208,100M,95.7,-1,677.2,1.19,3
F,8,5208,100M,96.3,-1,639.4,1.26,2
F,8,5208,100M,97.1,-1,646.97,1.26,4
F,8,46124,100M,100.0,12284.0,669.0,1.26,1
F,8,5203,100M,98.7,-1,680.16,1.22,0
F,8,5201,100M,93.6,-1,671.95,1.17,3
F,8,5202,100M,96.8,-1,659.16,1.23,1
F,8,5205,100M,94.6,-1,705.64,1.13,4
F,8,5202,100M,97.0,-1,678.35,1.2,0
F,8,46122,100M,100.0,12572.0,681.0,1.24,4
F,8,5201,100M,96.9,-1,681.32,1.19,2
F,8,5203,100M,95.0,-1,647.53,1.23,1
F,8,5204,100M,97.8,-1,631.4,1.3,4
F,8,46124,100M,101.0,12918.0,651.0,1.3,0
F,8,5207,100M,87.6,-1,683.06,1.08,4
F,8,46124,100M,100.0,13402.0,638.0,1.32,2
F,8,5203,100M,97.4,-1,679.35,1.2,3
F,8,5201,100M,97.1,-1,649.16,1.25,0
F,8,5202,100M,96.4,-1,675.6,1.2,2
F,8,5202,100M,96.0,-1,637.28,1.26,3
F,8,5206,100M,95.5,-1,686.28,1.17,4
F,8,5201,100M,95.2,-1,679.51,1.17,1
F,8,46120,100M,101.0,14103.0,686.0,1.23,4
F,8,5203,100M,95.7,-1,660.45,1.22,2
F,8,46124,100M,100.0,12669.0,676.0,1.24,3
F,8,5207,100M,96.5,-1,673.22,1.2,1
F,8,5204,100M,96.5,-1,653.22,1.24,3
F,8,46120,100M,100.0,12945.0,680.03,1.24,0
F,8,5206,100M,97.3,-1,681.11,1.2,0
F,8,46122,100M,100.0,12374.0,543.0,1.55,3
F,8,5205,100M,96.4,-1,674.88,1.2,2
F,8,5205,100M,97.0,-1,676.42,1.2,3
F,8,46122,100M,100.0,13438.0,672.0,1.25,2
F,8,5201,100M,97.1,-1,653.46,1.25,4
F,8,5206,100M,96.5,-1,611.41,1.32,1
F,8,46120,100M,100.0,12533.0,609.0,1.38,1
F,8,5204,100M,96.3,-1,575.07,1.4,2
F,8,5207,100M,96.6,-1,679.27,1.19,0
F,8,5207,100M,98.0,-1,673.25,1.22,2
F,8,46124,100M,101.0,13301.0,644.89,1.31,4
F,8,5204,100M,97.1,-1,667.26,1.22,0
F,8,46120,100M,100.0,12926.0,651.49,1.29,3
F,8,5206,100M,96.8,-1,652.8,1.24,3
F,8,46122,100M,100.0,12686.0,678.0,1.24,0
F,8,5205,100M,95.1,-1,638.31,1.25,1
F,8,5202,100M,98.0,-1,639.17,1.29,4
F,8,5205,100M,96.2,-1,686.3,1.18,0
F,8,46122,100M,100.0,11773.0,672.0,1.25,1
F,8,5206,100M,95.4,-1,640.46,1.25,2
F,8,46120,100M,100.0,13204.0,639.0,1.32,2
F,8,5204,100M,97.2,-1,668.21,1.22,1
F,8,5203,100M,96.5,-1,654.88,1.24,4
F,8,5207,100M,96.2,-1,544.6,1.48,3
F,8,5204,200M,190.0,-1,1374.48,1.16,4
F,8,5203,200M,195.0,-1,1265.88,1.29,1
F,8,46124,200M,201.0,24332.0,1381.0,1.22,0
F,8,5202,200M,196.0,-1,1378.22,1.19,0
F,8,5201,200M,195.0,-1,1273.98,1.28,2
F,8,46122,200M,200.0,24437.0,1221.0,1.38,4
F,8,5201,200M,195.0,-1,1346.54,1.22,3
F,8,5205,200M,197.0,-1,1183.23,1.4,4
F,8,5202,200M,196.0,-1,1290.88,1.27,1
F,8,46124,200M,200.0,24253.0,1301.0,1.29,1
F,8,5203,200M,197.0,-1,1345.01,1.23,0
F,8,5203,200M,192.0,-1,1385.41,1.16,2
F,8,46120,200M,201.0,22267.0,1314.0,1.28,4
F,8,46124,200M,200.0,13870.0,647.0,2.6,3
F,8,5202,200M,196.0,-1,1366.45,1.2,3
F,8,5201,200M,196.0,-1,1296.98,1.26,1
F,8,5206,200M,197.0,-1,1316.47,1.26,4
F,8,5201,200M,196.0,-1,1209.35,1.36,0
F,8,5202,200M,196.0,-1,1261.25,1.31,2
F,8,46124,200M,200.0,26748.0,1245.0,1.35,2
F,8,5207,200M,196.0,-1,1222.69,1.34,4
F,8,5203,200M,195.0,-1,1371.99,1.19,3
F,8,5204,200M,196.0,-1,1354.12,1.21,2
F,8,46120,200M,201.0,24331.0,1384.0,1.22,1
F,8,5207,200M,196.0,-1,1341.71,1.23,0
F,8,5205,200M,195.0,-1,1372.99,1.19,3
F,8,5206,200M,189.0,-1,1385.94,1.15,1
F,8,5201,200M,191.0,-1,1353.63,1.19,4
F,8,46122,200M,200.0,25239.0,1146.0,1.46,2
F,8,46122,200M,200.0,23193.0,1343.0,1.25,3
F,8,5206,200M,194.0,-1,1370.57,1.19,0
F,8,5205,200M,197.0,-1,1369.7,1.21,2
F,8,5207,200M,190.0,-1,1343.94,1.18,1
F,8,46120,200M,201.0,25445.0,1368.0,1.23,0
F,8,5204,200M,195.0,-1,1364.29,1.2,3
F,8,5203,200M,195.0,-1,1328.23,1.23,4
F,8,5204,200M,196.0,-1,1309.58,1.25,1
F,8,46120,200M,201.0,25214.0,1391.0,1.21,2
F,8,5207,200M,196.0,-1,1344.39,1.22,3
F,8,5205,200M,196.0,-1,1312.9,1.25,0
F,8,5206,200M,197.0,-1,1391.72,1.19,2
F,8,46122,200M,201.0,25261.0,1342.0,1.25,1
F,8,46122,200M,200.0,25971.0,1340.0,1.25,0
F,8,5206,200M,196.0,-1,1375.31,1.2,3
F,8,5202,200M,189.0,-1,1294.38,1.22,4
F,8,5205,200M,197.0,-1,1249.38,1.32,1
F,8,46124,200M,200.0,22442.0,1262.0,1.33,4
F,8,5207,200M,197.0,-1,1149.16,1.44,2
F,8,46120,200M,200.0,23086.0,1375.0,1.22,3
F,8,5204,200M,197.0,-1,1347.66,1.22,0
F,8,5208,200M,196.0,-1,1301.77,1.26,1
F,8,5208,200M,194.0,-1,1381.72,1.18,0
F,8,5208,200M,197.0,-1,1246.58,1.32,2
F,8,5208,200M,194.0,-1,649.05,2.51,3
F,8,5208,200M,189.0,-1,1263.6,1.25,4
F,8,46118,200M,200.0,25239.0,1248.0,1.34,1
F,8,46118,200M,200.0,25957.0,1311.0,1.28,0
F,8,46118,200M,201.0,26056.0,1369.0,1.23,2
F,8,46118,200M,200.0,23430.0,1372.0,1.22,3
F,8,46118,200M,200.0,27555.0,1181.0,1.42,4
F,8,46112,200M,201.0,25122.0,1377.06,1.22,0
F,8,46114,200M,201.0,22031.0,1327.0,1.27,4
F,8,46110,200M,200.0,23119.0,1345.0,1.25,3
F,8,46110,200M,200.0,24692.0,1270.0,1.32,2
F,8,46112,200M,200.0,26809.0,1289.0,1.3,1
F,8,46112,200M,200.0,23563.0,1365.0,1.23,3
F,8,46116,200M,200.0,24126.0,1373.0,1.22,4
F,8,46110,200M,200.0,26530.0,1208.0,1.39,0
F,8,46110,200M,200.0,27780.0,1294.0,1.3,1
F,8,46112,200M,200.0,26037.0,1260.0,1.33,2
F,8,46116,200M,201.0,23380.0,1309.0,1.29,1
F,8,46114,200M,201.0,23466.0,1383.0,1.22,2
F,8,46110,200M,200.0,23154.0,1352.0,1.24,4
F,8,46114,200M,200.0,23521.0,1371.0,1.22,3
F,8,46116,200M,201.0,25909.0,1345.95,1.25,0
F,8,46116,200M,200.0,27588.0,1352.0,1.24,2
F,8,46114,200M,200.0,26590.0,1264.0,1.33,1
F,8,46114,200M,201.0,27242.0,1343.54,1.25,0
F,8,46116,200M,200.0,23271.0,1362.0,1.23,3
F,8,46112,200M,200.0,20160.0,1292.0,1.3,4
F,8,5208,500M,494.0,-1,2876.31,1.44,4
F,8,5208,500M,490.0,-1,3394.96,1.21,0
F,8,5208,500M,494.0,-1,2086.07,1.99,1
F,8,5208,500M,494.0,-1,2153.55,1.93,3
F,8,5208,500M,492.0,-1,2968.96,1.39,2
F,8,46120,500M,500.0,43044.0,3070.0,1.37,0
F,8,5204,500M,493.0,-1,3383.04,1.22,3
F,8,5207,500M,490.0,-1,3529.87,1.16,1
F,8,5205,500M,491.0,-1,3430.61,1.2,2
F,8,46122,500M,500.0,33354.0,2767.0,1.52,3
F,8,5206,500M,490.0,-1,3072.67,1.34,0
F,8,5206,500M,493.0,-1,3357.66,1.23,1
F,8,5201,500M,494.0,-1,2726.84,1.52,4
F,8,46122,500M,501.0,62384.0,3388.0,1.24,2
F,8,5205,500M,493.0,-1,2213.94,1.87,3
F,8,5207,500M,493.0,-1,2560.02,1.61,0
F,8,5204,500M,493.0,-1,1668.17,2.48,2
F,8,46120,500M,500.0,65827.0,3356.01,1.25,1
F,8,46120,500M,500.0,33118.0,1963.0,2.14,3
F,8,5204,500M,492.0,-1,3213.82,1.29,0
F,8,46124,500M,500.0,73114.0,2874.0,1.46,4
F,8,5207,500M,492.0,-1,3390.51,1.22,2
F,8,5202,500M,None,None,None,None,4
F,8,5205,500M,488.0,-1,3467.44,1.18,1
F,8,46122,500M,500.0,54207.0,2558.0,1.64,0
F,8,5206,500M,495.0,-1,1964.86,2.11,3
F,8,5206,500M,494.0,-1,3106.1,1.33,2
F,8,46122,500M,501.0,69322.0,3528.0,1.19,1
F,8,5205,500M,491.0,-1,2885.4,1.43,0
F,8,5207,500M,489.0,-1,2769.29,1.48,3
F,8,5203,500M,495.0,-1,2361.54,1.76,4
F,8,5204,500M,493.0,-1,2075.58,1.99,1
F,8,46120,500M,500.0,59782.0,3103.87,1.35,2
F,8,5203,500M,492.0,-1,3286.43,1.26,0
F,8,46124,500M,501.0,38791.0,2084.0,2.02,1
F,8,5205,500M,490.0,-1,3286.01,1.25,4
F,8,5202,500M,487.0,-1,3384.75,1.21,1
F,8,5201,500M,490.0,-1,2691.17,1.53,3
F,8,5201,500M,493.0,-1,3226.08,1.28,2
F,8,46122,500M,500.0,69783.0,3337.0,1.26,4
F,8,5202,500M,489.0,-1,3350.07,1.22,0
F,8,46124,500M,500.0,53034.0,3393.0,1.24,0
F,8,5204,500M,490.0,-1,3224.11,1.28,4
F,8,5203,500M,497.0,-1,1960.23,2.13,1
F,8,5203,500M,493.0,-1,3345.72,1.24,3
F,8,46124,500M,501.0,52568.0,2967.0,1.42,2
F,8,5207,500M,489.0,-1,3339.22,1.23,4
F,8,5202,500M,493.0,-1,3370.25,1.23,2
F,8,5201,500M,None,None,None,None,0
F,8,5201,500M,488.0,-1,3483.75,1.17,1
F,8,5206,500M,496.0,-1,3129.15,1.33,4
F,8,5202,500M,489.0,-1,3407.36,1.2,3
F,8,46124,500M,500.0,57592.0,2152.0,1.95,3
F,8,5203,500M,491.0,-1,1732.35,2.38,2
F,8,46120,500M,501.0,67574.0,3127.0,1.34,4
F,8,46116,500M,500.0,53970.0,3212.0,1.31,0
F,8,46114,500M,501.0,52770.0,3344.0,1.26,3
F,8,46110,500M,500.0,65244.0,2725.0,1.54,4
F,8,46114,500M,501.0,35553.0,1730.0,2.43,2
F,8,46116,500M,500.0,35932.0,2075.0,2.02,1
F,8,46112,500M,None,None,None,None,4
F,8,46116,500M,501.0,53758.0,3382.0,1.24,3
F,8,46114,500M,500.0,53403.0,3285.0,1.28,0
F,8,46114,500M,500.0,36426.0,1958.0,2.14,1
F,8,46116,500M,500.0,33325.0,1666.0,2.52,2
F,8,46112,500M,500.0,73048.0,3384.0,1.24,1
F,8,46110,500M,501.0,64366.0,3223.87,1.3,2
F,8,46110,500M,501.0,35506.0,2689.0,1.56,3
F,8,46114,500M,501.0,45161.0,2360.0,1.78,4
F,8,46112,500M,500.0,60851.0,3348.0,1.25,0
F,8,46112,500M,501.0,58227.0,3369.0,1.25,2
F,8,46110,500M,501.0,53936.0,3483.0,1.21,1
F,8,46110,500M,None,None,None,None,0
F,8,46116,500M,501.0,45535.0,3222.0,1.3,4
F,8,46112,500M,501.0,49155.0,3405.0,1.23,3
F,8,46118,500M,501.0,70360.0,3285.0,1.28,4
F,8,46118,500M,501.0,46806.0,2883.0,1.46,0
F,8,46118,500M,501.0,61206.0,3465.0,1.21,1
F,8,46118,500M,500.0,42500.0,2212.0,1.9,3
F,8,46118,500M,501.0,60736.0,3429.0,1.23,2
