S1.1;S1.2;S1.3;S2.1;S2.2;S2.3;S2.4;S3.1;S3.2;S3.3;S3.4;S4.1;S4.2;S4.3;S5.1;S5.2
0.408447265625;11.921875;0.0;0.408447265625;0.0;0.0;11.8515625;11.7734375;0.408203125;11.7734375;11.7734375;0.0;0.0;0.0;0.0;0.0
0.259765625;12.1328125;0.0;0.259765625;0.0;0.0;11.8515625;11.8515625;0.259765625;11.8515625;11.8515625;0.0;0.0;0.0;0.0;0.0
0.40966796875;9.5234375;0.0;0.40966796875;0.0;0.0;9.453125;9.4453125;0.409912109375;9.4453125;9.4453125;0.0;0.0;0.0;0.0;0.0
0.26025390625;12.0625;0.0;0.260986328125;0.0;0.0;11.859375;11.8828125;0.260986328125;11.8828125;11.8828125;0.0;0.0;0.0;0.0;0.0
0.21728515625;10.5234375;0.0;0.21728515625;0.0;0.0;9.453125;9.46875;0.21728515625;9.46875;9.46875;0.0;0.0;0.0;0.0;0.0
0.52783203125;11.3828125;0.0;0.5283203125;0.0;0.0;11.8203125;11.828125;0.5283203125;11.828125;11.828125;0.0;0.0;0.0;0.0;0.0
0.259521484375;12.40625;0.0;0.259765625;0.0;0.0;11.828125;11.8515625;0.259765625;11.8515625;11.8515625;0.0;0.0;0.0;0.0;0.0
0.2098388671875;9.6328125;0.00011444091796875;0.209716796875;0.00011444091796875;0.00011444091796875;9.484375;9.5;0.209716796875;8.53125;8.53125;0.00011444091796875;0.00011444091796875;0.00011444091796875;0.00011444091796875;0.00011444091796875
0.33837890625;12.890625;0.0;0.33837890625;0.0;0.0;11.859375;11.859375;0.33837890625;8.6171875;8.6171875;0.0;0.0;0.0;0.0;0.0
0.40625;8.6484375;0.00011444091796875;0.406005859375;0.00011444091796875;0.00011444091796875;9.4921875;9.5;0.406005859375;7.01953125;7.01953125;0.00011444091796875;0.00011444091796875;0.00011444091796875;0.00011444091796875;0.00011444091796875
0.204345703125;9.7109375;0.0;0.204345703125;0.0;0.0;9.4453125;9.3125;0.204345703125;6.5;6.5;0.0;0.0;0.0;0.0;0.0
0.361328125;9.6953125;0.00011444091796875;0.361083984375;0.00011444091796875;0.00011444091796875;9.4921875;9.4921875;0.361083984375;6.578125;6.578125;0.00011444091796875;0.00011444091796875;0.00011444091796875;0.00011444091796875;0.00011444091796875
0.321044921875;10.15625;0.0;0.32080078125;0.0;0.0;9.4765625;9.4765625;0.32080078125;6.83984375;6.83984375;0.0;0.0;0.0;0.0;0.0
0.211669921875;9.8125;0.00011444091796875;0.2115478515625;0.00011444091796875;0.00011444091796875;9.4453125;9.4296875;0.2115478515625;6.375;6.375;0.00011444091796875;0.00011444091796875;0.00011444091796875;0.00011444091796875;0.00011444091796875
4.23828125;10.3984375;5.04296875;4.31640625;0.0;0.0;11.8203125;12.7421875;4.5546875;6.0234375;11.6171875;0.0;0.0;4.1796875;0.0;0.0
11.4296875;14.8046875;10.7734375;11.6015625;0.0001430511474609375;0.0001430511474609375;11.6328125;23.109375;12.03125;5.7890625;17.265625;0.0001430511474609375;0.0001430511474609375;11.3125;0.0001430511474609375;0.0001430511474609375
9.9296875;9.734375;9.5859375;10.3671875;0.0;0.0;10.7578125;19.578125;10.140625;4.76953125;14.0;0.0;0.0;9.28125;0.0;0.0
11.71875;12.046875;11.015625;11.734375;0.0001430511474609375;0.0001430511474609375;11.6953125;23.0;11.8046875;6.4296875;17.703125;0.0001430511474609375;0.0001430511474609375;11.296875;0.0001430511474609375;0.0001430511474609375
9.3984375;9.15625;9.453125;9.390625;0.0;0.0;9.359375;18.703125;9.71875;4.875;14.1953125;0.0;0.0;9.359375;0.0;0.0
11.5546875;10.921875;13.1484375;12.015625;0.0001430511474609375;0.0001430511474609375;12.03125;23.140625;12.328125;5.5859375;17.171875;0.0001430511474609375;0.0001430511474609375;11.6875;0.0001430511474609375;0.0001430511474609375
11.7734375;10.8984375;16.6875;11.796875;0.0;0.0;11.7265625;23.53125;12.75;1.779296875;13.53125;0.0;0.0;11.796875;0.0;0.0
9.4296875;6.6953125;6.2578125;9.421875;0.0;0.0;7.79296875;18.28125;10.2265625;0.0;9.375;0.0;0.0;9.2890625;0.0;0.0
11.4921875;7.4296875;12.9296875;11.7109375;0.0;0.0;9.2734375;21.046875;12.359375;0.0;11.4765625;0.0;0.0;11.515625;0.0;0.0
9.5234375;10.9296875;9.0390625;9.515625;0.0;0.0;9.484375;18.828125;10.078125;0.0;9.4765625;0.0;0.0;9.515625;0.0;0.0
11.890625;11.1640625;14.828125;11.890625;0.0;0.0;11.8359375;23.75;12.8671875;0.0;11.875;0.0;0.0;11.875;0.0;0.0
9.5078125;0.9287109375;9.9140625;9.515625;0.0;0.0;2.95703125;12.578125;10.125;0.0;9.5078125;0.0;0.0;9.515625;0.0;0.0
8.890625;9.390625;8.625;8.90625;0.0;0.0;9.2890625;17.90625;9.34375;0.0;8.6171875;0.0;0.0;8.6171875;0.0;0.0
9.4453125;10.0703125;9.359375;9.5078125;0.0;0.0;9.3125;18.703125;9.9296875;0.0;9.3984375;0.0;0.0;9.4453125;0.0;0.0
11.875;14.734375;13.2109375;11.8984375;0.0001430511474609375;0.0001430511474609375;11.65625;23.5625;12.4609375;0.0001430511474609375;11.8984375;0.0001430511474609375;0.0001430511474609375;11.8984375;0.0001430511474609375;0.0001430511474609375
9.5234375;7.046875;9.2578125;9.5234375;0.0;0.0;6.55859375;16.03125;10.125;0.0;9.4609375;0.0;0.0;9.5234375;0.0;0.0
9.453125;10.7578125;11.1796875;9.375;0.00011444091796875;0.00011444091796875;9.25;17.59375;8.9453125;0.00011444091796875;8.34375;0.00011444091796875;0.00011444091796875;8.3125;0.00011444091796875;0.00011444091796875
0.548828125;9.96875;0.0;0.548828125;0.0;0.0;9.5;9.5;0.548828125;0.0;0.0;0.0;0.0;0.0;0.0;0.0
0.548828125;9.96875;0.0;0.548828125;0.0;0.0;9.5;9.5;0.548828125;0.0;0.0;0.0;0.0;0.0;0.0;0.0
2.412109375;13.515625;2.859375;2.419921875;0.00011444091796875;0.00011444091796875;9.5078125;11.6953125;2.568359375;0.0024242401123046875;2.185546875;0.00011444091796875;0.00011444091796875;2.189453125;0.00011444091796875;0.00011444091796875
11.8359375;9.578125;11.2890625;11.90625;0.0;0.0;11.875;23.6875;12.921875;0.0086669921875;11.875;0.0;0.0;11.8984375;0.0;0.0
11.8203125;0.300537109375;13.984375;11.90625;0.0001430511474609375;0.0001430511474609375;0.300537109375;12.1875;12.1953125;0.0001430511474609375;11.8828125;0.0001430511474609375;0.0001430511474609375;11.9140625;0.0001430511474609375;0.0001430511474609375
9.5234375;2.595703125;12.484375;9.515625;0.0;0.0;2.52734375;12.0390625;9.9765625;0.0;9.515625;0.0;0.0;9.5078125;0.0;0.0
9.515625;9.90625;10.8046875;9.5078125;0.00011444091796875;0.00011444091796875;9.484375;22.8125;11.953125;0.0001430511474609375;11.0;0.00011444091796875;0.00011444091796875;8.828125;0.00011444091796875;0.00011444091796875
9.5234375;16.109375;5.53125;9.5234375;0.0;0.0;9.421875;17.6875;9.2265625;0.0;8.2578125;0.0;0.0;8.21875;0.0;0.0
9.5234375;0.7763671875;9.515625;9.515625;0.00011444091796875;0.00011444091796875;0.7763671875;10.28125;9.9453125;0.00011444091796875;9.5078125;0.00011444091796875;0.00011444091796875;9.515625;0.00011444091796875;0.00011444091796875
11.8828125;5.796875;12.890625;11.90625;0.0;0.0;5.75390625;17.65625;12.578125;0.0;11.90625;0.0;0.0;11.8984375;0.0;0.0
9.515625;10.671875;12.6484375;9.5234375;0.0;0.0;9.171875;18.640625;10.1015625;0.0;9.4921875;0.0;0.0;9.5078125;0.0;0.0
9.515625;10.671875;12.6484375;9.5234375;0.0;0.0;9.171875;18.640625;10.1015625;0.0;9.4921875;0.0;0.0;9.5078125;0.0;0.0
9.4453125;9.4921875;7.15625;9.5234375;0.0;0.0;9.484375;18.515625;10.1015625;0.0;9.1328125;0.0;0.0;9.1015625;0.0;0.0
11.8125;6.78125;10.140625;11.71875;0.0;0.0;8.375;18.65625;11.171875;0.0;10.125;0.0;0.0;10.1328125;0.0;0.0
11.8125;6.78125;10.140625;11.71875;0.0;0.0;8.375;18.65625;11.171875;0.0;10.125;0.0;0.0;10.1328125;0.0;0.0
11.703125;0.0;14.296875;11.8046875;0.0;0.0;0.0;11.8046875;12.421875;0.0;11.8046875;0.0;0.0;11.78125;0.0;0.0
7.94921875;6.389617919921875e-05;12.0;7.859375;1.642578125;0.0;6.389617919921875e-05;9.4765625;9.7734375;0.0;9.4765625;0.0;0.0;11.1328125;0.0;0.0
8.8203125;0.0;9.09375;8.828125;0.69775390625;0.0;0.0;9.5234375;10.1171875;0.0;9.5234375;0.0;0.0;10.2265625;0.0;0.0
8.8203125;0.0;9.09375;8.828125;0.69775390625;0.0;0.0;9.5234375;10.1171875;0.0;9.5234375;0.0;0.0;10.2265625;0.0;0.0
8.8203125;0.0;9.09375;8.828125;0.69775390625;0.0;0.0;9.5234375;10.1171875;0.0;9.5234375;0.0;0.0;10.2265625;0.0;0.0
9.265625;0.0;4.50390625;9.3828125;0.12939453125;0.0;0.0;10.75;11.421875;0.0;10.75;0.0;0.0;6.4140625;0.0;0.0
9.265625;0.0;4.50390625;9.3828125;0.12939453125;0.0;0.0;10.75;11.421875;0.0;10.75;0.0;0.0;6.4140625;0.0;0.0
9.265625;0.0;4.50390625;9.3828125;0.12939453125;0.0;0.0;10.75;11.421875;0.0;10.75;0.0;0.0;6.4140625;0.0;0.0
11.7265625;0.0001430511474609375;15.3515625;11.6796875;0.0001430511474609375;0.0001430511474609375;0.0001430511474609375;8.984375;9.171875;0.00011444091796875;8.984375;0.0001430511474609375;0.0001430511474609375;11.328125;0.0001430511474609375;0.0001430511474609375
9.5390625;0.0;10.2421875;9.53125;0.0;0.0;0.0;9.53125;9.734375;0.0;9.53125;0.0;0.0;9.53125;0.0;0.0
11.8984375;0.0001430511474609375;11.21875;11.890625;0.0001430511474609375;0.0001430511474609375;0.0001430511474609375;11.890625;12.484375;0.0001430511474609375;11.890625;0.0001430511474609375;0.0001430511474609375;11.890625;0.0001430511474609375;0.0001430511474609375
9.4453125;3.974609375;8.875;9.453125;0.0;0.0;3.51171875;12.4296875;9.5234375;0.004619598388671875;8.9296875;0.0;0.0;8.921875;0.0;0.0
9.4453125;9.328125;9.4375;9.5234375;0.00011444091796875;0.00011444091796875;9.2578125;18.46875;9.96875;0.00011444091796875;9.21875;0.00011444091796875;0.00011444091796875;9.2265625;0.00011444091796875;0.00011444091796875
9.4609375;12.3125;11.984375;9.5;0.0;0.0;9.4375;18.875;9.859375;0.0;9.453125;0.0;0.0;9.4609375;0.0;0.0
11.78125;13.90625;14.5078125;11.859375;0.0001430511474609375;0.0001430511474609375;11.78125;23.421875;12.8203125;0.0001430511474609375;11.7734375;0.0001430511474609375;0.0001430511474609375;11.78125;0.0001430511474609375;0.0001430511474609375
11.78125;13.90625;14.5078125;11.859375;0.0001430511474609375;0.0001430511474609375;11.78125;23.421875;12.8203125;0.0001430511474609375;11.7734375;0.0001430511474609375;0.0001430511474609375;11.78125;0.0001430511474609375;0.0001430511474609375
8.828125;3.79296875;6.14453125;8.671875;0.0;0.0;5.8359375;13.609375;8.4921875;0.0;7.6484375;0.0;0.0;7.5703125;0.0;0.0
8.828125;3.79296875;6.14453125;8.671875;0.0;0.0;5.8359375;13.609375;8.4921875;0.0;7.6484375;0.0;0.0;7.5703125;0.0;0.0
9.4453125;1.302734375;9.875;9.5078125;0.00011444091796875;0.00011444091796875;1.314453125;10.625;9.8984375;0.00011444091796875;9.3125;0.00011444091796875;0.00011444091796875;9.3359375;0.00011444091796875;0.00011444091796875
9.515625;6.389617919921875e-05;12.078125;9.515625;0.0;0.0;6.389617919921875e-05;9.5;9.796875;0.0;9.5;0.0;0.0;9.5078125;0.0;0.0
9.5078125;0.00011444091796875;10.4140625;9.5078125;0.00011444091796875;0.00011444091796875;0.00011444091796875;9.4921875;10.078125;0.00011444091796875;9.4921875;0.00011444091796875;0.00011444091796875;9.5078125;0.00011444091796875;0.00011444091796875
9.4609375;0.0;6.1015625;9.3828125;0.0;0.0;0.0;7.9921875;8.484375;0.0;7.9921875;0.0;0.0;7.93359375;0.0;0.0
11.90625;0.0001430511474609375;12.1484375;11.90625;0.0001430511474609375;0.0001430511474609375;0.0001430511474609375;11.796875;12.53125;0.0001430511474609375;11.796875;0.0001430511474609375;0.0001430511474609375;11.8125;0.0001430511474609375;0.0001430511474609375
11.8984375;0.0;14.671875;11.90625;0.0;0.0;0.0;11.859375;12.3125;0.0;11.859375;0.0;0.0;11.875;0.0;0.0
9.5;0.88232421875;13.09375;9.515625;0.0;0.0;0.88232421875;10.3671875;9.734375;0.0023097991943359375;9.484375;0.0;0.0;9.5234375;0.0;0.0
9.5078125;8.859375;9.875;9.5078125;0.0;0.0;7.4375;16.890625;10.453125;0.0;9.484375;0.0;0.0;9.421875;0.0;0.0
4.93359375;10.859375;2.5625;4.84765625;0.0;0.0;9.4453125;12.96875;4.16015625;0.0;3.509765625;0.0;0.0;3.5;0.0;0.0
4.93359375;10.859375;2.5625;4.84765625;0.0;0.0;9.4453125;12.96875;4.16015625;0.0;3.509765625;0.0;0.0;3.5;0.0;0.0
4.93359375;10.859375;2.5625;4.84765625;0.0;0.0;9.4453125;12.96875;4.16015625;0.0;3.509765625;0.0;0.0;3.5;0.0;0.0
0.2685546875;10.0703125;0.0;0.26904296875;0.0;0.0;9.53125;9.5234375;0.2685546875;0.0;0.0;0.0;0.0;0.0;0.0;0.0
7.1875;8.9609375;8.5625;7.234375;0.0;0.0;11.875;18.875;7.9296875;0.0;7.01171875;0.0;0.0;7.0390625;0.0;0.0
7.1875;8.9609375;8.5625;7.234375;0.0;0.0;11.875;18.875;7.9296875;0.0;7.01171875;0.0;0.0;7.0390625;0.0;0.0
11.703125;13.0625;11.7578125;11.7265625;0.0;0.0;11.6484375;23.34375;12.546875;0.0;11.703125;0.0;0.0;11.7265625;0.0;0.0
11.703125;13.0625;11.7578125;11.7265625;0.0;0.0;11.6484375;23.34375;12.546875;0.0;11.703125;0.0;0.0;11.7265625;0.0;0.0
9.515625;5.4609375;9.34375;9.515625;0.0;0.0;7.66015625;17.171875;10.1484375;0.0;9.484375;0.0;0.0;9.5;0.0;0.0
11.78125;1.0546875;11.8984375;11.78125;0.0001430511474609375;0.0001430511474609375;1.0576171875;12.8359375;12.0859375;0.0001430511474609375;11.78125;0.0001430511474609375;0.0001430511474609375;11.796875;0.0001430511474609375;0.0001430511474609375
9.515625;11.8125;12.7421875;9.515625;0.0;0.0;9.3359375;18.8125;9.9453125;0.0;9.5078125;0.0;0.0;9.5078125;0.0;0.0
9.5078125;11.625;10.953125;9.5078125;0.00011444091796875;0.00011444091796875;9.390625;18.875;10.4140625;0.00011444091796875;9.5;0.00011444091796875;0.00011444091796875;9.4921875;0.00011444091796875;0.00011444091796875
9.5078125;11.625;10.953125;9.5078125;0.00011444091796875;0.00011444091796875;9.390625;18.875;10.4140625;0.00011444091796875;9.5;0.00011444091796875;0.00011444091796875;9.4921875;0.00011444091796875;0.00011444091796875
11.8046875;17.125;10.984375;11.8046875;0.0;0.0;11.65625;22.8125;12.3984375;0.0;11.0625;0.0;0.0;11.0234375;0.0;0.0
9.3671875;1.1875;10.7109375;9.4140625;0.00011444091796875;0.00011444091796875;3.380859375;12.4296875;9.5703125;0.00011444091796875;9.0234375;0.00011444091796875;0.00011444091796875;9.1015625;0.00011444091796875;0.00011444091796875
9.3671875;1.1875;10.7109375;9.4140625;0.00011444091796875;0.00011444091796875;3.380859375;12.4296875;9.5703125;0.00011444091796875;9.0234375;0.00011444091796875;0.00011444091796875;9.1015625;0.00011444091796875;0.00011444091796875
11.8671875;12.4375;11.3046875;11.8671875;0.0;0.0;10.921875;22.71875;13.0625;0.0;11.828125;0.0;0.0;11.8046875;0.0;0.0
9.484375;11.6328125;7.48828125;9.484375;0.00011444091796875;0.00011444091796875;9.4609375;18.875;10.2421875;0.000240325927734375;9.46875;0.00011444091796875;0.00011444091796875;9.421875;0.00011444091796875;0.00011444091796875
9.1953125;12.453125;7.34765625;9.1015625;0.0;0.0;9.4609375;16.90625;8.265625;0.0;7.46484375;0.0;0.0;7.47265625;0.0;0.0
9.1953125;12.453125;7.34765625;9.1015625;0.0;0.0;9.4609375;16.90625;8.265625;0.0;7.46484375;0.0;0.0;7.47265625;0.0;0.0
9.5;0.07403564453125;11.2421875;9.53125;0.00011444091796875;0.00011444091796875;0.07403564453125;9.5703125;9.953125;0.00011444091796875;9.4921875;0.00011444091796875;0.00011444091796875;9.515625;0.00011444091796875;0.00011444091796875
9.5;0.07403564453125;11.2421875;9.53125;0.00011444091796875;0.00011444091796875;0.07403564453125;9.5703125;9.953125;0.00011444091796875;9.4921875;0.00011444091796875;0.00011444091796875;9.515625;0.00011444091796875;0.00011444091796875
9.4453125;0.265625;12.8046875;9.4453125;0.0;0.0;0.265625;9.703125;9.65625;0.0;9.4375;0.0;0.0;9.453125;0.0;0.0
9.328125;0.00011444091796875;11.3046875;9.3828125;0.00011444091796875;0.00011444091796875;0.00011444091796875;9.3984375;9.9765625;0.00011444091796875;9.3984375;0.00011444091796875;0.00011444091796875;9.3984375;0.00011444091796875;0.00011444091796875
11.765625;0.0;6.8203125;11.5234375;0.0;0.0;0.0;9.9921875;10.53125;0.0;9.9921875;0.0;0.0;9.734375;0.0;0.0
11.765625;0.0;6.8203125;11.5234375;0.0;0.0;0.0;9.9921875;10.53125;0.0;9.9921875;0.0;0.0;9.734375;0.0;0.0
11.765625;0.0;6.8203125;11.5234375;0.0;0.0;0.0;9.9921875;10.53125;0.0;9.9921875;0.0;0.0;9.734375;0.0;0.0
9.5078125;0.325927734375;10.6640625;9.5078125;0.00011444091796875;0.00011444091796875;0.325927734375;9.828125;9.84375;0.004734039306640625;9.5078125;0.00011444091796875;0.00011444091796875;9.5078125;0.00011444091796875;0.00011444091796875
9.5078125;3.359375;12.5859375;9.5234375;0.0;0.0;3.224609375;12.6796875;10.0;0.0;9.4609375;0.0;0.0;9.5078125;0.0;0.0
9.515625;11.921875;7.83203125;9.5078125;0.0;0.0;9.0546875;18.421875;10.6015625;0.0;9.4609375;0.0;0.0;9.4453125;0.0;0.0
2.392578125;10.1484375;1.69140625;2.365234375;0.0;0.0;9.46875;11.1328125;2.185546875;0.0;1.728515625;0.0;0.0;1.7021484375;0.0;0.0
2.392578125;10.1484375;1.69140625;2.365234375;0.0;0.0;9.46875;11.1328125;2.185546875;0.0;1.728515625;0.0;0.0;1.7021484375;0.0;0.0
2.392578125;10.1484375;1.69140625;2.365234375;0.0;0.0;9.46875;11.1328125;2.185546875;0.0;1.728515625;0.0;0.0;1.7021484375;0.0;0.0
2.392578125;10.1484375;1.69140625;2.365234375;0.0;0.0;9.46875;11.1328125;2.185546875;0.0;1.728515625;0.0;0.0;1.7021484375;0.0;0.0
0.20556640625;9.78125;0.0;0.20556640625;0.0;0.0;9.515625;9.515625;0.20556640625;0.0023097991943359375;0.0023097991943359375;0.0;0.0;0.0;0.0;0.0
0.24609375;11.3203125;0.0;0.2459716796875;0.0;0.0;9.5078125;9.484375;0.245849609375;9.109375;9.109375;0.0;0.0;0.0;0.0;0.0
5.03515625;3.8828125;6.1953125;5.0703125;0.0;0.0;6.7265625;11.6328125;5.5078125;6.8203125;11.609375;0.0;0.0;4.8515625;0.0;0.0
9.53125;0.0947265625;7.9140625;9.53125;0.0;0.0;0.0947265625;9.625;9.984375;0.0;9.53125;0.0;0.0;9.53125;0.0;0.0
9.234375;0.53125;10.25;9.1796875;0.0;0.0;0.52880859375;8.609375;8.5703125;0.0;8.0703125;0.0;0.0;8.0234375;0.0;0.0
11.71875;0.58935546875;11.7421875;11.84375;0.0001430511474609375;0.0001430511474609375;0.59228515625;12.4140625;12.109375;0.0001430511474609375;11.8203125;0.0001430511474609375;0.0001430511474609375;11.875;0.0001430511474609375;0.0001430511474609375
11.8984375;0.1300048828125;12.203125;11.8984375;0.0;0.0;0.1300048828125;12.03125;12.2734375;0.002887725830078125;11.90625;0.0;0.0;11.90625;0.0;0.0
9.4453125;0.057861328125;7.75390625;9.515625;0.00011444091796875;0.00011444091796875;0.057861328125;9.5703125;10.1015625;0.00011444091796875;9.5078125;0.00011444091796875;0.00011444091796875;9.5078125;0.00011444091796875;0.00011444091796875
9.4453125;0.057861328125;7.75390625;9.515625;0.00011444091796875;0.00011444091796875;0.057861328125;9.5703125;10.1015625;0.00011444091796875;9.5078125;0.00011444091796875;0.00011444091796875;9.5078125;0.00011444091796875;0.00011444091796875
11.8203125;0.2454833984375;10.359375;11.859375;0.0;0.0;0.2454833984375;12.0859375;12.3359375;0.0;11.84375;0.0;0.0;11.8359375;0.0;0.0
9.515625;0.0787353515625;6.703125;9.53125;0.00011444091796875;0.00011444091796875;0.0787353515625;8.9375;9.4140625;0.00017833709716796875;8.859375;0.00011444091796875;0.00011444091796875;8.796875;0.00011444091796875;0.00011444091796875
3.931640625;1.0537109375;0.002887725830078125;3.921875;1.9287109375;0.0;1.05078125;6.6328125;5.67578125;0.0;5.546875;0.0;0.0;5.41796875;0.0;0.0
3.931640625;1.0537109375;0.002887725830078125;3.921875;1.9287109375;0.0;1.05078125;6.6328125;5.67578125;0.0;5.546875;0.0;0.0;5.41796875;0.0;0.0
3.931640625;1.0537109375;0.002887725830078125;3.921875;1.9287109375;0.0;1.05078125;6.6328125;5.67578125;0.0;5.546875;0.0;0.0;5.41796875;0.0;0.0
0.31005859375;14.125;0.0001430511474609375;0.309814453125;0.7294921875;0.0001430511474609375;8.15625;8.90625;0.98388671875;0.0030307769775390625;0.7900390625;0.0001430511474609375;0.0001430511474609375;0.7294921875;0.0001430511474609375;0.0001430511474609375
0.31005859375;14.125;0.0001430511474609375;0.309814453125;0.7294921875;0.0001430511474609375;8.15625;8.90625;0.98388671875;0.0030307769775390625;0.7900390625;0.0001430511474609375;0.0001430511474609375;0.7294921875;0.0001430511474609375;0.0001430511474609375
0.31005859375;14.125;0.0001430511474609375;0.309814453125;0.7294921875;0.0001430511474609375;8.15625;8.90625;0.98388671875;0.0030307769775390625;0.7900390625;0.0001430511474609375;0.0001430511474609375;0.7294921875;0.0001430511474609375;0.0001430511474609375
0.31005859375;14.125;0.0001430511474609375;0.309814453125;0.7294921875;0.0001430511474609375;8.15625;8.90625;0.98388671875;0.0030307769775390625;0.7900390625;0.0001430511474609375;0.0001430511474609375;0.7294921875;0.0001430511474609375;0.0001430511474609375
0.31005859375;14.125;0.0001430511474609375;0.309814453125;0.7294921875;0.0001430511474609375;8.15625;8.90625;0.98388671875;0.0030307769775390625;0.7900390625;0.0001430511474609375;0.0001430511474609375;0.7294921875;0.0001430511474609375;0.0001430511474609375
0.31005859375;14.125;0.0001430511474609375;0.309814453125;0.7294921875;0.0001430511474609375;8.15625;8.90625;0.98388671875;0.0030307769775390625;0.7900390625;0.0001430511474609375;0.0001430511474609375;0.7294921875;0.0001430511474609375;0.0001430511474609375
0.31005859375;14.125;0.0001430511474609375;0.309814453125;0.7294921875;0.0001430511474609375;8.15625;8.90625;0.98388671875;0.0030307769775390625;0.7900390625;0.0001430511474609375;0.0001430511474609375;0.7294921875;0.0001430511474609375;0.0001430511474609375
0.31005859375;14.125;0.0001430511474609375;0.309814453125;0.7294921875;0.0001430511474609375;8.15625;8.90625;0.98388671875;0.0030307769775390625;0.7900390625;0.0001430511474609375;0.0001430511474609375;0.7294921875;0.0001430511474609375;0.0001430511474609375
0.468505859375;8.7265625;0.0;0.468505859375;0.0;0.0;9.421875;9.4296875;0.46826171875;0.0;0.0;0.0;0.0;0.0;0.0;0.0
0.468505859375;8.7265625;0.0;0.468505859375;0.0;0.0;9.421875;9.4296875;0.46826171875;0.0;0.0;0.0;0.0;0.0;0.0;0.0
0.468505859375;8.7265625;0.0;0.468505859375;0.0;0.0;9.421875;9.4296875;0.46826171875;0.0;0.0;0.0;0.0;0.0;0.0;0.0
6.85546875;12.6875;6.94140625;6.9453125;0.00011444091796875;0.00011444091796875;9.2421875;16.03125;7.09375;0.00011444091796875;6.82421875;0.00011444091796875;0.00011444091796875;6.89453125;0.00011444091796875;0.00011444091796875
11.890625;11.703125;11.7421875;11.8984375;0.0;0.0;11.625;23.5;12.3984375;0.0;11.8984375;0.0;0.0;11.890625;0.0;0.0
9.5078125;2.072265625;18.125;9.5234375;0.00011444091796875;0.00011444091796875;6.2421875;15.8046875;10.015625;0.00011444091796875;9.515625;0.00011444091796875;0.00011444091796875;9.515625;0.00011444091796875;0.00011444091796875
9.5234375;3.427734375;12.4921875;9.5234375;0.0;0.0;3.41796875;12.8984375;10.2109375;0.0;9.484375;0.0;0.0;9.4921875;0.0;0.0
4.203125;11.71875;3.94140625;4.21484375;0.000240325927734375;0.000240325927734375;9.3125;13.1875;4.3359375;0.00011444091796875;3.896484375;0.00011444091796875;0.00011444091796875;3.9296875;0.000240325927734375;0.00011444091796875
4.203125;11.71875;3.94140625;4.21484375;0.000240325927734375;0.000240325927734375;9.3125;13.1875;4.3359375;0.00011444091796875;3.896484375;0.00011444091796875;0.00011444091796875;3.9296875;0.000240325927734375;0.00011444091796875
11.7109375;12.1953125;11.6015625;11.859375;0.0;0.0;11.578125;23.109375;12.4140625;0.0;11.5078125;0.0;0.0;11.5;0.0;0.0
9.5234375;0.050537109375;11.2421875;9.5234375;0.00011444091796875;0.00011444091796875;0.050537109375;9.5703125;9.7265625;0.00011444091796875;9.5234375;0.00011444091796875;0.00011444091796875;9.5234375;0.00011444091796875;0.00011444091796875
9.53125;0.2078857421875;12.0625;9.53125;0.0;0.0;0.2078857421875;9.734375;9.7421875;0.0;9.53125;0.0;0.0;9.53125;0.0;0.0
11.8984375;5.078125;7.85546875;11.90625;0.0;0.0;5.03125;16.90625;12.7578125;0.0;11.890625;0.0;0.0;11.8671875;0.0;0.0
11.8984375;5.078125;7.85546875;11.90625;0.0;0.0;5.03125;16.90625;12.7578125;0.0;11.890625;0.0;0.0;11.8671875;0.0;0.0
11.8984375;5.078125;7.85546875;11.90625;0.0;0.0;5.03125;16.90625;12.7578125;0.0;11.890625;0.0;0.0;11.8671875;0.0;0.0
9.5078125;12.609375;9.46875;9.5234375;0.0;0.0;9.2890625;18.796875;9.8984375;0.0;9.5;0.0;0.0;9.5078125;0.0;0.0
9.515625;11.1953125;9.8828125;9.515625;0.0;0.0;9.3515625;18.828125;10.09375;0.0;9.4921875;0.0;0.0;9.484375;0.0;0.0
9.40625;0.0023097991943359375;5.74609375;9.2578125;0.0;0.0;0.0023097991943359375;7.875;8.3515625;0.0023097991943359375;7.875;0.0;0.0;7.8203125;0.0;0.0
9.40625;0.0023097991943359375;5.74609375;9.2578125;0.0;0.0;0.0023097991943359375;7.875;8.3515625;0.0023097991943359375;7.875;0.0;0.0;7.8203125;0.0;0.0
9.40625;0.86376953125;9.2578125;9.5078125;0.0;0.0;0.845703125;10.1171875;9.875;0.0;9.265625;0.0;0.0;9.2578125;0.0;0.0
9.515625;10.2890625;10.984375;9.5234375;0.0;0.0;9.2734375;18.78125;10.0;0.0;9.515625;0.0;0.0;9.5078125;0.0;0.0
9.53125;2.298828125;12.9375;9.53125;0.0;0.0;3.353515625;12.875;9.9921875;0.0;9.5234375;0.0;0.0;9.53125;0.0;0.0
9.5390625;0.020904541015625;10.96875;9.515625;0.00011444091796875;0.00011444091796875;0.020904541015625;9.5234375;10.09375;0.004734039306640625;9.5078125;0.00011444091796875;0.00011444091796875;9.515625;0.00011444091796875;0.00011444091796875
9.5;0.74609375;5.53515625;9.3984375;0.0;0.0;0.74609375;9.4296875;8.875;0.0;8.7890625;0.0;0.0;8.6640625;0.0;0.0
9.453125;0.5546875;9.4765625;9.484375;0.00011444091796875;0.00011444091796875;0.5546875;10.03125;9.703125;0.00011444091796875;9.4765625;0.00011444091796875;0.00011444091796875;9.484375;0.00011444091796875;0.00011444091796875
9.53125;0.18017578125;11.0546875;9.53125;0.0;0.0;0.18017578125;9.7109375;9.7421875;0.0;9.53125;0.0;0.0;9.53125;0.0;0.0
9.515625;0.143310546875;12.0;9.5078125;0.000240325927734375;0.00011444091796875;0.143310546875;9.6015625;9.75;0.000240325927734375;9.4609375;0.00011444091796875;0.00011444091796875;9.5234375;0.00011444091796875;0.00011444091796875
9.5;0.1063232421875;7.97265625;9.5;0.0;0.0;0.1063232421875;9.6015625;10.09375;0.0;9.5;0.0;0.0;9.484375;0.0;0.0
9.5;0.1063232421875;7.97265625;9.5;0.0;0.0;0.1063232421875;9.6015625;10.09375;0.0;9.5;0.0;0.0;9.484375;0.0;0.0
11.828125;0.38720703125;11.6875;11.90625;0.0001430511474609375;0.0001430511474609375;0.38720703125;12.0625;12.3671875;0.0001430511474609375;11.6796875;0.0001430511474609375;0.0001430511474609375;11.6796875;0.0001430511474609375;0.0001430511474609375
9.5078125;0.2078857421875;10.1328125;9.5234375;0.0;0.0;0.2078857421875;9.6953125;9.7109375;0.004619598388671875;9.4921875;0.0;0.0;9.515625;0.0;0.0
9.5078125;0.1134033203125;13.0703125;9.515625;0.00011444091796875;0.00011444091796875;0.1134033203125;9.6171875;9.7421875;0.00011444091796875;9.5;0.00011444091796875;0.00011444091796875;9.5234375;0.00011444091796875;0.00011444091796875
11.859375;0.12127685546875;11.40625;11.90625;0.0;0.0;0.12127685546875;11.984375;12.6015625;0.0;11.859375;0.0;0.0;11.8828125;0.0;0.0
9.5078125;0.300537109375;9.3828125;9.5078125;0.00011444091796875;0.000240325927734375;0.300537109375;9.6953125;9.9921875;0.00011444091796875;9.390625;0.00011444091796875;0.00011444091796875;9.390625;0.000240325927734375;0.00011444091796875
11.90625;0.187744140625;12.4921875;11.90625;0.0;0.0;0.187744140625;12.0625;12.1484375;0.0;11.875;0.0;0.0;11.8984375;0.0;0.0
9.5234375;0.12017822265625;11.46875;9.53125;0.0;0.0;0.12017822265625;9.6328125;9.7265625;6.389617919921875e-05;9.515625;0.0;0.0;9.53125;0.0;0.0
9.515625;0.0877685546875;10.09375;9.5234375;0.0;0.0;0.0877685546875;9.6015625;10.1015625;0.0;9.515625;0.0;0.0;9.5078125;0.0;0.0
9.4609375;10.90625;12.1796875;9.3671875;0.0;0.0;6.296875;14.0234375;8.265625;0.0;7.73828125;0.0;0.0;7.703125;0.0;0.0
11.6640625;11.78125;11.1015625;11.796875;0.0;0.0;11.6171875;23.28125;12.9921875;0.0;11.6953125;0.0;0.0;11.7421875;0.0;0.0
9.8046875;8.7578125;5.28515625;9.7109375;0.0;0.0;11.6015625;19.734375;9.1171875;0.0;8.0390625;0.0;0.0;7.9140625;0.0;0.0
0.2056884765625;10.4453125;0.0;0.2056884765625;0.0;0.0;9.4375;9.4296875;0.2056884765625;0.0;0.0;0.0;0.0;0.0;0.0;0.0
0.257080078125;16.578125;0.0;0.257080078125;0.0;0.0;11.796875;11.796875;0.2568359375;0.0;0.0;0.0;0.0;0.0;0.0;0.0
0.257080078125;16.578125;0.0;0.257080078125;0.0;0.0;11.796875;11.796875;0.2568359375;0.0;0.0;0.0;0.0;0.0;0.0;0.0
0.257080078125;16.578125;0.0;0.257080078125;0.0;0.0;11.796875;11.796875;0.2568359375;0.0;0.0;0.0;0.0;0.0;0.0;0.0
0.257080078125;16.578125;0.0;0.257080078125;0.0;0.0;11.796875;11.796875;0.2568359375;0.0;0.0;0.0;0.0;0.0;0.0;0.0
0.465576171875;10.9765625;0.00011444091796875;0.46533203125;0.00011444091796875;0.00011444091796875;9.4296875;9.4375;0.465576171875;0.00011444091796875;0.00011444091796875;0.00011444091796875;0.00011444091796875;0.00011444091796875;0.00011444091796875;0.00011444091796875
0.61181640625;12.4140625;0.0;0.61181640625;0.0;0.0;11.875;11.875;0.61181640625;0.0;0.0;0.0;0.0;0.0;0.0;0.0
0.61181640625;12.4140625;0.0;0.61181640625;0.0;0.0;11.875;11.875;0.61181640625;0.0;0.0;0.0;0.0;0.0;0.0;0.0
4.34765625;9.390625;4.39453125;4.375;0.00011444091796875;0.00011444091796875;9.4765625;13.5;4.703125;0.00011444091796875;4.0390625;0.00011444091796875;0.00011444091796875;4.05859375;0.00011444091796875;0.00011444091796875
9.5234375;11.6875;10.6953125;9.53125;0.0;0.0;9.3046875;18.8125;9.921875;0.0;9.515625;0.0;0.0;9.515625;0.0;0.0
9.5234375;11.6875;10.6953125;9.53125;0.0;0.0;9.3046875;18.8125;9.921875;0.0;9.515625;0.0;0.0;9.515625;0.0;0.0
9.4765625;12.1015625;9.046875;9.5234375;0.00011444091796875;0.00011444091796875;9.2890625;18.796875;9.9375;0.00011444091796875;9.5078125;0.00011444091796875;0.00011444091796875;9.5;0.00011444091796875;0.00011444091796875
9.5078125;7.86328125;13.15625;9.515625;0.0;0.0;3.1328125;12.59375;9.78125;0.0;9.4921875;0.0;0.0;9.4921875;0.0;0.0
9.484375;9.7265625;10.78125;9.4921875;0.00011444091796875;0.00011444091796875;9.46875;18.765625;10.1875;0.00011444091796875;9.4609375;0.00011444091796875;0.00011444091796875;9.4609375;0.00011444091796875;0.00011444091796875
6.0703125;4.30078125;2.30859375;5.90625;0.0;0.0;8.0546875;12.9765625;5.50390625;0.0;4.72265625;0.0;0.0;4.66796875;0.0;0.0
6.0703125;4.30078125;2.30859375;5.90625;0.0;0.0;8.0546875;12.9765625;5.50390625;0.0;4.72265625;0.0;0.0;4.66796875;0.0;0.0
6.0703125;4.30078125;2.30859375;5.90625;0.0;0.0;8.0546875;12.9765625;5.50390625;0.0;4.72265625;0.0;0.0;4.66796875;0.0;0.0
6.0703125;4.30078125;2.30859375;5.90625;0.0;0.0;8.0546875;12.9765625;5.50390625;0.0;4.72265625;0.0;0.0;4.66796875;0.0;0.0
9.3828125;0.1041259765625;9.4375;9.515625;0.00011444091796875;0.00011444091796875;0.1064453125;9.3671875;9.59375;0.00011444091796875;9.265625;0.00011444091796875;0.00011444091796875;9.3359375;0.00011444091796875;0.00011444091796875
11.90625;0.2078857421875;13.734375;11.90625;0.0;0.0;0.2078857421875;12.1015625;12.1640625;0.002887725830078125;11.8984375;0.0;0.0;11.90625;0.0;0.0
11.90625;12.3125;10.625;11.8984375;0.0001430511474609375;0.0001430511474609375;8.2265625;20.109375;12.9453125;0.0001430511474609375;11.8828125;0.0001430511474609375;0.0001430511474609375;11.859375;0.0001430511474609375;0.0001430511474609375
2.537109375;10.046875;0.0;2.3828125;0.0;0.0;9.4609375;10.5078125;1.6259765625;0.0;1.05078125;0.0;0.0;0.97705078125;0.0;0.0
2.537109375;10.046875;0.0;2.3828125;0.0;0.0;9.4609375;10.5078125;1.6259765625;0.0;1.05078125;0.0;0.0;0.97705078125;0.0;0.0
0.163818359375;9.375;0.00011444091796875;0.1636962890625;0.00011444091796875;0.00011444091796875;9.2734375;9.265625;0.163818359375;0.00011444091796875;0.00011444091796875;0.00011444091796875;0.00011444091796875;0.00011444091796875;0.00011444091796875;0.00011444091796875
0.6552734375;11.0;0.0;0.6552734375;0.0;0.0;11.8359375;11.828125;0.6552734375;0.00577545166015625;0.00577545166015625;0.0;0.0;0.0;0.0;0.0
0.6552734375;11.0;0.0;0.6552734375;0.0;0.0;11.8359375;11.828125;0.6552734375;0.00577545166015625;0.00577545166015625;0.0;0.0;0.0;0.0;0.0
0.6552734375;11.0;0.0;0.6552734375;0.0;0.0;11.8359375;11.828125;0.6552734375;0.00577545166015625;0.00577545166015625;0.0;0.0;0.0;0.0;0.0
0.6552734375;11.0;0.0;0.6552734375;0.0;0.0;11.8359375;11.828125;0.6552734375;0.00577545166015625;0.00577545166015625;0.0;0.0;0.0;0.0;0.0
0.6552734375;11.0;0.0;0.6552734375;0.0;0.0;11.8359375;11.828125;0.6552734375;0.00577545166015625;0.00577545166015625;0.0;0.0;0.0;0.0;0.0
0.6552734375;11.0;0.0;0.6552734375;0.0;0.0;11.8359375;11.828125;0.6552734375;0.00577545166015625;0.00577545166015625;0.0;0.0;0.0;0.0;0.0
0.308349609375;14.28125;0.0;0.30859375;0.0;0.0;9.5;9.4765625;0.308349609375;0.0;0.0;0.0;0.0;0.0;0.0;0.0
0.308349609375;14.28125;0.0;0.30859375;0.0;0.0;9.5;9.4765625;0.308349609375;0.0;0.0;0.0;0.0;0.0;0.0;0.0
0.529296875;12.890625;0.0;0.529296875;0.0;0.0;9.515625;9.484375;0.529296875;8.5234375;8.5234375;0.0;0.0;0.0;0.0;0.0
0.529296875;12.890625;0.0;0.529296875;0.0;0.0;9.515625;9.484375;0.529296875;8.5234375;8.5234375;0.0;0.0;0.0;0.0;0.0
0.529296875;12.890625;0.0;0.529296875;0.0;0.0;9.515625;9.484375;0.529296875;8.5234375;8.5234375;0.0;0.0;0.0;0.0;0.0
0.529296875;12.890625;0.0;0.529296875;0.0;0.0;9.515625;9.484375;0.529296875;8.5234375;8.5234375;0.0;0.0;0.0;0.0;0.0
0.272216796875;12.1640625;0.0;0.272216796875;0.0;0.0;11.859375;11.84375;0.272216796875;11.84375;11.84375;0.0;0.0;0.0;0.0;0.0
0.272216796875;12.1640625;0.0;0.272216796875;0.0;0.0;11.859375;11.84375;0.272216796875;11.84375;11.84375;0.0;0.0;0.0;0.0;0.0
0.272216796875;12.1640625;0.0;0.272216796875;0.0;0.0;11.859375;11.84375;0.272216796875;11.84375;11.84375;0.0;0.0;0.0;0.0;0.0
0.272216796875;12.1640625;0.0;0.272216796875;0.0;0.0;11.859375;11.84375;0.272216796875;11.84375;11.84375;0.0;0.0;0.0;0.0;0.0
0.272216796875;12.1640625;0.0;0.272216796875;0.0;0.0;11.859375;11.84375;0.272216796875;11.84375;11.84375;0.0;0.0;0.0;0.0;0.0
0.272216796875;12.1640625;0.0;0.272216796875;0.0;0.0;11.859375;11.84375;0.272216796875;11.84375;11.84375;0.0;0.0;0.0;0.0;0.0
0.272216796875;12.1640625;0.0;0.272216796875;0.0;0.0;11.859375;11.84375;0.272216796875;11.84375;11.84375;0.0;0.0;0.0;0.0;0.0
0.272216796875;12.1640625;0.0;0.272216796875;0.0;0.0;11.859375;11.84375;0.272216796875;11.84375;11.84375;0.0;0.0;0.0;0.0;0.0
0.429931640625;13.7578125;0.0;0.433837890625;0.0;0.0;11.828125;11.8984375;0.433349609375;11.875;11.875;0.0;0.0;0.0;0.0;0.0
5.08984375;4.41796875;9.890625;5.12890625;0.0;0.0;8.8203125;13.859375;5.625;8.8203125;13.84375;0.0;0.0;5.0546875;0.0;0.0
0.98388671875;8.8828125;0.0023097991943359375;0.8193359375;0.0;0.0;8.75;8.7421875;0.38037109375;0.0;0.002452850341796875;0.0;0.0;0.0023097991943359375;0.0;0.0
0.2066650390625;9.7578125;0.0;0.206787109375;0.0;0.0;9.5390625;9.5;0.206787109375;0.0;0.0;0.0;0.0;0.0;0.0;0.0
3.595703125;8.7109375;4.66015625;3.634765625;0.0001430511474609375;0.0001430511474609375;9.7265625;13.203125;3.81640625;0.0001430511474609375;3.419921875;0.0001430511474609375;0.0001430511474609375;3.453125;0.0001430511474609375;0.0001430511474609375
11.5234375;8.0108642578125e-05;11.9296875;11.5859375;0.0;0.0;8.0108642578125e-05;11.5859375;11.8203125;8.0108642578125e-05;11.5859375;0.0;0.0;11.65625;0.0;0.0
9.3359375;0.00011444091796875;10.4296875;9.3359375;0.00011444091796875;0.00011444091796875;0.00011444091796875;9.3359375;9.515625;0.00011444091796875;9.3359375;0.00011444091796875;0.00011444091796875;9.3828125;0.00011444091796875;0.00011444091796875
11.6953125;1.8828125;11.234375;11.7421875;0.0;0.0;1.84765625;13.609375;12.1015625;0.0;11.765625;0.0;0.0;11.7265625;0.0;0.0
11.796875;9.484375;11.4375;11.78125;0.000301361083984375;0.000301361083984375;8.6953125;20.484375;12.4765625;0.0001430511474609375;11.7890625;0.0001430511474609375;0.0001430511474609375;11.7890625;0.000301361083984375;0.0001430511474609375
9.4453125;13.0078125;9.1484375;9.4375;0.0;0.0;9.421875;18.796875;9.796875;0.0;9.40625;0.0;0.0;9.40625;0.0;0.0
9.4453125;13.0078125;9.1484375;9.4375;0.0;0.0;9.421875;18.796875;9.796875;0.0;9.40625;0.0;0.0;9.40625;0.0;0.0
9.4453125;13.0078125;9.1484375;9.4375;0.0;0.0;9.421875;18.796875;9.796875;0.0;9.40625;0.0;0.0;9.40625;0.0;0.0
9.40625;8.4140625;9.3515625;9.4609375;0.00011444091796875;0.00011444091796875;9.40625;18.703125;10.1796875;0.00011444091796875;9.4140625;0.00011444091796875;0.00011444091796875;9.4140625;0.00011444091796875;0.00011444091796875
9.40625;8.4140625;9.3515625;9.4609375;0.00011444091796875;0.00011444091796875;9.40625;18.703125;10.1796875;0.00011444091796875;9.4140625;0.00011444091796875;0.00011444091796875;9.4140625;0.00011444091796875;0.00011444091796875
9.484375;0.64453125;13.5078125;9.4921875;0.0;0.0;2.9453125;12.578125;9.8515625;0.0;9.4765625;0.0;0.0;9.4921875;0.0;0.0
5.34375;0.96826171875;1.060546875;5.1640625;0.00011444091796875;0.00011444091796875;0.91015625;4.7734375;4.15625;0.00011444091796875;3.861328125;0.00011444091796875;0.00011444091796875;3.576171875;0.00011444091796875;0.00011444091796875
0.58056640625;9.8359375;0.0;0.5810546875;0.0;0.0;9.3671875;9.359375;0.58056640625;4.1015625;4.1015625;0.0;0.0;0.0;0.0;0.0
0.42578125;14.5;0.0001430511474609375;0.426025390625;0.0001430511474609375;0.0001430511474609375;11.3359375;11.625;0.42578125;11.5625;11.5625;0.0001430511474609375;0.0001430511474609375;0.0001430511474609375;0.0001430511474609375;0.0001430511474609375
0.42578125;14.5;0.0001430511474609375;0.426025390625;0.0001430511474609375;0.0001430511474609375;11.3359375;11.625;0.42578125;11.5625;11.5625;0.0001430511474609375;0.0001430511474609375;0.0001430511474609375;0.0001430511474609375;0.0001430511474609375
0.42578125;14.5;0.0001430511474609375;0.426025390625;0.0001430511474609375;0.0001430511474609375;11.3359375;11.625;0.42578125;11.5625;11.5625;0.0001430511474609375;0.0001430511474609375;0.0001430511474609375;0.0001430511474609375;0.0001430511474609375
0.2418212890625;11.96875;0.0;0.2418212890625;0.0;0.0;11.46875;11.7265625;0.2418212890625;11.6953125;11.6953125;0.0;0.0;0.0;0.0;0.0
0.2418212890625;11.96875;0.0;0.2418212890625;0.0;0.0;11.46875;11.7265625;0.2418212890625;11.6953125;11.6953125;0.0;0.0;0.0;0.0;0.0
0.1468505859375;10.6015625;0.00011444091796875;0.146728515625;0.000240325927734375;0.000240325927734375;9.3203125;9.3828125;0.1468505859375;2.62890625;2.685546875;0.00011444091796875;0.00011444091796875;0.00011444091796875;0.000240325927734375;0.00011444091796875
0.1468505859375;10.6015625;0.00011444091796875;0.146728515625;0.000240325927734375;0.000240325927734375;9.3203125;9.3828125;0.1468505859375;2.62890625;2.685546875;0.00011444091796875;0.00011444091796875;0.00011444091796875;0.000240325927734375;0.00011444091796875
0.2027587890625;9.84375;0.0;0.20263671875;0.0;0.0;9.3125;9.3125;0.20263671875;0.0023097991943359375;0.002429962158203125;0.0;0.0;0.0;0.0;0.0
0.2027587890625;9.84375;0.0;0.20263671875;0.0;0.0;9.3125;9.3125;0.20263671875;0.0023097991943359375;0.002429962158203125;0.0;0.0;0.0;0.0;0.0
0.384521484375;11.0;0.0;0.384765625;0.0;0.0;11.65625;11.71875;0.384765625;3.216796875;3.216796875;0.0;0.0;0.0;0.0;0.0
0.497314453125;8.8828125;0.0;0.497314453125;0.0;0.0;9.5078125;9.515625;0.497314453125;0.67236328125;0.67236328125;0.0;0.0;0.0;0.0;0.0
0.2095947265625;13.8359375;0.0;0.209716796875;0.0;0.0;9.3359375;9.3359375;0.209716796875;0.0;0.0;0.0;0.0;0.0;0.0;0.0
0.2288818359375;11.0390625;0.0;0.2291259765625;0.0;0.0;8.609375;8.6171875;0.2291259765625;0.0;0.0;0.0;0.0;0.0;0.0;0.0
0.2288818359375;11.0390625;0.0;0.2291259765625;0.0;0.0;8.609375;8.6171875;0.2291259765625;0.0;0.0;0.0;0.0;0.0;0.0;0.0
7.22265625;11.328125;0.0;7.23046875;0.0;7.07421875;4.421875;11.6171875;7.4609375;7.1953125;0.0;0.0;0.0;0.0;0.0;7.2265625
3.87890625;8.5703125;0.0;0.63818359375;0.0;0.0;10.2578125;10.296875;0.638671875;10.296875;10.296875;3.271484375;0.0;0.0;0.0;0.0
3.87890625;8.5703125;0.0;0.63818359375;0.0;0.0;10.2578125;10.296875;0.638671875;10.296875;10.296875;3.271484375;0.0;0.0;0.0;0.0
9.9453125;9.8828125;0.0;0.53466796875;0.0;0.0;9.5234375;9.46875;0.53466796875;9.46875;9.46875;9.421875;0.0;0.0;0.0;0.0
7.30078125;6.78515625;4.36328125;3.232421875;0.00011444091796875;0.00011444091796875;7.6796875;10.84375;3.435546875;7.75390625;10.84375;4.0390625;0.00011444091796875;3.109375;0.00011444091796875;0.00011444091796875
9.4921875;9.65625;9.765625;9.515625;0.0;0.0;6.2578125;15.71875;9.7578125;0.0;9.4609375;0.0;0.0;9.5234375;0.0;0.0
9.5;9.3359375;10.703125;9.5234375;0.00011444091796875;0.00011444091796875;9.3984375;18.90625;9.921875;0.00011444091796875;9.515625;0.00011444091796875;0.00011444091796875;9.515625;0.00011444091796875;0.00011444091796875
9.4609375;11.453125;6.8046875;9.4609375;0.0;0.0;9.46875;18.90625;10.2265625;0.0;9.453125;0.0;0.0;9.4453125;0.0;0.0
5.13671875;10.8359375;2.94140625;5.02734375;0.00011444091796875;0.00011444091796875;9.484375;12.8828125;4.17578125;0.00011444091796875;3.376953125;0.00011444091796875;0.00011444091796875;3.302734375;0.00011444091796875;0.00011444091796875
11.765625;15.25;11.6328125;11.796875;0.0;0.0;10.6640625;22.328125;12.1171875;0.0;11.671875;0.0;0.0;11.71875;0.0;0.0
11.765625;15.25;11.6328125;11.796875;0.0;0.0;10.6640625;22.328125;12.1171875;0.0;11.671875;0.0;0.0;11.71875;0.0;0.0
11.765625;15.25;11.6328125;11.796875;0.0;0.0;10.6640625;22.328125;12.1171875;0.0;11.671875;0.0;0.0;11.71875;0.0;0.0
11.765625;15.25;11.6328125;11.796875;0.0;0.0;10.6640625;22.328125;12.1171875;0.0;11.671875;0.0;0.0;11.71875;0.0;0.0
11.765625;15.25;11.6328125;11.796875;0.0;0.0;10.6640625;22.328125;12.1171875;0.0;11.671875;0.0;0.0;11.71875;0.0;0.0
9.0703125;8.828125;9.0546875;9.25;0.00011444091796875;0.00011444091796875;9.1796875;18.0625;9.4921875;0.00011444091796875;9.1328125;0.00011444091796875;0.00011444091796875;9.1796875;0.00011444091796875;0.00011444091796875
9.0703125;8.828125;9.0546875;9.25;0.00011444091796875;0.00011444091796875;9.1796875;18.0625;9.4921875;0.00011444091796875;9.1328125;0.00011444091796875;0.00011444091796875;9.1796875;0.00011444091796875;0.00011444091796875
9.0703125;8.828125;9.0546875;9.25;0.00011444091796875;0.00011444091796875;9.1796875;18.0625;9.4921875;0.00011444091796875;9.1328125;0.00011444091796875;0.00011444091796875;9.1796875;0.00011444091796875;0.00011444091796875
9.2421875;9.6796875;10.578125;9.1875;0.0;0.0;9.21875;18.359375;9.5390625;0.0;9.1875;0.0;0.0;9.2265625;0.0;0.0
11.671875;11.203125;11.3515625;11.6953125;0.0001430511474609375;0.0001430511474609375;11.640625;23.3125;12.875;0.0174713134765625;11.65625;0.0001430511474609375;0.0001430511474609375;11.7109375;0.0001430511474609375;0.0001430511474609375
11.671875;11.203125;11.3515625;11.6953125;0.0001430511474609375;0.0001430511474609375;11.640625;23.3125;12.875;0.0174713134765625;11.65625;0.0001430511474609375;0.0001430511474609375;11.7109375;0.0001430511474609375;0.0001430511474609375
5.44140625;6.359375;2.5;5.2578125;0.0;0.0;6.97265625;11.3046875;4.73828125;1.09765625;5.16015625;0.0;0.0;3.876953125;0.0;0.0
11.7109375;5.84375;11.8125;11.7890625;0.0001430511474609375;0.0001430511474609375;5.72265625;17.421875;12.3203125;4.1328125;15.8203125;0.0001430511474609375;0.0001430511474609375;11.71875;0.0001430511474609375;0.0001430511474609375
9.4375;11.9921875;11.0078125;9.4140625;0.0;0.0;9.328125;18.625;10.0625;5.62109375;14.9921875;0.0;0.0;9.390625;0.0;0.0
9.4375;11.9921875;11.0078125;9.4140625;0.0;0.0;9.328125;18.625;10.0625;5.62109375;14.9921875;0.0;0.0;9.390625;0.0;0.0
9.4375;11.9921875;11.0078125;9.4140625;0.0;0.0;9.328125;18.625;10.0625;5.62109375;14.9921875;0.0;0.0;9.390625;0.0;0.0
9.4453125;9.2734375;9.4921875;9.421875;0.00011444091796875;0.00011444091796875;9.3828125;18.796875;9.8359375;8.1796875;17.578125;0.00011444091796875;0.00011444091796875;9.4140625;0.00011444091796875;0.00011444091796875
11.7265625;11.6953125;11.421875;11.7734375;0.0;0.0;11.734375;23.28125;12.09375;11.15625;22.765625;0.0;0.0;11.7578125;0.0;0.0
9.296875;9.1171875;9.28125;9.3359375;0.0;0.0;9.3671875;18.671875;9.7109375;9.0546875;18.390625;0.0;0.0;9.3671875;0.0;0.0
11.6015625;2.599609375;20.40625;11.6015625;0.0;0.0;5.65625;17.609375;12.0546875;5.90625;17.515625;0.0;0.0;11.6015625;0.0;0.0
9.5234375;0.0970458984375;12.0234375;9.5234375;0.0;0.0;0.0970458984375;12.0234375;10.1171875;0.0;9.5234375;0.0;0.0;9.5234375;0.0;0.0
9.4453125;9.2421875;9.2265625;9.4765625;0.0;0.0;9.2109375;18.453125;9.9453125;0.0;9.25;0.0;0.0;9.2421875;0.0;0.0
9.4453125;9.2421875;9.2265625;9.4765625;0.0;0.0;9.2109375;18.453125;9.9453125;0.0;9.25;0.0;0.0;9.2421875;0.0;0.0
9.4453125;9.2421875;9.2265625;9.4765625;0.0;0.0;9.2109375;18.453125;9.9453125;0.0;9.25;0.0;0.0;9.2421875;0.0;0.0
9.4453125;9.2421875;9.2265625;9.4765625;0.0;0.0;9.2109375;18.453125;9.9453125;0.0;9.25;0.0;0.0;9.2421875;0.0;0.0
9.4453125;9.2421875;9.2265625;9.4765625;0.0;0.0;9.2109375;18.453125;9.9453125;0.0;9.25;0.0;0.0;9.2421875;0.0;0.0
9.4140625;8.9296875;9.890625;9.5234375;0.0;0.0;9.375;18.671875;10.046875;0.0;9.3125;0.0;0.0;9.328125;0.0;0.0
9.5234375;0.0;13.8984375;9.53125;0.0;0.0;0.845703125;10.4609375;9.9296875;0.0;9.515625;0.0;0.0;9.5234375;0.0;0.0
9.5234375;0.0;11.5390625;9.5234375;0.0;0.0;0.0;9.484375;10.078125;0.0;9.484375;0.0;0.0;9.5234375;0.0;0.0
9.5234375;0.0;11.5390625;9.5234375;0.0;0.0;0.0;9.484375;10.078125;0.0;9.484375;0.0;0.0;9.5234375;0.0;0.0
11.8828125;0.0;11.8203125;11.90625;0.0;0.0;0.0;11.75;12.4765625;0.0;11.75;0.0;0.0;11.7734375;0.0;0.0
6.34375;0.0;9.25;6.30859375;3.22265625;0.0;0.0;9.5;10.046875;0.0;9.5;0.0;0.0;12.5390625;0.0;0.0
6.79296875;0.00017833709716796875;6.27734375;6.83203125;2.66796875;0.00011444091796875;0.00017833709716796875;9.515625;10.1015625;0.00011444091796875;9.515625;0.00011444091796875;0.00011444091796875;8.96875;0.00011444091796875;0.00011444091796875
6.79296875;0.00017833709716796875;6.27734375;6.83203125;2.66796875;0.00011444091796875;0.00017833709716796875;9.515625;10.1015625;0.00011444091796875;9.515625;0.00011444091796875;0.00011444091796875;8.96875;0.00011444091796875;0.00011444091796875
9.484375;8.9609375;9.34375;9.515625;0.0;0.0;9.3125;18.78125;9.875;0.0;9.4765625;0.0;0.0;9.5234375;0.0;0.0
9.46875;9.140625;10.515625;9.515625;0.00011444091796875;0.00011444091796875;9.21875;18.734375;9.9296875;0.00011444091796875;9.515625;0.00011444091796875;0.00011444091796875;9.5078125;0.00011444091796875;0.00011444091796875
9.53125;11.90625;10.6328125;9.5390625;0.0;0.0;9.3125;18.828125;10.2890625;0.0;9.5234375;0.0;0.0;9.515625;0.0;0.0
9.53125;11.90625;10.6328125;9.5390625;0.0;0.0;9.3125;18.828125;10.2890625;0.0;9.5234375;0.0;0.0;9.515625;0.0;0.0
9.515625;12.1328125;7.87890625;9.515625;0.00011444091796875;0.00011444091796875;9.2890625;18.1875;9.7109375;0.00011444091796875;8.9296875;0.00011444091796875;0.00011444091796875;8.859375;0.00011444091796875;0.00011444091796875
11.6953125;9.671875;10.421875;11.578125;0.0;0.0;11.2578125;21.71875;11.328125;0.0;10.4140625;0.0;0.0;10.421875;0.0;0.0
11.8046875;0.0001430511474609375;11.3828125;11.90625;0.0001430511474609375;0.0001430511474609375;0.0001430511474609375;11.2265625;11.8046875;0.0001430511474609375;11.2734375;0.0001430511474609375;0.0001430511474609375;11.265625;0.0001430511474609375;0.0001430511474609375
9.484375;0.0;10.6484375;9.5;0.0;0.0;0.0;9.4453125;9.9140625;0.0;9.4453125;0.0;0.0;9.484375;0.0;0.0
9.515625;0.00017833709716796875;9.5234375;9.515625;0.00011444091796875;0.00011444091796875;0.00017833709716796875;9.515625;10.1015625;0.00017833709716796875;9.515625;0.00011444091796875;0.00011444091796875;9.515625;0.00011444091796875;0.00011444091796875
9.515625;0.00017833709716796875;9.5234375;9.515625;0.00011444091796875;0.00011444091796875;0.00017833709716796875;9.515625;10.1015625;0.00017833709716796875;9.515625;0.00011444091796875;0.00011444091796875;9.515625;0.00011444091796875;0.00011444091796875
11.9140625;0.0;9.390625;11.9140625;0.0;0.0;0.0;11.4375;12.1484375;0.0;11.4375;0.0;0.0;11.328125;0.0;0.0
9.5;2.1328125;7.92578125;9.5;0.00011444091796875;0.00011444091796875;1.708984375;11.2109375;10.109375;0.0024242401123046875;9.5;0.00011444091796875;0.00011444091796875;9.484375;0.00011444091796875;0.00011444091796875
9.3984375;8.421875;6.5859375;9.328125;0.0;0.0;8.84375;17.09375;9.125;0.0;8.2421875;0.0;0.0;8.21875;0.0;0.0
11.8515625;0.0982666015625;11.7734375;11.90625;0.0;0.0;0.0982666015625;11.8671875;12.4375;0.0;11.7734375;0.0;0.0;11.78125;0.0;0.0
11.8515625;0.0982666015625;11.7734375;11.90625;0.0;0.0;0.0982666015625;11.8671875;12.4375;0.0;11.7734375;0.0;0.0;11.78125;0.0;0.0
3.43359375;0.0;2.2421875;3.376953125;1.2392578125;0.0;0.0;3.89453125;3.9609375;0.0;3.89453125;0.0;0.0;3.876953125;0.0;0.0
0.5341796875;0.0;0.50537109375;0.53125;2.212890625;0.0;0.0;2.71875;2.744140625;0.0;2.71875;0.0;0.0;2.71484375;0.0;0.0
0.5341796875;0.0;0.50537109375;0.53125;2.212890625;0.0;0.0;2.71875;2.744140625;0.0;2.71875;0.0;0.0;2.71484375;0.0;0.0
11.0859375;0.0;12.671875;11.140625;0.10015869140625;0.0;0.0;11.28125;11.5234375;0.0;11.28125;0.0;0.0;11.4296875;0.0;0.0
9.4921875;7.1171875;9.28125;9.5078125;0.0;0.0;7.16015625;16.671875;9.984375;0.0;9.5078125;0.0;0.0;9.515625;0.0;0.0
9.53125;4.80859375;12.0859375;9.53125;0.0;0.0;4.91015625;14.4296875;9.8359375;0.0;9.5234375;0.0;0.0;9.5234375;0.0;0.0
9.53125;4.80859375;12.0859375;9.53125;0.0;0.0;4.91015625;14.4296875;9.8359375;0.0;9.5234375;0.0;0.0;9.5234375;0.0;0.0
11.8828125;10.1015625;13.9765625;11.90625;0.0;0.0;9.6875;21.578125;12.671875;0.0;11.90625;0.0;0.0;11.8984375;0.0;0.0
8.921875;12.328125;5.93359375;8.7734375;0.00011444091796875;0.00011444091796875;9.4375;16.953125;8.2734375;0.00011444091796875;7.6015625;0.00011444091796875;0.00011444091796875;7.46484375;0.00011444091796875;0.00011444091796875
9.4609375;8.8203125;8.890625;9.5234375;0.0;0.0;9.453125;18.40625;9.8828125;0.0;8.9140625;0.0;0.0;8.9453125;0.0;0.0
11.8984375;0.1822509765625;13.3984375;11.9140625;0.0001430511474609375;0.0001430511474609375;2.212890625;14.203125;12.2734375;0.0001430511474609375;11.875;0.0001430511474609375;0.0001430511474609375;11.90625;0.0001430511474609375;0.0001430511474609375
9.5234375;4.44140625;11.0078125;9.5234375;0.0;0.0;4.19140625;13.65625;10.125;0.0;9.4921875;0.0;0.0;9.5;0.0;0.0
9.5234375;4.44140625;11.0078125;9.5234375;0.0;0.0;4.19140625;13.65625;10.125;0.0;9.4921875;0.0;0.0;9.5;0.0;0.0
9.5234375;4.44140625;11.0078125;9.5234375;0.0;0.0;4.19140625;13.65625;10.125;0.0;9.4921875;0.0;0.0;9.5;0.0;0.0
9.5234375;4.44140625;11.0078125;9.5234375;0.0;0.0;4.19140625;13.65625;10.125;0.0;9.4921875;0.0;0.0;9.5;0.0;0.0
9.4375;11.28125;5.76953125;9.4921875;0.00011444091796875;0.00011444091796875;9.375;17.90625;9.6796875;0.00011444091796875;8.609375;0.00011444091796875;0.00011444091796875;8.5390625;0.00011444091796875;0.00011444091796875
8.7890625;8.6640625;7.5703125;8.9296875;0.0;0.0;8.890625;17.59375;9.7421875;0.0;8.8125;0.0;0.0;8.9453125;0.0;0.0
8.7890625;8.6640625;7.5703125;8.9296875;0.0;0.0;8.890625;17.59375;9.7421875;0.0;8.8125;0.0;0.0;8.9453125;0.0;0.0
11.2109375;0.681640625;5.96875;8.7109375;0.00011444091796875;0.00011444091796875;3.18359375;13.671875;10.2578125;0.0002231597900390625;9.421875;0.0001430511474609375;0.0001430511474609375;9.1171875;0.0001430511474609375;0.0001430511474609375
11.2109375;0.681640625;5.96875;8.7109375;0.00011444091796875;0.00011444091796875;3.18359375;13.671875;10.2578125;0.0002231597900390625;9.421875;0.0001430511474609375;0.0001430511474609375;9.1171875;0.0001430511474609375;0.0001430511474609375
11.2109375;0.681640625;5.96875;8.7109375;0.00011444091796875;0.00011444091796875;3.18359375;13.671875;10.2578125;0.0002231597900390625;9.421875;0.0001430511474609375;0.0001430511474609375;9.1171875;0.0001430511474609375;0.0001430511474609375
11.2109375;0.681640625;5.96875;8.7109375;0.00011444091796875;0.00011444091796875;3.18359375;13.671875;10.2578125;0.0002231597900390625;9.421875;0.0001430511474609375;0.0001430511474609375;9.1171875;0.0001430511474609375;0.0001430511474609375
4.0;8.578125;1.7685546875;3.8671875;0.0;0.0;7.7890625;10.515625;3.275390625;0.0;2.7421875;0.0;0.0;2.70703125;0.0;0.0
11.6640625;14.984375;12.3984375;11.8046875;0.0001430511474609375;0.0001430511474609375;11.7578125;23.3125;12.296875;0.0001430511474609375;11.7265625;0.0001430511474609375;0.0001430511474609375;11.7734375;0.0001430511474609375;0.0001430511474609375
2.84765625;14.4609375;0.0;2.71484375;0.0;0.0;9.4453125;11.296875;2.26953125;0.0;1.84765625;0.0;0.0;1.7998046875;0.0;0.0
6.3125;18.109375;0.0001430511474609375;6.32421875;0.0001430511474609375;5.7265625;6.06640625;11.90625;6.34765625;5.8203125;0.0001430511474609375;0.0001430511474609375;0.0001430511474609375;0.0001430511474609375;0.0001430511474609375;5.83203125
6.3125;18.109375;0.0001430511474609375;6.32421875;0.0001430511474609375;5.7265625;6.06640625;11.90625;6.34765625;5.8203125;0.0001430511474609375;0.0001430511474609375;0.0001430511474609375;0.0001430511474609375;0.0001430511474609375;5.83203125
3.953125;11.625;0.0;3.943359375;0.0;3.283203125;6.1953125;9.484375;3.923828125;6.38671875;3.052734375;0.0;0.0;0.0;0.0;3.326171875
3.953125;11.625;0.0;3.943359375;0.0;3.283203125;6.1953125;9.484375;3.923828125;6.38671875;3.052734375;0.0;0.0;0.0;0.0;3.326171875
3.953125;11.625;0.0;3.943359375;0.0;3.283203125;6.1953125;9.484375;3.923828125;6.38671875;3.052734375;0.0;0.0;0.0;0.0;3.326171875
0.2208251953125;12.2109375;0.00011444091796875;0.2205810546875;0.00011444091796875;0.00011444091796875;9.53125;9.53125;0.220703125;0.0024242401123046875;0.0024242401123046875;0.00011444091796875;0.00011444091796875;0.00011444091796875;0.00011444091796875;0.00011444091796875
0.2208251953125;12.2109375;0.00011444091796875;0.2205810546875;0.00011444091796875;0.00011444091796875;9.53125;9.53125;0.220703125;0.0024242401123046875;0.0024242401123046875;0.00011444091796875;0.00011444091796875;0.00011444091796875;0.00011444091796875;0.00011444091796875
0.2208251953125;12.2109375;0.00011444091796875;0.2205810546875;0.00011444091796875;0.00011444091796875;9.53125;9.53125;0.220703125;0.0024242401123046875;0.0024242401123046875;0.00011444091796875;0.00011444091796875;0.00011444091796875;0.00011444091796875;0.00011444091796875
0.2208251953125;12.2109375;0.00011444091796875;0.2205810546875;0.00011444091796875;0.00011444091796875;9.53125;9.53125;0.220703125;0.0024242401123046875;0.0024242401123046875;0.00011444091796875;0.00011444091796875;0.00011444091796875;0.00011444091796875;0.00011444091796875
0.2208251953125;12.2109375;0.00011444091796875;0.2205810546875;0.00011444091796875;0.00011444091796875;9.53125;9.53125;0.220703125;0.0024242401123046875;0.0024242401123046875;0.00011444091796875;0.00011444091796875;0.00011444091796875;0.00011444091796875;0.00011444091796875
0.2208251953125;12.2109375;0.00011444091796875;0.2205810546875;0.00011444091796875;0.00011444091796875;9.53125;9.53125;0.220703125;0.0024242401123046875;0.0024242401123046875;0.00011444091796875;0.00011444091796875;0.00011444091796875;0.00011444091796875;0.00011444091796875
0.44482421875;9.6328125;0.0;0.444580078125;0.0;0.0;9.4765625;9.46875;0.44482421875;0.0;0.0;0.0;0.0;0.0;0.0;0.0
0.44482421875;9.6328125;0.0;0.444580078125;0.0;0.0;9.4765625;9.46875;0.44482421875;0.0;0.0;0.0;0.0;0.0;0.0;0.0
0.44482421875;9.6328125;0.0;0.444580078125;0.0;0.0;9.4765625;9.46875;0.44482421875;0.0;0.0;0.0;0.0;0.0;0.0;0.0
0.44482421875;9.6328125;0.0;0.444580078125;0.0;0.0;9.4765625;9.46875;0.44482421875;0.0;0.0;0.0;0.0;0.0;0.0;0.0
0.319091796875;11.8125;0.00011444091796875;0.319091796875;0.00011444091796875;0.00011444091796875;9.40625;9.3984375;0.318603515625;0.00011444091796875;0.00011444091796875;0.00011444091796875;0.00011444091796875;0.00011444091796875;0.00011444091796875;0.00011444091796875
0.319091796875;11.8125;0.00011444091796875;0.319091796875;0.00011444091796875;0.00011444091796875;9.40625;9.3984375;0.318603515625;0.00011444091796875;0.00011444091796875;0.00011444091796875;0.00011444091796875;0.00011444091796875;0.00011444091796875;0.00011444091796875
0.240478515625;10.234375;0.0;0.2406005859375;0.0;0.0;9.3515625;9.3515625;0.2406005859375;0.0;0.0;0.0;0.0;0.0;0.0;0.0
0.240478515625;10.234375;0.0;0.2406005859375;0.0;0.0;9.3515625;9.3515625;0.2406005859375;0.0;0.0;0.0;0.0;0.0;0.0;0.0
0.240478515625;10.234375;0.0;0.2406005859375;0.0;0.0;9.3515625;9.3515625;0.2406005859375;0.0;0.0;0.0;0.0;0.0;0.0;0.0
0.240478515625;10.234375;0.0;0.2406005859375;0.0;0.0;9.3515625;9.3515625;0.2406005859375;0.0;0.0;0.0;0.0;0.0;0.0;0.0
0.240478515625;10.234375;0.0;0.2406005859375;0.0;0.0;9.3515625;9.3515625;0.2406005859375;0.0;0.0;0.0;0.0;0.0;0.0;0.0
0.240478515625;10.234375;0.0;0.2406005859375;0.0;0.0;9.3515625;9.3515625;0.2406005859375;0.0;0.0;0.0;0.0;0.0;0.0;0.0
0.3349609375;9.53125;0.0;0.3349609375;0.0;0.0;9.375;9.375;0.334716796875;0.85498046875;0.85498046875;0.0;0.0;0.0;0.0;0.0
0.30615234375;12.3046875;0.0;0.3056640625;0.0;0.0;11.6796875;11.6328125;0.3056640625;3.24609375;3.24609375;0.0;0.0;0.0;0.0;0.0
0.30615234375;12.3046875;0.0;0.3056640625;0.0;0.0;11.6796875;11.6328125;0.3056640625;3.24609375;3.24609375;0.0;0.0;0.0;0.0;0.0
0.30615234375;12.3046875;0.0;0.3056640625;0.0;0.0;11.6796875;11.6328125;0.3056640625;3.24609375;3.24609375;0.0;0.0;0.0;0.0;0.0
0.30615234375;12.3046875;0.0;0.3056640625;0.0;0.0;11.6796875;11.6328125;0.3056640625;3.24609375;3.24609375;0.0;0.0;0.0;0.0;0.0
0.30615234375;12.3046875;0.0;0.3056640625;0.0;0.0;11.6796875;11.6328125;0.3056640625;3.24609375;3.24609375;0.0;0.0;0.0;0.0;0.0
0.30615234375;12.3046875;0.0;0.3056640625;0.0;0.0;11.6796875;11.6328125;0.3056640625;3.24609375;3.24609375;0.0;0.0;0.0;0.0;0.0
2.837890625;9.5;0.0;2.83984375;0.0;2.556640625;6.85546875;9.4921875;2.841796875;5.484375;2.884765625;0.0;0.0;0.0;0.0;2.603515625
6.44921875;9.765625;0.0;6.41796875;0.0;6.00390625;3.390625;9.578125;6.39453125;9.5546875;3.37109375;0.0;0.0;0.0;0.0;6.1328125
3.884765625;12.1875;0.0;3.884765625;0.0;3.453125;8.3671875;11.859375;3.8828125;11.84375;8.3046875;0.0;0.0;0.0;0.0;3.53515625
3.884765625;12.1875;0.0;3.884765625;0.0;3.453125;8.3671875;11.859375;3.8828125;11.84375;8.3046875;0.0;0.0;0.0;0.0;3.53515625
8.421875;10.7421875;9.640625;8.453125;0.0;0.0;9.40625;17.65625;8.7890625;9.2734375;17.625;0.0;0.0;8.4296875;0.0;0.0
8.421875;10.7421875;9.640625;8.453125;0.0;0.0;9.40625;17.65625;8.7890625;9.2734375;17.625;0.0;0.0;8.4296875;0.0;0.0
8.421875;10.7421875;9.640625;8.453125;0.0;0.0;9.40625;17.65625;8.7890625;9.2734375;17.625;0.0;0.0;8.4296875;0.0;0.0
8.421875;10.7421875;9.640625;8.453125;0.0;0.0;9.40625;17.65625;8.7890625;9.2734375;17.625;0.0;0.0;8.4296875;0.0;0.0
8.421875;10.7421875;9.640625;8.453125;0.0;0.0;9.40625;17.65625;8.7890625;9.2734375;17.625;0.0;0.0;8.4296875;0.0;0.0
8.421875;10.7421875;9.640625;8.453125;0.0;0.0;9.40625;17.65625;8.7890625;9.2734375;17.625;0.0;0.0;8.4296875;0.0;0.0
8.421875;10.7421875;9.640625;8.453125;0.0;0.0;9.40625;17.65625;8.7890625;9.2734375;17.625;0.0;0.0;8.4296875;0.0;0.0
8.421875;10.7421875;9.640625;8.453125;0.0;0.0;9.40625;17.65625;8.7890625;9.2734375;17.625;0.0;0.0;8.4296875;0.0;0.0
11.609375;4.23046875;15.4765625;11.7890625;0.0;0.0;7.35546875;19.25;12.15625;7.328125;19.03125;0.0;0.0;11.7578125;0.0;0.0
9.5234375;0.26806640625;8.546875;9.515625;0.00011444091796875;0.00011444091796875;0.26806640625;9.7890625;10.1015625;0.00011444091796875;9.5234375;0.00011444091796875;0.00011444091796875;9.5234375;0.00011444091796875;0.00011444091796875
9.546875;0.475830078125;12.0703125;9.5234375;0.0;0.0;0.4736328125;9.96875;9.8359375;0.050811767578125;9.546875;0.0;0.0;9.5546875;0.0;0.0
11.828125;0.25732421875;10.3984375;11.859375;0.0001430511474609375;0.0001430511474609375;0.260009765625;12.109375;12.59375;0.0002231597900390625;11.8515625;0.0001430511474609375;0.0001430511474609375;11.828125;0.0001430511474609375;0.0001430511474609375
11.8359375;0.0;11.921875;11.9140625;0.0;0.0;0.0;11.8671875;12.125;0.0;11.8671875;0.0;0.0;11.9140625;0.0;0.0
9.5234375;0.00011444091796875;11.3515625;9.5234375;0.00011444091796875;0.00011444091796875;0.00011444091796875;9.5234375;9.7265625;0.00011444091796875;9.5234375;0.00011444091796875;0.00011444091796875;9.5234375;0.00011444091796875;0.00011444091796875
11.90625;0.0;9.7421875;11.90625;0.0;0.0;0.0;11.90625;12.640625;0.0;11.90625;0.0;0.0;11.8828125;0.0;0.0
9.5234375;0.00017833709716796875;12.625;9.5234375;0.00011444091796875;0.00011444091796875;0.00017833709716796875;9.171875;9.40625;0.00011444091796875;9.171875;0.00011444091796875;0.00011444091796875;9.171875;0.00011444091796875;0.00011444091796875
11.90625;0.0;11.96875;11.90625;0.0;0.0;0.0;11.8984375;12.1484375;0.0;11.8984375;0.0;0.0;11.90625;0.0;0.0
11.90625;0.0;11.96875;11.90625;0.0;0.0;0.0;11.8984375;12.1484375;0.0;11.8984375;0.0;0.0;11.90625;0.0;0.0
11.90625;0.0;11.96875;11.90625;0.0;0.0;0.0;11.8984375;12.1484375;0.0;11.8984375;0.0;0.0;11.90625;0.0;0.0
9.4921875;0.00011444091796875;9.7109375;9.5078125;0.00011444091796875;0.00011444091796875;0.00011444091796875;9.4453125;9.9921875;0.00011444091796875;9.4453125;0.00011444091796875;0.00011444091796875;9.515625;0.00011444091796875;0.00011444091796875
9.4921875;0.00011444091796875;9.7109375;9.5078125;0.00011444091796875;0.00011444091796875;0.00011444091796875;9.4453125;9.9921875;0.00011444091796875;9.4453125;0.00011444091796875;0.00011444091796875;9.515625;0.00011444091796875;0.00011444091796875
11.90625;0.0;10.09375;11.9140625;0.0;0.0;0.0;11.6328125;12.3515625;0.0;11.6328125;0.0;0.0;11.4765625;0.0;0.0
9.4765625;9.2109375;9.34375;9.484375;0.00011444091796875;0.00011444091796875;9.4296875;18.828125;9.828125;0.00011444091796875;9.4296875;0.00011444091796875;0.00011444091796875;9.4375;0.00011444091796875;0.00011444091796875
9.4765625;9.2109375;9.34375;9.484375;0.00011444091796875;0.00011444091796875;9.4296875;18.828125;9.828125;0.00011444091796875;9.4296875;0.00011444091796875;0.00011444091796875;9.4375;0.00011444091796875;0.00011444091796875
11.765625;11.015625;12.2109375;11.890625;0.0;0.0;11.8203125;23.53125;12.3125;0.0;11.8203125;0.0;0.0;11.8515625;0.0;0.0
0.455078125;9.9375;0.00011444091796875;0.455078125;0.00011444091796875;0.00011444091796875;9.3203125;9.46875;0.455078125;0.00011444091796875;0.00011444091796875;0.00011444091796875;0.00011444091796875;0.00011444091796875;0.00011444091796875;0.00011444091796875
0.455078125;9.9375;0.00011444091796875;0.455078125;0.00011444091796875;0.00011444091796875;9.3203125;9.46875;0.455078125;0.00011444091796875;0.00011444091796875;0.00011444091796875;0.00011444091796875;0.00011444091796875;0.00011444091796875;0.00011444091796875
0.3291015625;18.25;0.0;0.328857421875;0.0;0.0;11.8984375;11.8828125;0.328857421875;0.0;0.0;0.0;0.0;0.0;0.0;0.0
0.3291015625;18.25;0.0;0.328857421875;0.0;0.0;11.8984375;11.8828125;0.328857421875;0.0;0.0;0.0;0.0;0.0;0.0;0.0
0.3291015625;18.25;0.0;0.328857421875;0.0;0.0;11.8984375;11.8828125;0.328857421875;0.0;0.0;0.0;0.0;0.0;0.0;0.0
0.3291015625;18.25;0.0;0.328857421875;0.0;0.0;11.8984375;11.8828125;0.328857421875;0.0;0.0;0.0;0.0;0.0;0.0;0.0
0.3291015625;18.25;0.0;0.328857421875;0.0;0.0;11.8984375;11.8828125;0.328857421875;0.0;0.0;0.0;0.0;0.0;0.0;0.0
0.3291015625;18.25;0.0;0.328857421875;0.0;0.0;11.8984375;11.8828125;0.328857421875;0.0;0.0;0.0;0.0;0.0;0.0;0.0
2.583984375;6.13671875;3.341796875;2.60546875;0.0;0.0;8.7578125;11.078125;2.83203125;0.0;2.310546875;0.0;0.0;2.3359375;0.0;0.0
2.583984375;6.13671875;3.341796875;2.60546875;0.0;0.0;8.7578125;11.078125;2.83203125;0.0;2.310546875;0.0;0.0;2.3359375;0.0;0.0
2.583984375;6.13671875;3.341796875;2.60546875;0.0;0.0;8.7578125;11.078125;2.83203125;0.0;2.310546875;0.0;0.0;2.3359375;0.0;0.0
11.7109375;12.1796875;13.0703125;11.8515625;0.0;0.0;11.59375;23.40625;12.328125;0.0;11.8046875;0.0;0.0;11.8671875;0.0;0.0
11.7109375;12.1796875;13.0703125;11.8515625;0.0;0.0;11.59375;23.40625;12.328125;0.0;11.8046875;0.0;0.0;11.8671875;0.0;0.0
9.5078125;5.9453125;12.6015625;9.515625;0.0;0.0;8.7890625;18.296875;9.9375;0.0;9.5078125;0.0;0.0;9.5078125;0.0;0.0
9.5078125;5.9453125;12.6015625;9.515625;0.0;0.0;8.7890625;18.296875;9.9375;0.0;9.5078125;0.0;0.0;9.5078125;0.0;0.0
9.515625;0.1431884765625;9.40625;9.515625;0.0;0.0;0.1431884765625;9.65625;10.109375;0.0;9.515625;0.0;0.0;9.5;0.0;0.0
9.4375;1.0673828125;11.1171875;9.40625;0.0;0.0;1.0673828125;9.2421875;8.5078125;0.0;8.171875;0.0;0.0;8.1640625;0.0;0.0
11.9140625;0.2454833984375;10.9453125;11.8984375;0.0;0.0;0.2454833984375;12.1484375;12.6484375;8.0108642578125e-05;11.8984375;0.0;0.0;11.8828125;0.0;0.0
9.421875;1.0654296875;9.453125;9.3984375;0.0;0.0;1.0654296875;9.21875;8.5546875;0.0;8.1484375;0.0;0.0;8.15625;0.0;0.0
9.421875;1.0654296875;9.453125;9.3984375;0.0;0.0;1.0654296875;9.21875;8.5546875;0.0;8.1484375;0.0;0.0;8.15625;0.0;0.0
9.5234375;0.358154296875;10.65625;9.53125;0.00011444091796875;0.00011444091796875;0.358154296875;9.8046875;9.828125;0.004734039306640625;9.453125;0.00011444091796875;0.00011444091796875;9.5234375;0.00011444091796875;0.00011444091796875
9.5234375;0.358154296875;10.65625;9.53125;0.00011444091796875;0.00011444091796875;0.358154296875;9.8046875;9.828125;0.004734039306640625;9.453125;0.00011444091796875;0.00011444091796875;9.5234375;0.00011444091796875;0.00011444091796875
9.53125;0.24951171875;8.9453125;9.53125;0.0;0.0;0.24951171875;9.78125;9.890625;0.0;9.53125;0.0;0.0;9.5234375;0.0;0.0
9.5078125;0.1663818359375;9.765625;9.53125;0.0;0.0;0.1663818359375;9.6875;9.734375;6.389617919921875e-05;9.5234375;0.0;0.0;9.5234375;0.0;0.0
11.90625;0.18212890625;13.7109375;11.90625;0.0001430511474609375;0.0001430511474609375;0.18212890625;12.09375;12.171875;0.0001430511474609375;11.90625;0.0001430511474609375;0.0001430511474609375;11.90625;0.0001430511474609375;0.0001430511474609375
9.5;0.1455078125;7.1953125;9.4921875;0.0;0.0;0.1455078125;8.59375;8.9765625;0.0;8.4453125;0.0;0.0;8.328125;0.0;0.0
11.6484375;15.234375;10.875;11.6640625;0.0001430511474609375;0.0001430511474609375;11.4296875;22.140625;11.8046875;0.0001430511474609375;10.8515625;0.0001430511474609375;0.0001430511474609375;10.8515625;0.0001430511474609375;0.0001430511474609375
11.8984375;10.140625;14.859375;11.8984375;0.0;0.0;11.8125;23.734375;12.9921875;0.0;11.859375;0.0;0.0;11.84375;0.0;0.0
9.5;0.1826171875;13.375;9.484375;0.00011444091796875;0.00011444091796875;1.0810546875;10.6328125;9.796875;0.00011444091796875;9.4765625;0.00011444091796875;0.00011444091796875;9.5078125;0.00011444091796875;0.00011444091796875
9.4921875;0.0;10.6171875;9.515625;0.0;0.0;0.0;9.515625;10.109375;0.0;9.515625;0.0;0.0;9.5234375;0.0;0.0
9.4453125;4.53125;9.0390625;9.5078125;0.000240325927734375;0.000240325927734375;4.07421875;12.03125;9.796875;0.00485992431640625;9.0546875;0.00011444091796875;0.00011444091796875;9.046875;0.000240325927734375;0.00011444091796875
9.7578125;7.5;9.9921875;10.0625;0.0;0.0;8.0234375;18.90625;10.390625;0.0;9.5234375;0.0;0.0;9.5546875;0.0;0.0
9.5234375;12.0078125;12.484375;9.5234375;0.00011444091796875;0.00011444091796875;9.2890625;18.78125;9.8984375;0.00011444091796875;9.4921875;0.00011444091796875;0.00011444091796875;9.53125;0.00011444091796875;0.00011444091796875
9.5078125;10.984375;11.234375;9.5078125;0.0;0.0;9.265625;18.75;10.1953125;6.389617919921875e-05;9.484375;0.0;0.0;9.5;0.0;0.0
9.4765625;1.1708984375;9.296875;9.5078125;0.00011444091796875;0.00011444091796875;1.1708984375;10.4453125;9.9296875;0.00011444091796875;9.28125;0.00011444091796875;0.00011444091796875;9.28125;0.00011444091796875;0.00011444091796875
9.40625;3.583984375;9.28125;9.4921875;0.0;0.0;3.56640625;12.921875;9.890625;0.0;9.359375;0.0;0.0;9.4140625;0.0;0.0
11.8515625;12.703125;13.5;11.8671875;0.0;0.0;11.1171875;22.765625;12.6171875;0.0;11.8046875;0.0;0.0;11.8515625;0.0;0.0
11.8203125;15.515625;14.5;11.890625;0.0;0.0;11.796875;23.609375;12.7421875;0.0;11.8203125;0.0;0.0;11.84375;0.0;0.0
8.75;6.81640625;5.91796875;8.6015625;0.0;0.0;8.3515625;16.140625;8.6484375;0.0;7.6484375;0.0;0.0;7.515625;0.0;0.0
8.75;6.81640625;5.91796875;8.6015625;0.0;0.0;8.3515625;16.140625;8.6484375;0.0;7.6484375;0.0;0.0;7.515625;0.0;0.0
9.5234375;0.0;9.8828125;9.53125;0.0;0.0;0.0;9.5;9.921875;0.0;9.5;0.0;0.0;9.515625;0.0;0.0
9.5;6.389617919921875e-05;10.3515625;9.515625;0.0;0.0;6.389617919921875e-05;9.46875;10.0546875;0.0;9.4609375;0.0;0.0;9.5078125;0.0;0.0
9.5234375;0.91796875;10.5625;9.5234375;0.0;0.0;0.90478515625;10.4296875;10.0;0.0;9.5234375;0.0;0.0;9.5234375;0.0;0.0
8.265625;4.0234375;5.1015625;8.1640625;0.0;0.0;3.171875;10.109375;7.48046875;0.0;6.94140625;0.0;0.0;6.8671875;0.0;0.0
6.15625;9.1953125;12.1796875;6.15625;2.75;0.00011444091796875;9.3046875;18.0625;9.5703125;0.00011444091796875;8.7890625;0.00011444091796875;0.00011444091796875;11.53125;0.00011444091796875;0.00011444091796875
0.71875;10.6484375;0.99560546875;0.71875;8.8046875;0.0;9.3203125;18.84375;10.3125;0.0;9.5234375;0.0;0.0;9.796875;0.0;0.0
0.71875;10.6484375;0.99560546875;0.71875;8.8046875;0.0;9.3203125;18.84375;10.3125;0.0;9.5234375;0.0;0.0;9.796875;0.0;0.0
0.71875;10.6484375;0.99560546875;0.71875;8.8046875;0.0;9.3203125;18.84375;10.3125;0.0;9.5234375;0.0;0.0;9.796875;0.0;0.0
0.71875;10.6484375;0.99560546875;0.71875;8.8046875;0.0;9.3203125;18.84375;10.3125;0.0;9.5234375;0.0;0.0;9.796875;0.0;0.0
0.7109375;11.4921875;4.76171875;0.7109375;8.7578125;0.00011444091796875;9.265625;18.71875;10.25;0.00011444091796875;9.46875;0.00011444091796875;0.00011444091796875;13.5234375;0.00011444091796875;0.00011444091796875
0.7109375;11.4921875;4.76171875;0.7109375;8.7578125;0.00011444091796875;9.265625;18.71875;10.25;0.00011444091796875;9.46875;0.00011444091796875;0.00011444091796875;13.5234375;0.00011444091796875;0.00011444091796875
0.7109375;11.4921875;4.76171875;0.7109375;8.7578125;0.00011444091796875;9.265625;18.71875;10.25;0.00011444091796875;9.46875;0.00011444091796875;0.00011444091796875;13.5234375;0.00011444091796875;0.00011444091796875
0.7109375;11.4921875;4.76171875;0.7109375;8.7578125;0.00011444091796875;9.265625;18.71875;10.25;0.00011444091796875;9.46875;0.00011444091796875;0.00011444091796875;13.5234375;0.00011444091796875;0.00011444091796875
0.7109375;11.4921875;4.76171875;0.7109375;8.7578125;0.00011444091796875;9.265625;18.71875;10.25;0.00011444091796875;9.46875;0.00011444091796875;0.00011444091796875;13.5234375;0.00011444091796875;0.00011444091796875
0.94384765625;4.75390625;3.806640625;0.9482421875;10.875;0.0;6.234375;18.25;12.8671875;0.0;11.8828125;0.0;0.0;14.328125;0.0;0.0
0.52880859375;0.168701171875;2.64453125;0.529296875;8.9921875;0.00011444091796875;0.168701171875;9.6875;10.1015625;0.00011444091796875;9.515625;0.00011444091796875;0.00011444091796875;11.984375;0.00011444091796875;0.00011444091796875
0.52880859375;0.168701171875;2.64453125;0.529296875;8.9921875;0.00011444091796875;0.168701171875;9.6875;10.1015625;0.00011444091796875;9.515625;0.00011444091796875;0.00011444091796875;11.984375;0.00011444091796875;0.00011444091796875
0.52880859375;0.168701171875;2.64453125;0.529296875;8.9921875;0.00011444091796875;0.168701171875;9.6875;10.1015625;0.00011444091796875;9.515625;0.00011444091796875;0.00011444091796875;11.984375;0.00011444091796875;0.00011444091796875
9.515625;5.234375;9.296875;9.5234375;0.0;0.0;5.09765625;14.2578125;9.75;0.0;9.1640625;0.0;0.0;8.1953125;0.0;0.0
11.8515625;11.875;13.0625;11.9140625;0.0001430511474609375;0.0001430511474609375;11.8046875;23.703125;12.859375;0.0001430511474609375;11.90625;0.0001430511474609375;0.0001430511474609375;11.90625;0.0001430511474609375;0.0001430511474609375
11.8515625;11.875;13.0625;11.9140625;0.0001430511474609375;0.0001430511474609375;11.8046875;23.703125;12.859375;0.0001430511474609375;11.90625;0.0001430511474609375;0.0001430511474609375;11.90625;0.0001430511474609375;0.0001430511474609375
9.5078125;4.91015625;11.1015625;9.5;0.0;0.0;4.97265625;14.40625;10.0703125;0.0;9.4296875;0.0;0.0;9.5;0.0;0.0
9.484375;10.5;10.5390625;9.484375;0.00011444091796875;0.00011444091796875;9.453125;18.046875;9.046875;0.00011444091796875;8.6484375;0.00011444091796875;0.00011444091796875;8.640625;0.00011444091796875;0.00011444091796875
9.484375;10.5;10.5390625;9.484375;0.00011444091796875;0.00011444091796875;9.453125;18.046875;9.046875;0.00011444091796875;8.6484375;0.00011444091796875;0.00011444091796875;8.640625;0.00011444091796875;0.00011444091796875
9.4140625;11.0234375;11.1484375;9.3984375;0.0;0.0;9.375;18.640625;9.75;0.0;9.3203125;0.0;0.0;9.3671875;0.0;0.0
11.8515625;9.3125;11.7890625;11.8515625;0.0001430511474609375;0.0001430511474609375;8.15625;20.1875;12.421875;0.0001430511474609375;11.8359375;0.0001430511474609375;0.0001430511474609375;11.8515625;0.0001430511474609375;0.0001430511474609375
9.515625;9.2265625;9.34375;9.5234375;0.0;0.0;9.2890625;18.796875;9.921875;0.0;9.515625;0.0;0.0;9.5234375;0.0;0.0
9.515625;9.2265625;9.34375;9.5234375;0.0;0.0;9.2890625;18.796875;9.921875;0.0;9.515625;0.0;0.0;9.5234375;0.0;0.0
9.5078125;10.671875;10.328125;9.5;0.00011444091796875;0.00011444091796875;9.4609375;18.90625;9.859375;0.00011444091796875;9.4609375;0.00011444091796875;0.00011444091796875;9.484375;0.00011444091796875;0.00011444091796875
11.890625;15.4765625;14.5390625;11.8828125;0.0;0.0;11.8359375;23.546875;12.4140625;0.0;11.828125;0.0;0.0;11.8515625;0.0;0.0
9.484375;7.39453125;11.0625;9.4765625;0.0;0.0;9.40625;18.90625;10.421875;6.389617919921875e-05;9.4453125;0.0;0.0;9.484375;0.0;0.0
9.484375;7.39453125;11.0625;9.4765625;0.0;0.0;9.40625;18.90625;10.421875;6.389617919921875e-05;9.4453125;0.0;0.0;9.484375;0.0;0.0
9.4765625;0.0;14.8203125;9.5078125;0.0;0.0;0.0;9.4609375;9.84375;0.0;9.4609375;0.0;0.0;9.5234375;0.0;0.0
11.8359375;0.0;11.21875;11.90625;0.0;0.0;0.0;11.8984375;12.4609375;0.0;11.8984375;0.0;0.0;11.90625;0.0;0.0
11.796875;0.0;12.03125;11.9140625;0.0;0.0;0.0;11.8671875;12.140625;0.0;11.8671875;0.0;0.0;11.8984375;0.0;0.0
9.5078125;0.0;9.09375;9.5078125;0.0;0.0;0.0;9.5078125;10.0703125;0.0;9.5078125;0.0;0.0;9.515625;0.0;0.0
9.5078125;0.0;9.09375;9.5078125;0.0;0.0;0.0;9.5078125;10.0703125;0.0;9.5078125;0.0;0.0;9.515625;0.0;0.0
9.5234375;0.244873046875;9.1484375;9.5234375;0.0;0.0;0.244873046875;9.765625;9.828125;0.0;9.5234375;0.0;0.0;9.5;0.0;0.0
11.875;4.11328125;10.15625;11.890625;0.0;0.0;4.11328125;15.9921875;12.8671875;0.0;11.875;0.0;0.0;11.8671875;0.0;0.0
11.875;4.11328125;10.15625;11.890625;0.0;0.0;4.11328125;15.9921875;12.8671875;0.0;11.875;0.0;0.0;11.8671875;0.0;0.0
8.0546875;7.421875;4.1328125;7.953125;0.00011444091796875;0.00011444091796875;6.453125;12.8125;6.93359375;0.00011444091796875;6.37109375;0.00011444091796875;0.00011444091796875;6.27734375;0.00011444091796875;0.00011444091796875
8.0546875;7.421875;4.1328125;7.953125;0.00011444091796875;0.00011444091796875;6.453125;12.8125;6.93359375;0.00011444091796875;6.37109375;0.00011444091796875;0.00011444091796875;6.27734375;0.00011444091796875;0.00011444091796875
0.2060546875;10.015625;0.0;0.2060546875;0.0;0.0;9.53125;9.484375;0.2061767578125;0.0;0.0;0.0;0.0;0.0;0.0;0.0
0.2060546875;10.015625;0.0;0.2060546875;0.0;0.0;9.53125;9.484375;0.2061767578125;0.0;0.0;0.0;0.0;0.0;0.0;0.0
0.2060546875;10.015625;0.0;0.2060546875;0.0;0.0;9.53125;9.484375;0.2061767578125;0.0;0.0;0.0;0.0;0.0;0.0;0.0
0.2060546875;10.015625;0.0;0.2060546875;0.0;0.0;9.53125;9.484375;0.2061767578125;0.0;0.0;0.0;0.0;0.0;0.0;0.0
0.2060546875;10.015625;0.0;0.2060546875;0.0;0.0;9.53125;9.484375;0.2061767578125;0.0;0.0;0.0;0.0;0.0;0.0;0.0
0.2060546875;10.015625;0.0;0.2060546875;0.0;0.0;9.53125;9.484375;0.2061767578125;0.0;0.0;0.0;0.0;0.0;0.0;0.0
0.2060546875;10.015625;0.0;0.2060546875;0.0;0.0;9.53125;9.484375;0.2061767578125;0.0;0.0;0.0;0.0;0.0;0.0;0.0
0.256591796875;14.9375;0.0001430511474609375;0.256591796875;0.0001430511474609375;0.0001430511474609375;11.90625;11.90625;0.256591796875;0.0001430511474609375;0.0001430511474609375;0.0001430511474609375;0.0001430511474609375;0.0001430511474609375;0.0001430511474609375;0.0001430511474609375
0.8681640625;1.48046875;4.8046875;0.8681640625;9.9765625;0.0;3.923828125;14.765625;11.671875;0.0;10.7578125;0.0;0.0;14.78125;0.0;0.0
0.8681640625;1.48046875;4.8046875;0.8681640625;9.9765625;0.0;3.923828125;14.765625;11.671875;0.0;10.7578125;0.0;0.0;14.78125;0.0;0.0
0.8681640625;1.48046875;4.8046875;0.8681640625;9.9765625;0.0;3.923828125;14.765625;11.671875;0.0;10.7578125;0.0;0.0;14.78125;0.0;0.0
0.349609375;0.00017833709716796875;0.0024242401123046875;0.349365234375;9.15625;0.00011444091796875;0.00017833709716796875;9.5078125;9.8203125;0.00011444091796875;9.7890625;0.00011444091796875;0.00011444091796875;9.15625;0.00011444091796875;0.00011444091796875
2.1640625;0.0;0.0023097991943359375;2.146484375;0.0;0.0;0.0;1.1640625;1.1640625;0.0;1.236328125;0.0;0.0;0.0023097991943359375;0.0;0.0
0.000301361083984375;0.0001430511474609375;0.0001430511474609375;0.0001430511474609375;0.0001430511474609375;0.0001430511474609375;0.0001430511474609375;0.000301361083984375;0.0001430511474609375;0.0001430511474609375;0.0001430511474609375;0.0001430511474609375;0.0001430511474609375;0.0001430511474609375;0.0001430511474609375;0.0001430511474609375
0.0;0.0;0.0;0.0;0.0;0.0;0.0;0.0;0.0;0.0;0.0;0.0;0.0;0.0;0.0;0.0
0.000461578369140625;0.0003032684326171875;0.0001430511474609375;0.0003032684326171875;0.0001430511474609375;0.0001430511474609375;0.0003032684326171875;0.000461578369140625;0.0003032684326171875;0.0001430511474609375;0.0001430511474609375;0.0001430511474609375;0.0001430511474609375;0.0001430511474609375;0.0001430511474609375;0.0001430511474609375
0.000461578369140625;0.0003032684326171875;0.0001430511474609375;0.0003032684326171875;0.0001430511474609375;0.0001430511474609375;0.0003032684326171875;0.000461578369140625;0.0003032684326171875;0.0001430511474609375;0.0001430511474609375;0.0001430511474609375;0.0001430511474609375;0.0001430511474609375;0.0001430511474609375;0.0001430511474609375
0.0;0.0;0.0;0.0;0.0;0.0;0.0;0.0;0.0;0.0;0.0;0.0;0.0;0.0;0.0;0.0
0.000240325927734375;0.00011444091796875;0.00011444091796875;0.00011444091796875;0.00011444091796875;0.00011444091796875;0.00011444091796875;0.000240325927734375;0.00011444091796875;0.00011444091796875;0.00011444091796875;0.00011444091796875;0.00011444091796875;0.00011444091796875;0.00011444091796875;0.00011444091796875
0.000240325927734375;0.00011444091796875;0.00011444091796875;0.00011444091796875;0.00011444091796875;0.00011444091796875;0.00011444091796875;0.000240325927734375;0.00011444091796875;0.00011444091796875;0.00011444091796875;0.00011444091796875;0.00011444091796875;0.00011444091796875;0.00011444091796875;0.00011444091796875
0.0;0.0;0.0;0.0;0.0;0.0;0.0;0.0;0.0;0.0;0.0;0.0;0.0;0.0;0.0;0.0
0.0;0.0;0.0;0.0;0.0;0.0;0.0;0.0;0.0;0.0;0.0;0.0;0.0;0.0;0.0;0.0
0.06878662109375;4.265625;0.0001430511474609375;0.068603515625;0.0001430511474609375;0.0001430511474609375;1.1064453125;1.1064453125;0.06915283203125;0.0001430511474609375;0.0001430511474609375;0.0001430511474609375;0.0001430511474609375;0.0001430511474609375;0.0001430511474609375;0.0001430511474609375
0.1368408203125;14.875;0.0;0.1368408203125;0.0;0.0;11.5390625;11.5390625;0.136474609375;0.0;0.0;0.0;0.0;0.0;0.0;0.0
0.1368408203125;14.875;0.0;0.1368408203125;0.0;0.0;11.5390625;11.5390625;0.136474609375;0.0;0.0;0.0;0.0;0.0;0.0;0.0
0.1368408203125;14.875;0.0;0.1368408203125;0.0;0.0;11.5390625;11.5390625;0.136474609375;0.0;0.0;0.0;0.0;0.0;0.0;0.0
0.31005859375;8.71875;0.0;0.31005859375;0.0;0.0;9.34375;9.34375;0.310302734375;0.0001277923583984375;0.0001277923583984375;0.0;0.0;0.0;0.0;0.0
0.0;0.0;0.0;0.0;0.0;0.0;0.0;0.0;0.0;0.0;0.0;0.0;0.0;0.0;0.0;0.0
0.0;0.0;0.0;0.0;0.0;0.0;0.0;0.0;0.0;0.0;0.0;0.0;0.0;0.0;0.0;0.0
0.0;0.0;0.0;0.0;0.0;0.0;0.0;0.0;0.0;0.0;0.0;0.0;0.0;0.0;0.0;0.0
0.0;0.0;0.0;0.0;0.0;0.0;0.0;0.0;0.0;0.0;0.0;0.0;0.0;0.0;0.0;0.0
0.0;0.0;0.0;0.0;0.0;0.0;0.0;0.0;0.0;0.0;0.0;0.0;0.0;0.0;0.0;0.0
