agent, num_iperfs, port_number, original_size, transferred, retries, flow_completion_time, bandwidth, iter
A_LA,2,46110,10M,10.2,0.0,13.0,6.58,2
A_LA,2,46110,10M,10.6,0.0,13.03,6.85,3
A_LA,2,46110,10M,10.9,0.0,14.0,6.54,1
A_LA,2,46110,10M,10.5,0.0,13.01,6.74,0
A_LA,2,46110,10M,10.5,0.0,13.0,6.75,4
A_LA,2,46112,10M,10.4,0.0,16.0,5.48,1
A_LA,2,46112,10M,10.1,0.0,15.05,5.63,0
A_LA,2,46112,10M,10.1,0.0,16.01,5.29,2
A_LA,2,46112,10M,10.9,0.0,16.0,5.72,3
A_LA,2,46112,10M,10.3,0.0,15.0,5.78,4
A_LA,2,46112,50M,50.2,850.0,87.0,4.84,2
A_LA,2,46112,50M,50.4,1961.0,79.24,5.34,3
A_LA,2,46112,50M,50.1,582.0,79.72,5.27,1
A_LA,2,46112,50M,50.5,1917.0,77.0,5.5,0
A_LA,2,46112,50M,50.5,1067.0,95.0,4.46,4
A_LA,2,46110,50M,50.9,470.0,61.0,6.99,1
A_LA,2,46110,50M,51.1,5784.0,135.56,3.17,0
A_LA,2,46110,50M,50.1,1243.0,79.0,5.32,2
A_LA,2,46110,50M,50.4,1610.0,74.96,5.64,3
A_LA,2,46110,50M,50.9,2228.0,81.0,5.27,4
A_LA,2,46112,100M,100.0,1406.0,166.0,5.06,3
A_LA,2,46110,100M,100.0,3737.0,95.0,8.86,0
A_LA,2,46110,100M,101.0,3299.0,188.0,4.5,1
A_LA,2,46112,100M,101.0,3632.0,170.0,4.98,2
A_LA,2,46112,100M,100.0,7270.0,226.0,3.72,0
A_LA,2,46110,100M,100.0,1255.0,131.0,6.41,3
A_LA,2,46110,100M,100.0,2424.0,153.42,5.48,2
A_LA,2,46112,100M,101.0,5634.0,207.0,4.07,1
A_LA,2,46112,100M,101.0,1012.0,167.0,5.06,4
A_LA,2,46110,100M,101.0,977.0,132.0,6.39,4
A_LA,2,46112,200M,200.0,6625.0,332.0,5.06,2
A_LA,2,46110,200M,200.0,6330.0,383.0,4.39,1
A_LA,2,46110,200M,200.0,16933.0,260.92,6.44,0
A_LA,2,46112,200M,201.0,11999.0,299.0,5.64,3
A_LA,2,46112,200M,200.0,13157.0,223.0,7.53,1
A_LA,2,46110,200M,200.0,7902.0,259.0,6.49,2
A_LA,2,46110,200M,201.0,6349.0,441.0,3.82,3
A_LA,2,46112,200M,201.0,11267.0,319.32,5.27,0
A_LA,2,46112,200M,200.0,9603.0,491.0,3.42,4
A_LA,2,46110,200M,201.0,4704.0,385.0,4.38,4
A_LA,2,46112,500M,500.0,22561.0,1033.69,4.06,4
A_LA,2,46110,500M,500.0,19482.0,731.0,5.74,4
A_LA,2,46112,500M,500.0,39251.0,1116.0,3.76,3
A_LA,2,46110,500M,500.0,35717.0,628.0,6.68,0
A_LA,2,46110,500M,500.0,32945.0,784.0,5.35,1
A_LA,2,46112,500M,501.0,44516.0,821.0,5.12,2
A_LA,2,46112,500M,501.0,30239.0,1838.0,2.29,0
A_LA,2,46110,500M,500.0,52912.0,1253.0,3.35,3
A_LA,2,46110,500M,501.0,40765.0,725.0,5.8,2
A_LA,2,46112,500M,501.0,31802.0,1059.0,3.97,1
A_LA,4,46112,10M,10.2,115.0,29.05,2.94,4
A_LA,4,46112,10M,10.0,134.0,27.03,3.1,1
A_LA,4,46112,10M,10.0,167.0,23.0,3.65,0
A_LA,4,46112,10M,10.5,78.0,21.0,4.19,2
A_LA,4,46112,10M,10.3,168.0,27.0,3.19,3
A_LA,4,46114,10M,10.1,97.0,29.0,2.91,2
A_LA,4,46114,10M,10.0,100.0,32.0,2.62,3
A_LA,4,46114,10M,10.1,69.0,32.01,2.65,1
A_LA,4,46114,10M,10.2,76.0,32.01,2.68,0
A_LA,4,46114,10M,11.1,44.0,33.0,2.82,4
A_LA,4,46116,10M,10.5,53.0,33.03,2.66,1
A_LA,4,46116,10M,10.0,90.0,34.93,2.41,0
A_LA,4,46116,10M,10.8,108.0,35.02,2.59,2
A_LA,4,46116,10M,10.3,76.0,33.01,2.62,3
A_LA,4,46116,10M,10.4,47.0,32.0,2.73,4
A_LA,4,46110,10M,10.4,0.0,14.01,6.26,4
A_LA,4,46110,10M,10.9,0.0,15.0,6.1,2
A_LA,4,46110,10M,10.7,0.0,15.0,5.99,3
A_LA,4,46110,10M,11.2,0.0,15.0,6.28,1
A_LA,4,46110,10M,11.1,68.0,26.33,3.54,0
A_LA,4,46110,50M,50.5,852.0,88.0,4.82,4
A_LA,4,46110,50M,50.2,1213.0,142.0,2.97,1
A_LA,4,46110,50M,50.1,1209.0,108.0,3.9,0
A_LA,4,46110,50M,50.1,920.0,94.0,4.47,2
A_LA,4,46110,50M,50.3,790.0,76.0,5.55,3
A_LA,4,46116,50M,50.7,487.0,150.01,2.83,2
A_LA,4,46116,50M,50.4,724.0,181.0,2.34,3
A_LA,4,46116,50M,50.6,1141.0,194.0,2.19,1
A_LA,4,46116,50M,50.3,856.0,192.0,2.2,0
A_LA,4,46116,50M,50.2,557.0,158.0,2.66,4
A_LA,4,46114,50M,50.7,1324.0,200.0,2.13,1
A_LA,4,46114,50M,50.1,1514.0,197.0,2.13,0
A_LA,4,46114,50M,50.4,776.0,156.0,2.71,2
A_LA,4,46114,50M,50.5,1395.0,135.0,3.14,3
A_LA,4,46114,50M,50.0,567.0,146.0,2.87,4
A_LA,4,46112,50M,50.7,570.0,164.0,2.59,4
A_LA,4,46112,50M,51.0,888.0,150.0,2.85,2
A_LA,4,46112,50M,50.1,797.0,173.0,2.43,3
A_LA,4,46112,50M,50.3,1621.0,185.0,2.28,1
A_LA,4,46112,50M,50.4,1321.0,148.0,2.86,0
A_LA,4,46116,100M,101.0,4401.0,301.0,2.81,1
A_LA,4,46114,100M,101.0,1419.0,307.0,2.75,2
A_LA,4,46110,100M,101.0,4898.0,215.0,3.93,4
A_LA,4,46114,100M,100.0,4493.0,459.0,1.83,3
A_LA,4,46116,100M,100.0,9996.0,284.0,2.97,0
A_LA,4,46116,100M,101.0,1270.0,338.0,2.51,2
A_LA,4,46114,100M,101.0,7132.0,224.0,3.78,1
A_LA,4,46114,100M,101.0,7604.0,203.0,4.16,0
A_LA,4,46116,100M,100.0,4809.0,327.0,2.58,3
A_LA,4,46112,100M,101.0,3384.0,412.0,2.06,4
A_LA,4,46112,100M,100.0,8091.0,434.0,1.94,0
A_LA,4,46114,100M,100.0,6008.0,274.73,3.06,4
A_LA,4,46110,100M,100.0,3765.0,367.0,2.29,3
A_LA,4,46110,100M,100.0,1276.0,241.0,3.49,2
A_LA,4,46112,100M,100.0,4013.0,271.0,3.1,1
A_LA,4,46112,100M,100.0,8106.0,434.0,1.93,3
A_LA,4,46116,100M,101.0,4611.0,445.0,1.91,4
A_LA,4,46110,100M,100.0,10811.0,204.0,4.13,0
A_LA,4,46110,100M,100.0,3114.0,160.0,5.25,1
A_LA,4,46112,100M,100.0,1967.0,288.0,2.91,2
A_LA,4,46116,200M,200.0,16015.0,589.0,2.85,0
A_LA,4,46110,200M,201.0,16992.0,801.0,2.1,4
A_LA,4,46114,200M,201.0,15963.0,700.0,2.41,3
A_LA,4,46114,200M,201.0,11318.0,712.14,2.37,2
A_LA,4,46116,200M,200.0,37962.0,522.0,3.22,1
A_LA,4,46116,200M,200.0,27792.0,628.0,2.67,3
A_LA,4,46112,200M,200.0,32393.0,1076.0,1.56,4
A_LA,4,46114,200M,201.0,21156.0,393.0,4.29,0
A_LA,4,46114,200M,201.0,27377.0,690.8,2.44,1
A_LA,4,46116,200M,200.0,12248.0,606.0,2.77,2
A_LA,4,46112,200M,201.0,28424.0,605.0,2.79,1
A_LA,4,46110,200M,200.0,14640.0,622.02,2.7,2
A_LA,4,46114,200M,200.0,31994.0,541.61,3.1,4
A_LA,4,46110,200M,200.0,15752.0,409.25,4.1,3
A_LA,4,46112,200M,200.0,22363.0,512.0,3.28,0
A_LA,4,46112,200M,201.0,11792.0,483.28,3.49,2
A_LA,4,46110,200M,200.0,41682.0,496.0,3.39,1
A_LA,4,46110,200M,201.0,18231.0,538.0,3.14,0
A_LA,4,46112,200M,200.0,28440.0,569.1,2.96,3
A_LA,4,46116,200M,201.0,27987.0,872.0,1.93,4
A_LA,4,46112,500M,500.0,104964.0,3020.0,1.39,0
A_LA,4,46110,500M,500.0,40424.0,1986.0,2.11,3
A_LA,4,46114,500M,501.0,85906.0,1476.23,2.84,4
A_LA,4,46110,500M,501.0,64005.0,1988.0,2.11,2
A_LA,4,46112,500M,500.0,51016.0,2185.0,1.92,1
A_LA,4,46116,500M,501.0,65002.0,1797.0,2.34,4
A_LA,4,46112,500M,501.0,29348.0,1648.05,2.55,3
A_LA,4,46110,500M,500.0,85134.0,1978.0,2.12,0
A_LA,4,46110,500M,501.0,62120.0,2003.0,2.1,1
A_LA,4,46112,500M,501.0,87226.0,2107.0,1.99,2
A_LA,4,46116,500M,500.0,95092.0,2645.0,1.59,1
A_LA,4,46114,500M,501.0,72746.0,1390.0,3.02,2
A_LA,4,46114,500M,501.0,31471.0,1929.0,2.18,3
A_LA,4,46110,500M,501.0,57000.0,1834.0,2.29,4
A_LA,4,46116,500M,500.0,59818.0,2164.0,1.94,0
A_LA,4,46116,500M,501.0,79811.0,1585.0,2.65,2
A_LA,4,46114,500M,500.0,55409.0,1342.0,3.13,1
A_LA,4,46114,500M,500.0,45301.0,1220.0,3.44,0
A_LA,4,46112,500M,500.0,84484.0,1753.0,2.39,4
A_LA,4,46116,500M,500.0,20374.0,1446.0,2.9,3
A_LA,8,46120,10M,10.2,118.0,52.01,1.64,2
A_LA,8,46110,10M,10.7,25.0,23.0,3.91,0
A_LA,8,46110,10M,10.8,3.0,26.0,3.48,1
A_LA,8,46120,10M,10.4,153.0,40.0,2.19,3
A_LA,8,46120,10M,10.0,114.0,42.01,2.01,1
A_LA,8,46110,10M,10.3,0.0,15.02,5.77,3
A_LA,8,46110,10M,10.0,0.0,15.0,5.61,2
A_LA,8,46120,10M,11.1,411.0,111.76,0.8154296875,0
A_LA,8,46120,10M,10.3,4.0,46.01,1.87,4
A_LA,8,46110,10M,10.7,0.0,15.71,5.73,4
A_LA,8,46118,10M,10.1,175.0,42.0,2.02,1
A_LA,8,46116,10M,10.2,46.0,63.0,1.36,4
A_LA,8,46118,10M,10.0,119.0,45.02,1.87,0
A_LA,8,46118,10M,10.2,248.0,74.0,1.16,2
A_LA,8,46118,10M,10.2,53.0,62.0,1.38,3
A_LA,8,46116,10M,10.3,146.0,61.0,1.41,3
A_LA,8,46116,10M,10.3,66.0,48.05,1.79,2
A_LA,8,46118,10M,10.5,102.0,62.0,1.42,4
A_LA,8,46116,10M,10.9,305.0,107.0,0.837890625,0
A_LA,8,46116,10M,11.1,1.0,20.0,4.66,1
A_LA,8,46124,10M,10.3,60.0,61.0,1.42,4
A_LA,8,46114,10M,10.1,125.0,61.0,1.39,4
A_LA,8,46114,10M,10.5,110.0,57.02,1.54,0
A_LA,8,46124,10M,10.2,174.0,77.01,1.11,2
A_LA,8,46124,10M,10.8,109.0,65.0,1.39,3
A_LA,8,46114,10M,10.7,51.0,55.0,1.63,1
A_LA,8,46114,10M,10.3,195.0,52.01,1.66,3
A_LA,8,46124,10M,10.2,227.0,52.08,1.65,1
A_LA,8,46124,10M,10.1,452.0,106.0,0.7763671875,0
A_LA,8,46114,10M,10.2,254.0,39.01,2.2,2
A_LA,8,46112,10M,10.0,210.0,34.01,2.47,3
A_LA,8,46122,10M,10.3,91.0,46.01,1.88,1
A_LA,8,46122,10M,10.4,356.0,88.13,0.962890625,0
A_LA,8,46112,10M,10.1,101.0,24.0,3.55,2
A_LA,8,46112,10M,10.0,138.0,28.0,3.0,0
A_LA,8,46122,10M,10.3,306.0,71.0,1.22,2
A_LA,8,46122,10M,10.2,52.0,66.0,1.3,3
A_LA,8,46112,10M,10.7,2.0,20.0,4.47,1
A_LA,8,46112,10M,10.4,0.0,24.09,3.61,4
A_LA,8,46122,10M,10.2,1.0,34.02,2.52,4
A_LA,8,46122,50M,50.2,636.0,315.0,1.34,2
A_LA,8,46112,50M,50.3,1162.0,278.0,1.52,0
A_LA,8,46112,50M,50.1,1023.0,387.0,1.09,1
A_LA,8,46122,50M,50.7,1875.0,294.0,1.45,3
A_LA,8,46122,50M,50.1,829.0,381.0,1.1,1
A_LA,8,46112,50M,50.1,1640.0,107.0,3.93,3
A_LA,8,46112,50M,51.1,860.0,351.96,1.22,2
A_LA,8,46122,50M,50.8,935.0,309.0,1.38,0
A_LA,8,46122,50M,50.1,1693.0,343.0,1.22,4
A_LA,8,46112,50M,50.9,1964.0,259.0,1.65,4
A_LA,8,46114,50M,50.2,1840.0,274.0,1.54,4
A_LA,8,46124,50M,50.0,1707.0,341.0,1.23,4
A_LA,8,46124,50M,50.7,794.0,398.0,1.07,1
A_LA,8,46114,50M,50.1,3646.0,285.0,1.48,3
A_LA,8,46114,50M,50.0,747.0,346.0,1.21,2
A_LA,8,46124,50M,50.4,466.0,247.0,1.71,0
A_LA,8,46124,50M,50.1,549.0,318.0,1.32,2
A_LA,8,46114,50M,50.0,880.0,316.88,1.32,0
A_LA,8,46114,50M,50.3,1797.0,399.99,1.06,1
A_LA,8,46124,50M,50.1,3160.0,241.83,1.74,3
A_LA,8,46118,50M,50.4,516.0,342.0,1.24,2
A_LA,8,46118,50M,50.5,870.0,226.0,1.87,3
A_LA,8,46118,50M,50.1,587.0,272.0,1.55,1
A_LA,8,46116,50M,50.2,2370.0,280.0,1.5,4
A_LA,8,46118,50M,51.0,1391.0,306.0,1.4,0
A_LA,8,46118,50M,50.9,1811.0,350.88,1.22,4
A_LA,8,46116,50M,51.0,1189.0,306.0,1.4,0
A_LA,8,46116,50M,50.1,961.0,379.0,1.11,1
A_LA,8,46116,50M,50.5,1856.0,292.0,1.45,3
A_LA,8,46116,50M,50.3,533.0,333.0,1.27,2
A_LA,8,46110,50M,50.8,824.0,69.0,6.17,3
A_LA,8,46120,50M,50.0,856.0,395.0,1.06,1
A_LA,8,46120,50M,50.2,539.0,258.0,1.63,0
A_LA,8,46110,50M,50.1,772.0,199.0,2.11,2
A_LA,8,46110,50M,50.1,1438.0,146.0,2.88,0
A_LA,8,46120,50M,50.3,708.0,342.01,1.23,2
A_LA,8,46120,50M,50.3,3522.0,261.0,1.62,3
A_LA,8,46110,50M,50.0,701.0,229.0,1.83,1
A_LA,8,46110,50M,51.1,3014.0,151.0,2.84,4
A_LA,8,46120,50M,50.3,1847.0,324.0,1.3,4
A_LA,8,46110,100M,101.0,3454.0,270.0,3.14,3
A_LA,8,46114,100M,100.0,3638.0,580.0,1.45,4
A_LA,8,46112,100M,100.0,2146.0,412.0,2.04,0
A_LA,8,46112,100M,100.0,4581.0,608.0,1.38,1
A_LA,8,46110,100M,101.0,7896.0,706.0,1.2,2
A_LA,8,46110,100M,100.0,4399.0,469.0,1.8,0
A_LA,8,46116,100M,101.0,4034.0,682.0,1.24,4
A_LA,8,46112,100M,101.0,5416.0,744.88,1.14,3
A_LA,8,46112,100M,101.0,8092.0,302.0,2.8,2
A_LA,8,46110,100M,101.0,3068.0,219.0,3.85,1
A_LA,8,46114,100M,100.0,9994.0,662.0,1.27,2
A_LA,8,46116,100M,101.0,5490.0,585.0,1.45,1
A_LA,8,46116,100M,101.0,2737.0,655.0,1.3,0
A_LA,8,46114,100M,100.0,4335.0,632.0,1.33,3
A_LA,8,46110,100M,100.0,3022.0,336.0,2.5,4
A_LA,8,46114,100M,100.0,4318.0,566.0,1.48,1
A_LA,8,46116,100M,101.0,4446.0,718.63,1.18,2
A_LA,8,46112,100M,100.0,3405.0,313.0,2.68,4
A_LA,8,46116,100M,100.0,5541.0,739.0,1.14,3
A_LA,8,46114,100M,100.0,6586.0,302.0,2.78,0
A_LA,8,46118,100M,101.0,4797.0,452.0,1.87,1
A_LA,8,46118,100M,101.0,6013.0,635.0,1.33,0
A_LA,8,46118,100M,101.0,3001.0,709.0,1.2,2
A_LA,8,46118,100M,100.0,4086.0,535.0,1.57,3
A_LA,8,46118,100M,101.0,3950.0,656.0,1.29,4
A_LA,8,46122,100M,100.0,4012.0,674.0,1.25,4
A_LA,8,46124,100M,101.0,2468.0,552.0,1.53,0
A_LA,8,46124,100M,100.0,4660.0,539.0,1.56,1
A_LA,8,46124,100M,100.0,3768.0,676.0,1.24,3
A_LA,8,46120,100M,100.0,3873.0,680.0,1.24,4
A_LA,8,46124,100M,100.0,4776.0,498.0,1.68,2
A_LA,8,46122,100M,100.0,4412.0,730.0,1.15,2
A_LA,8,46120,100M,101.0,14224.0,475.0,1.78,1
A_LA,8,46120,100M,101.0,5036.0,626.0,1.35,0
A_LA,8,46122,100M,100.0,4348.0,657.0,1.28,3
A_LA,8,46122,100M,101.0,7706.0,563.33,1.5,1
A_LA,8,46120,100M,100.0,2840.0,548.0,1.53,2
A_LA,8,46120,100M,100.0,4916.0,483.0,1.74,3
A_LA,8,46124,100M,101.0,2955.0,578.0,1.46,4
A_LA,8,46122,100M,101.0,3453.0,571.0,1.48,0
A_LA,8,46124,200M,200.0,25167.0,395.0,4.25,1
A_LA,8,46124,200M,201.0,14427.0,1192.0,1.41,0
A_LA,8,46122,200M,201.0,12235.0,1248.35,1.35,4
A_LA,8,46124,200M,200.0,13222.0,1128.0,1.49,2
A_LA,8,46124,200M,200.0,14670.0,1156.64,1.45,3
A_LA,8,46120,200M,200.0,32289.0,1079.0,1.56,4
A_LA,8,46122,200M,200.0,14366.0,1459.0,1.15,3
A_LA,8,46120,200M,200.0,11833.0,699.0,2.4,0
A_LA,8,46120,200M,201.0,21534.0,1069.0,1.58,1
A_LA,8,46122,200M,201.0,16060.0,793.0,2.12,2
A_LA,8,46122,200M,201.0,16357.0,874.0,1.93,0
A_LA,8,46120,200M,201.0,20684.0,1563.0,1.08,3
A_LA,8,46124,200M,201.0,12638.0,1191.0,1.41,4
A_LA,8,46120,200M,201.0,11097.0,1222.0,1.38,2
A_LA,8,46122,200M,201.0,22476.0,1093.0,1.54,1
A_LA,8,46118,200M,200.0,10778.0,1343.0,1.25,0
A_LA,8,46118,200M,201.0,23648.0,752.0,2.24,1
A_LA,8,46118,200M,201.0,18392.0,1297.0,1.3,3
A_LA,8,46118,200M,201.0,17187.0,937.0,1.8,2
A_LA,8,46118,200M,200.0,17724.0,1232.0,1.36,4
A_LA,8,46110,200M,201.0,11870.0,852.0,1.97,2
A_LA,8,46112,200M,200.0,18003.0,1143.0,1.47,1
A_LA,8,46112,200M,200.0,18521.0,1079.0,1.56,0
A_LA,8,46110,200M,201.0,21565.0,800.0,2.1,3
A_LA,8,46114,200M,200.0,8627.0,1117.0,1.5,4
A_LA,8,46110,200M,200.0,13531.0,898.77,1.87,1
A_LA,8,46112,200M,201.0,14458.0,889.0,1.9,2
A_LA,8,46116,200M,200.0,12735.0,951.65,1.76,4
A_LA,8,46112,200M,200.0,31683.0,752.0,2.23,3
A_LA,8,46110,200M,200.0,17588.0,1136.0,1.48,0
A_LA,8,46114,200M,201.0,18430.0,1131.0,1.49,3
A_LA,8,46110,200M,200.0,23563.0,467.0,3.6,4
A_LA,8,46116,200M,200.0,15058.0,1092.0,1.54,0
A_LA,8,46116,200M,201.0,15262.0,1318.0,1.28,1
A_LA,8,46114,200M,201.0,14895.0,1256.0,1.34,2
A_LA,8,46114,200M,201.0,16470.0,1288.0,1.31,0
A_LA,8,46112,200M,200.0,7254.0,1016.0,1.65,4
A_LA,8,46116,200M,201.0,21921.0,1418.0,1.19,3
A_LA,8,46116,200M,200.0,9753.0,1126.0,1.49,2
A_LA,8,46114,200M,200.0,12359.0,960.0,1.75,1
A_LA,8,46122,500M,501.0,32806.0,2595.0,1.62,2
A_LA,8,46120,500M,501.0,60433.0,3039.0,1.38,1
A_LA,8,46120,500M,500.0,24730.0,2516.14,1.67,0
A_LA,8,46122,500M,500.0,57904.0,2401.0,1.75,3
A_LA,8,46122,500M,501.0,74025.0,3493.0,1.2,1
A_LA,8,46120,500M,501.0,52754.0,2819.0,1.49,2
A_LA,8,46124,500M,501.0,64062.0,2811.7,1.49,4
A_LA,8,46120,500M,501.0,72411.0,3785.28,1.11,3
A_LA,8,46122,500M,500.0,19972.0,2355.16,1.78,0
A_LA,8,46122,500M,501.0,60485.0,3082.0,1.36,4
A_LA,8,46124,500M,501.0,64811.0,3730.0,1.13,0
A_LA,8,46124,500M,500.0,37393.0,3684.0,1.14,1
A_LA,8,46120,500M,500.0,58106.0,3595.0,1.17,4
A_LA,8,46124,500M,501.0,60069.0,2808.0,1.5,3
A_LA,8,46124,500M,501.0,69060.0,3004.0,1.4,2
A_LA,8,46114,500M,500.0,39596.0,3276.0,1.28,2
A_LA,8,46116,500M,501.0,55734.0,2449.0,1.72,1
A_LA,8,46116,500M,500.0,81758.0,3611.0,1.16,0
A_LA,8,46110,500M,500.0,68541.0,921.0,4.56,4
A_LA,8,46114,500M,500.0,66722.0,3684.94,1.14,3
A_LA,8,46114,500M,501.0,57541.0,3786.0,1.11,1
A_LA,8,46116,500M,500.0,38106.0,1704.71,2.46,2
A_LA,8,46116,500M,500.0,85280.0,4105.54,1.02,3
A_LA,8,46112,500M,500.0,65348.0,2800.0,1.5,4
A_LA,8,46114,500M,500.0,53950.0,3901.0,1.08,0
A_LA,8,46114,500M,500.0,45088.0,2376.43,1.77,4
A_LA,8,46110,500M,500.0,67767.0,1097.35,3.82,3
A_LA,8,46112,500M,500.0,56047.0,2513.0,1.67,0
A_LA,8,46112,500M,500.0,40902.0,3314.0,1.27,1
A_LA,8,46110,500M,500.0,75089.0,1825.12,2.3,2
A_LA,8,46110,500M,501.0,55681.0,3331.9,1.26,0
A_LA,8,46112,500M,500.0,50050.0,3062.93,1.37,3
A_LA,8,46116,500M,500.0,55781.0,3421.0,1.23,4
A_LA,8,46112,500M,500.0,37402.0,2660.0,1.58,2
A_LA,8,46110,500M,500.0,65498.0,3421.0,1.23,1
A_LA,8,46118,500M,501.0,76291.0,2646.0,1.59,4
A_LA,8,46118,500M,500.0,21006.0,2817.2,1.49,1
A_LA,8,46118,500M,501.0,48354.0,3300.99,1.27,0
A_LA,8,46118,500M,501.0,48757.0,2524.0,1.66,2
A_LA,8,46118,500M,500.0,54252.0,3099.0,1.35,3
B_LA,2,46112,10M,10.4,6.0,14.0,6.2,1
B_LA,2,46112,10M,10.8,297.0,16.78,5.41,0
B_LA,2,46112,10M,10.3,88.0,15.71,5.5,2
B_LA,2,46112,10M,11.1,148.0,15.0,6.22,3
B_LA,2,46112,10M,10.2,2.0,15.0,5.68,4
B_LA,2,46110,10M,10.4,0.0,13.0,6.73,2
B_LA,2,46110,10M,10.0,0.0,13.0,6.48,3
B_LA,2,46110,10M,10.0,0.0,11.83,7.12,1
B_LA,2,46110,10M,11.1,0.0,14.0,6.66,0
B_LA,2,46110,10M,11.1,0.0,12.0,7.78,4
B_LA,2,46110,50M,50.5,864.0,54.0,7.84,1
B_LA,2,46110,50M,50.4,344.0,83.0,5.1,0
B_LA,2,46110,50M,50.4,1363.0,64.0,6.61,2
B_LA,2,46110,50M,50.4,555.0,67.0,6.32,3
B_LA,2,46110,50M,50.6,1308.0,111.0,3.83,4
B_LA,2,46112,50M,51.0,542.0,81.0,5.28,2
B_LA,2,46112,50M,51.2,493.0,82.0,5.24,3
B_LA,2,46112,50M,50.7,358.0,58.0,7.33,1
B_LA,2,46112,50M,50.4,556.0,79.0,5.35,0
B_LA,2,46112,50M,50.2,1429.0,123.0,3.42,4
B_LA,2,46112,100M,101.0,2608.0,232.0,3.64,4
B_LA,2,46110,100M,100.0,2434.0,232.0,3.63,4
B_LA,2,46112,100M,100.0,1041.0,149.0,5.64,3
B_LA,2,46110,100M,100.0,2421.0,277.0,3.03,0
B_LA,2,46110,100M,101.0,1900.0,119.0,7.14,1
B_LA,2,46112,100M,101.0,2775.0,171.0,4.96,2
B_LA,2,46112,100M,100.0,6248.0,186.0,4.51,0
B_LA,2,46110,100M,101.0,524.0,160.0,5.3,3
B_LA,2,46110,100M,100.0,1278.0,144.0,5.83,2
B_LA,2,46112,100M,101.0,1619.0,119.0,7.11,1
B_LA,2,46112,200M,201.0,11993.0,254.74,6.61,4
B_LA,2,46110,200M,201.0,9315.0,537.0,3.14,4
B_LA,2,46112,200M,201.0,3704.0,203.0,8.29,2
B_LA,2,46110,200M,201.0,10537.0,278.0,6.06,1
B_LA,2,46110,200M,201.0,12984.0,297.0,5.67,0
B_LA,2,46112,200M,201.0,3400.0,211.08,7.97,3
B_LA,2,46112,200M,200.0,6028.0,362.71,4.63,1
B_LA,2,46110,200M,201.0,7973.0,209.0,8.07,2
B_LA,2,46110,200M,201.0,11391.0,250.0,6.74,3
B_LA,2,46112,200M,201.0,19516.0,957.0,1.76,0
B_LA,2,46112,500M,501.0,23147.0,596.0,7.05,3
B_LA,2,46110,500M,501.0,36886.0,674.5,6.23,0
B_LA,2,46110,500M,501.0,44943.0,574.36,7.31,1
B_LA,2,46112,500M,501.0,39338.0,1114.09,3.77,2
B_LA,2,46112,500M,500.0,44145.0,797.0,5.26,0
B_LA,2,46110,500M,501.0,29448.0,978.0,4.29,3
B_LA,2,46110,500M,501.0,24638.0,1329.0,3.16,2
B_LA,2,46112,500M,501.0,35034.0,800.0,5.25,1
B_LA,2,46112,500M,500.0,25985.0,751.0,5.59,4
B_LA,2,46110,500M,500.0,19038.0,1092.0,3.84,4
B_LA,4,46110,10M,10.5,0.0,14.0,6.27,4
B_LA,4,46110,10M,10.6,0.0,14.0,6.36,2
B_LA,4,46110,10M,10.4,160.0,18.0,4.83,3
B_LA,4,46110,10M,10.8,120.0,17.0,5.33,1
B_LA,4,46110,10M,10.7,0.0,14.0,6.39,0
B_LA,4,46116,10M,11.2,32.0,31.0,3.03,1
B_LA,4,46116,10M,10.5,57.0,29.0,3.03,0
B_LA,4,46116,10M,10.5,44.0,30.0,2.94,2
B_LA,4,46116,10M,10.4,116.0,31.09,2.81,3
B_LA,4,46116,10M,10.1,0.0,17.0,4.97,4
B_LA,4,46114,10M,10.6,32.0,31.01,2.87,2
B_LA,4,46114,10M,10.3,125.0,32.02,2.69,3
B_LA,4,46114,10M,10.0,55.0,28.0,3.0,1
B_LA,4,46114,10M,10.2,110.0,27.0,3.18,0
B_LA,4,46114,10M,11.1,2.0,27.0,3.44,4
B_LA,4,46112,10M,10.4,15.0,16.01,5.43,4
B_LA,4,46112,10M,10.4,87.0,25.0,3.48,1
B_LA,4,46112,10M,10.3,191.0,24.0,3.62,0
B_LA,4,46112,10M,10.3,105.0,21.0,4.1,2
B_LA,4,46112,10M,10.6,80.0,28.0,3.17,3
B_LA,4,46112,50M,50.5,1959.0,194.0,2.18,4
B_LA,4,46112,50M,50.6,679.0,118.0,3.6,2
B_LA,4,46112,50M,50.1,865.0,184.0,2.28,3
B_LA,4,46112,50M,50.6,642.0,141.0,3.01,1
B_LA,4,46112,50M,50.2,727.0,173.0,2.44,0
B_LA,4,46114,50M,50.2,578.0,167.0,2.52,1
B_LA,4,46114,50M,51.2,807.0,167.0,2.57,0
B_LA,4,46114,50M,50.1,638.0,134.0,3.14,2
B_LA,4,46114,50M,50.1,1577.0,246.0,1.71,3
B_LA,4,46114,50M,50.1,2648.0,193.0,2.18,4
B_LA,4,46116,50M,50.7,587.0,132.0,3.22,2
B_LA,4,46116,50M,50.3,1366.0,184.0,2.29,3
B_LA,4,46116,50M,50.1,546.0,169.0,2.49,1
B_LA,4,46116,50M,50.7,801.0,153.0,2.78,0
B_LA,4,46116,50M,50.1,1572.0,211.0,1.99,4
B_LA,4,46110,50M,50.9,1237.0,222.0,1.92,4
B_LA,4,46110,50M,50.1,646.0,137.0,3.07,1
B_LA,4,46110,50M,50.3,695.0,140.0,3.02,0
B_LA,4,46110,50M,51.2,770.0,52.0,8.26,2
B_LA,4,46110,50M,50.2,804.0,149.0,2.82,3
B_LA,4,46112,100M,101.0,3972.0,603.0,1.41,0
B_LA,4,46110,100M,101.0,2290.0,306.0,2.77,3
B_LA,4,46114,100M,101.0,2730.0,311.0,2.73,4
B_LA,4,46110,100M,100.0,2720.0,347.0,2.42,2
B_LA,4,46112,100M,100.0,9924.0,457.0,1.84,1
B_LA,4,46116,100M,100.0,1552.0,292.0,2.88,4
B_LA,4,46112,100M,100.0,2809.0,161.0,5.21,3
B_LA,4,46110,100M,100.0,12491.0,480.0,1.76,0
B_LA,4,46110,100M,101.0,18344.0,431.0,1.96,1
B_LA,4,46112,100M,100.0,1648.0,430.0,1.96,2
B_LA,4,46116,100M,100.0,7437.0,578.0,1.45,1
B_LA,4,46114,100M,100.0,1970.0,417.0,2.01,2
B_LA,4,46114,100M,101.0,950.0,282.02,3.0,3
B_LA,4,46110,100M,101.0,1914.0,212.0,3.98,4
B_LA,4,46116,100M,100.0,7603.0,241.0,3.48,0
B_LA,4,46116,100M,100.0,3456.0,308.0,2.73,2
B_LA,4,46114,100M,101.0,8698.0,510.0,1.66,1
B_LA,4,46114,100M,101.0,5158.0,459.0,1.84,0
B_LA,4,46112,100M,100.0,2537.0,282.0,2.99,4
B_LA,4,46116,100M,100.0,1142.0,326.0,2.58,3
B_LA,4,46112,200M,201.0,11285.0,765.0,2.2,1
B_LA,4,46110,200M,201.0,21188.0,544.0,3.1,2
B_LA,4,46110,200M,201.0,16891.0,521.9,3.22,3
B_LA,4,46114,200M,201.0,5990.0,597.0,2.82,4
B_LA,4,46112,200M,200.0,12639.0,1001.0,1.68,0
B_LA,4,46112,200M,200.0,23663.0,655.0,2.56,2
B_LA,4,46110,200M,201.0,12804.0,549.0,3.07,1
B_LA,4,46110,200M,201.0,3028.0,282.0,5.98,0
B_LA,4,46116,200M,201.0,4172.0,633.0,2.66,4
B_LA,4,46112,200M,201.0,12238.0,374.83,4.5,3
B_LA,4,46116,200M,201.0,10242.0,839.0,2.01,0
B_LA,4,46114,200M,200.0,19803.0,512.0,3.28,3
B_LA,4,46110,200M,200.0,4491.0,446.0,3.77,4
B_LA,4,46114,200M,200.0,22069.0,397.0,4.23,2
B_LA,4,46116,200M,200.0,13510.0,770.0,2.18,1
B_LA,4,46112,200M,201.0,2676.0,561.0,3.01,4
B_LA,4,46116,200M,200.0,31497.0,367.0,4.57,3
B_LA,4,46114,200M,201.0,17808.0,675.9,2.5,0
B_LA,4,46114,200M,201.0,29878.0,534.0,3.16,1
B_LA,4,46116,200M,201.0,33749.0,429.0,3.92,2
B_LA,4,46116,500M,500.0,85421.0,1255.03,3.34,1
B_LA,4,46114,500M,500.0,70126.0,1768.0,2.37,2
B_LA,4,46110,500M,500.0,84999.0,2315.73,1.81,4
B_LA,4,46114,500M,500.0,68958.0,1768.0,2.37,3
B_LA,4,46116,500M,501.0,70504.0,2559.0,1.64,0
B_LA,4,46116,500M,500.0,59884.0,1881.64,2.23,2
B_LA,4,46114,500M,500.0,35482.0,2157.0,1.94,1
B_LA,4,46114,500M,500.0,58740.0,1875.0,2.24,0
B_LA,4,46116,500M,500.0,56532.0,2033.07,2.06,3
B_LA,4,46112,500M,500.0,69092.0,2559.0,1.64,4
B_LA,4,46112,500M,500.0,60888.0,1818.0,2.31,0
B_LA,4,46114,500M,500.0,78515.0,1071.0,3.92,4
B_LA,4,46110,500M,501.0,45618.0,1247.59,3.37,3
B_LA,4,46110,500M,501.0,49982.0,1565.0,2.69,2
B_LA,4,46112,500M,500.0,67468.0,1465.0,2.86,1
B_LA,4,46112,500M,500.0,52748.0,1971.34,2.13,3
B_LA,4,46116,500M,500.0,56825.0,2807.0,1.5,4
B_LA,4,46110,500M,501.0,58748.0,2540.0,1.66,0
B_LA,4,46110,500M,501.0,56499.0,1713.0,2.45,1
B_LA,4,46112,500M,501.0,42438.0,811.82,5.17,2
B_LA,8,46122,10M,10.2,113.0,65.0,1.31,1
B_LA,8,46112,10M,10.0,213.0,51.0,1.65,3
B_LA,8,46112,10M,10.4,239.0,42.02,2.08,2
B_LA,8,46122,10M,10.5,85.0,65.0,1.36,0
B_LA,8,46122,10M,10.8,392.0,64.78,1.4,2
B_LA,8,46112,10M,10.1,141.0,35.0,2.43,0
B_LA,8,46112,10M,10.0,273.0,45.02,1.87,1
B_LA,8,46122,10M,10.2,226.0,48.0,1.78,3
B_LA,8,46112,10M,10.0,219.0,46.0,1.83,4
B_LA,8,46122,10M,10.2,153.0,63.54,1.35,4
B_LA,8,46124,10M,10.2,298.0,57.0,1.5,4
B_LA,8,46114,10M,10.4,265.0,52.0,1.68,4
B_LA,8,46124,10M,10.5,259.0,60.0,1.47,2
B_LA,8,46114,10M,10.3,216.0,53.0,1.64,0
B_LA,8,46114,10M,10.1,221.0,59.01,1.43,1
B_LA,8,46124,10M,10.1,199.0,45.0,1.88,3
B_LA,8,46124,10M,10.6,199.0,60.0,1.49,1
B_LA,8,46114,10M,10.2,98.0,53.0,1.61,3
B_LA,8,46114,10M,10.1,216.0,35.0,2.41,2
B_LA,8,46124,10M,10.3,107.0,57.55,1.5,0
B_LA,8,46118,10M,10.1,208.0,46.0,1.85,1
B_LA,8,46118,10M,10.9,156.0,65.86,1.39,0
B_LA,8,46116,10M,10.9,122.0,50.0,1.83,4
B_LA,8,46118,10M,10.0,342.0,62.0,1.36,2
B_LA,8,46118,10M,10.7,103.0,59.0,1.52,3
B_LA,8,46116,10M,10.4,98.0,59.0,1.48,3
B_LA,8,46116,10M,10.0,517.0,54.01,1.56,2
B_LA,8,46116,10M,10.2,136.0,60.0,1.43,0
B_LA,8,46118,10M,10.6,234.0,60.67,1.47,4
B_LA,8,46116,10M,10.2,198.0,66.0,1.3,1
B_LA,8,46110,10M,10.6,1.0,23.0,3.87,0
B_LA,8,46120,10M,10.3,449.0,58.0,1.49,2
B_LA,8,46120,10M,10.5,118.0,59.0,1.5,3
B_LA,8,46110,10M,10.5,285.0,21.01,4.18,1
B_LA,8,46110,10M,10.2,190.0,20.0,4.26,3
B_LA,8,46120,10M,10.3,217.0,60.0,1.45,1
B_LA,8,46120,10M,10.2,291.0,59.0,1.46,0
B_LA,8,46110,10M,11.2,426.0,25.0,3.77,2
B_LA,8,46120,10M,10.2,234.0,58.0,1.48,4
B_LA,8,46110,10M,10.1,195.0,21.0,4.03,4
B_LA,8,46120,50M,51.0,1039.0,402.0,1.06,1
B_LA,8,46110,50M,51.1,1615.0,258.01,1.66,3
B_LA,8,46110,50M,51.0,2118.0,160.0,2.68,2
B_LA,8,46120,50M,50.7,1170.0,282.0,1.51,0
B_LA,8,46120,50M,50.3,1486.0,438.0,0.94140625,2
B_LA,8,46110,50M,50.2,986.0,158.0,2.67,0
B_LA,8,46110,50M,50.3,2399.0,219.0,1.93,1
B_LA,8,46120,50M,50.5,3743.0,433.01,0.955078125,3
B_LA,8,46110,50M,51.1,694.0,131.15,3.27,4
B_LA,8,46120,50M,50.1,1562.0,330.0,1.27,4
B_LA,8,46118,50M,50.2,2167.0,434.0,0.9482421875,2
B_LA,8,46118,50M,50.3,3587.0,549.01,0.7509765625,3
B_LA,8,46118,50M,50.4,902.0,390.0,1.08,1
B_LA,8,46118,50M,50.3,1585.0,396.0,1.06,0
B_LA,8,46116,50M,50.5,1053.0,333.0,1.27,4
B_LA,8,46116,50M,50.0,1355.0,339.0,1.24,0
B_LA,8,46118,50M,50.0,1025.0,319.0,1.32,4
B_LA,8,46116,50M,51.0,1036.0,315.0,1.36,1
B_LA,8,46116,50M,50.5,2501.0,500.0,0.8271484375,3
B_LA,8,46116,50M,50.1,1254.0,340.0,1.24,2
B_LA,8,46114,50M,50.4,884.0,343.0,1.23,4
B_LA,8,46124,50M,50.1,1739.0,311.0,1.35,4
B_LA,8,46114,50M,50.9,1671.0,405.0,1.05,3
B_LA,8,46124,50M,50.1,1358.0,377.0,1.11,1
B_LA,8,46124,50M,50.1,1707.0,425.0,0.9658203125,0
B_LA,8,46114,50M,50.0,2642.0,422.01,0.970703125,2
B_LA,8,46114,50M,51.0,616.0,250.0,1.71,0
B_LA,8,46124,50M,50.1,7892.0,385.0,1.09,2
B_LA,8,46124,50M,50.2,2600.0,543.01,0.7568359375,3
B_LA,8,46114,50M,50.1,1177.0,386.0,1.09,1
B_LA,8,46112,50M,50.6,1148.0,248.0,1.71,0
B_LA,8,46122,50M,50.8,1600.0,442.0,0.94140625,2
B_LA,8,46122,50M,50.1,3567.0,555.0,0.740234375,3
B_LA,8,46112,50M,50.1,2258.0,185.01,2.27,1
B_LA,8,46112,50M,50.2,2330.0,359.0,1.17,3
B_LA,8,46122,50M,50.1,827.0,397.04,1.06,1
B_LA,8,46122,50M,50.0,844.0,268.0,1.57,0
B_LA,8,46112,50M,50.8,3074.0,417.0,1.02,2
B_LA,8,46122,50M,50.2,1098.0,307.0,1.37,4
B_LA,8,46112,50M,50.0,1495.0,292.0,1.44,4
B_LA,8,46114,100M,100.0,5246.0,750.0,1.12,2
B_LA,8,46116,100M,100.0,3509.0,991.0,0.828125,1
B_LA,8,46116,100M,101.0,1838.0,496.0,1.71,0
B_LA,8,46110,100M,100.0,3504.0,759.0,1.11,4
B_LA,8,46114,100M,101.0,16919.0,286.74,2.95,3
B_LA,8,46114,100M,100.0,11819.0,352.0,2.39,1
B_LA,8,46116,100M,100.0,3393.0,756.0,1.11,2
B_LA,8,46116,100M,100.0,4822.0,656.0,1.28,3
B_LA,8,46112,100M,100.0,5113.0,905.0,0.9052734375,4
B_LA,8,46114,100M,100.0,5238.0,397.0,2.12,0
B_LA,8,46114,100M,100.0,2695.0,880.0,0.931640625,4
B_LA,8,46110,100M,100.0,8348.0,588.0,1.43,3
B_LA,8,46112,100M,100.0,4577.0,615.0,1.37,0
B_LA,8,46112,100M,101.0,7402.0,1039.0,0.7958984375,1
B_LA,8,46110,100M,101.0,3368.0,757.0,1.11,2
B_LA,8,46110,100M,100.0,5593.0,317.0,2.65,0
B_LA,8,46112,100M,100.0,9451.0,382.0,2.2,3
B_LA,8,46116,100M,100.0,4370.0,809.0,1.04,4
B_LA,8,46112,100M,101.0,8722.0,362.0,2.34,2
B_LA,8,46110,100M,101.0,13858.0,821.0,1.03,1
B_LA,8,46118,100M,100.0,2752.0,863.0,0.951171875,4
B_LA,8,46118,100M,101.0,2982.0,1016.0,0.8134765625,1
B_LA,8,46118,100M,101.0,2717.0,536.0,1.58,0
B_LA,8,46118,100M,100.0,3383.0,624.0,1.35,2
B_LA,8,46118,100M,100.0,2901.0,612.98,1.37,3
B_LA,8,46122,100M,100.0,3852.0,531.0,1.59,2
B_LA,8,46120,100M,101.0,2635.0,826.0,1.02,1
B_LA,8,46120,100M,101.0,6274.0,624.0,1.35,0
B_LA,8,46122,100M,101.0,2828.0,598.0,1.42,3
B_LA,8,46122,100M,101.0,11210.0,941.01,0.876953125,1
B_LA,8,46120,100M,100.0,3141.0,736.0,1.14,2
B_LA,8,46124,100M,100.0,13300.0,559.0,1.5,4
B_LA,8,46120,100M,101.0,3089.0,669.0,1.26,3
B_LA,8,46122,100M,100.0,4500.0,613.01,1.37,0
B_LA,8,46122,100M,101.0,3654.0,918.0,0.8994140625,4
B_LA,8,46124,100M,101.0,7297.0,602.93,1.41,0
B_LA,8,46124,100M,101.0,2971.0,849.0,0.974609375,1
B_LA,8,46120,100M,100.0,2381.0,912.0,0.9013671875,4
B_LA,8,46124,100M,100.0,2050.0,662.0,1.27,3
B_LA,8,46124,100M,100.0,3435.0,754.0,1.12,2
B_LA,8,46122,200M,201.0,20154.0,1762.0,0.9326171875,3
B_LA,8,46120,200M,201.0,20642.0,1361.0,1.24,0
B_LA,8,46120,200M,200.0,12981.0,1297.0,1.29,1
B_LA,8,46122,200M,200.0,22983.0,1325.0,1.27,2
B_LA,8,46122,200M,200.0,4522.0,663.87,2.53,0
B_LA,8,46124,200M,201.0,24001.0,887.0,1.9,4
B_LA,8,46120,200M,201.0,18226.0,1355.0,1.24,3
B_LA,8,46120,200M,201.0,15278.0,617.0,2.73,2
B_LA,8,46122,200M,200.0,14970.0,993.0,1.69,1
B_LA,8,46124,200M,200.0,14134.0,885.0,1.9,1
B_LA,8,46124,200M,200.0,18810.0,1654.89,1.01,0
B_LA,8,46122,200M,200.0,23018.0,1313.0,1.28,4
B_LA,8,46124,200M,201.0,25485.0,1641.68,1.03,2
B_LA,8,46120,200M,200.0,39913.0,1151.0,1.46,4
B_LA,8,46124,200M,200.0,19895.0,1185.01,1.42,3
B_LA,8,46118,200M,200.0,16989.0,1193.0,1.41,4
B_LA,8,46118,200M,201.0,22940.0,1368.72,1.23,0
B_LA,8,46118,200M,200.0,16865.0,1312.0,1.28,1
B_LA,8,46118,200M,201.0,29788.0,1415.0,1.19,3
B_LA,8,46118,200M,201.0,27642.0,1720.0,0.95703125,2
B_LA,8,46110,200M,201.0,14440.0,1243.0,1.35,4
B_LA,8,46114,200M,200.0,22015.0,1607.02,1.05,3
B_LA,8,46116,200M,201.0,16838.0,1465.0,1.15,0
B_LA,8,46116,200M,200.0,9217.0,1479.0,1.14,1
B_LA,8,46114,200M,201.0,31353.0,1683.71,1.0,2
B_LA,8,46114,200M,200.0,23457.0,1347.0,1.25,0
B_LA,8,46116,200M,200.0,14475.0,953.0,1.76,3
B_LA,8,46112,200M,201.0,13929.0,1289.0,1.31,4
B_LA,8,46116,200M,201.0,42188.0,1830.0,0.8984375,2
B_LA,8,46114,200M,201.0,13223.0,1082.01,1.56,1
B_LA,8,46110,200M,201.0,25469.0,1920.0,0.8564453125,2
B_LA,8,46112,200M,200.0,17808.0,1082.0,1.55,1
B_LA,8,46112,200M,200.0,26771.0,1358.0,1.24,0
B_LA,8,46114,200M,201.0,29832.0,1272.0,1.32,4
B_LA,8,46110,200M,200.0,14266.0,840.0,2.0,3
B_LA,8,46110,200M,201.0,16501.0,1103.0,1.53,1
B_LA,8,46112,200M,200.0,26593.0,1537.01,1.09,2
B_LA,8,46112,200M,201.0,19496.0,1032.0,1.63,3
B_LA,8,46116,200M,201.0,19346.0,1014.0,1.66,4
B_LA,8,46110,200M,200.0,25140.0,1145.0,1.47,0
B_LA,8,46122,500M,501.0,23195.0,3832.0,1.1,4
B_LA,8,46124,500M,500.0,30982.0,2634.66,1.59,0
B_LA,8,46124,500M,500.0,29878.0,2189.0,1.92,1
B_LA,8,46124,500M,501.0,71866.0,2476.9,1.7,3
B_LA,8,46120,500M,501.0,38290.0,3332.0,1.26,4
B_LA,8,46124,500M,501.0,64867.0,2240.0,1.88,2
B_LA,8,46122,500M,501.0,42527.0,3915.0,1.07,2
B_LA,8,46120,500M,500.0,25717.0,2896.51,1.45,1
B_LA,8,46120,500M,500.0,77155.0,2993.0,1.4,0
B_LA,8,46122,500M,501.0,66450.0,2574.0,1.63,3
B_LA,8,46122,500M,501.0,48366.0,3421.0,1.23,1
B_LA,8,46120,500M,500.0,45704.0,2716.93,1.54,2
B_LA,8,46120,500M,500.0,61230.0,2067.0,2.03,3
B_LA,8,46124,500M,501.0,47068.0,3579.0,1.17,4
B_LA,8,46122,500M,500.0,33437.0,2741.0,1.53,0
B_LA,8,46110,500M,501.0,73729.0,1418.0,2.96,3
B_LA,8,46114,500M,501.0,38901.0,3089.0,1.36,4
B_LA,8,46112,500M,501.0,72367.0,1898.0,2.21,0
B_LA,8,46112,500M,501.0,61734.0,3379.0,1.24,1
B_LA,8,46110,500M,500.0,51492.0,2178.0,1.93,2
B_LA,8,46110,500M,500.0,48041.0,3453.56,1.21,0
B_LA,8,46116,500M,501.0,47672.0,2426.0,1.73,4
B_LA,8,46112,500M,500.0,63897.0,3075.0,1.36,3
B_LA,8,46112,500M,501.0,46422.0,3212.0,1.31,2
B_LA,8,46110,500M,501.0,76321.0,2956.49,1.42,1
B_LA,8,46114,500M,501.0,27082.0,2812.0,1.49,2
B_LA,8,46116,500M,501.0,44769.0,2956.01,1.42,1
B_LA,8,46116,500M,500.0,93589.0,2755.0,1.52,0
B_LA,8,46114,500M,500.0,53565.0,2083.0,2.01,3
B_LA,8,46110,500M,500.0,42537.0,3470.56,1.21,4
B_LA,8,46114,500M,500.0,39780.0,2265.0,1.85,1
B_LA,8,46116,500M,500.0,75829.0,2939.0,1.43,2
B_LA,8,46112,500M,500.0,37889.0,3277.0,1.28,4
B_LA,8,46116,500M,501.0,70572.0,3094.93,1.36,3
B_LA,8,46114,500M,501.0,67988.0,3719.01,1.13,0
B_LA,8,46118,500M,501.0,45057.0,2407.0,1.75,1
B_LA,8,46118,500M,500.0,85241.0,2912.0,1.44,0
B_LA,8,46118,500M,500.0,49645.0,3101.0,1.35,2
B_LA,8,46118,500M,501.0,60113.0,3224.0,1.3,3
B_LA,8,46118,500M,501.0,43094.0,3418.0,1.23,4
F,2,46110,10M,10.6,0.0,11.0,8.07,4
F,2,46110,10M,10.8,0.0,7.89,11.4,0
F,2,46110,10M,10.6,0.0,7.9,11.2,1
F,2,46110,10M,10.7,0.0,8.98,9.96,3
F,2,46110,10M,10.1,0.0,9.86,8.63,2
F,2,46112,10M,10.9,0.0,12.72,7.21,4
F,2,46112,10M,10.9,0.0,12.89,7.1,3
F,2,46112,10M,10.2,0.0,12.0,7.15,2
F,2,46112,10M,10.2,0.0,12.0,7.11,0
F,2,46112,10M,10.3,0.0,12.0,7.19,1
F,2,46112,50M,50.2,1796.0,70.0,6.01,4
F,2,46112,50M,50.9,1647.0,70.0,6.1,0
F,2,46112,50M,50.8,1505.0,72.0,5.92,1
F,2,46112,50M,50.7,1741.0,70.0,6.08,3
F,2,46112,50M,50.5,1734.0,70.89,5.98,2
F,2,46110,50M,50.4,1639.0,62.0,6.82,4
F,2,46110,50M,50.3,1765.0,53.0,7.95,3
F,2,46110,50M,50.3,1658.0,48.0,8.79,2
F,2,46110,50M,50.1,1585.0,47.0,8.94,0
F,2,46110,50M,50.4,1610.0,47.0,8.99,1
F,2,46110,100M,100.0,4690.0,140.0,6.01,1
F,2,46112,100M,100.0,6680.0,155.0,5.44,2
F,2,46112,100M,100.0,5507.0,160.0,5.27,3
F,2,46110,100M,100.0,4541.0,143.0,5.87,0
F,2,46110,100M,101.0,5062.0,125.0,6.78,2
F,2,46112,100M,101.0,4711.0,156.0,5.43,1
F,2,46112,100M,101.0,5152.0,159.0,5.34,0
F,2,46110,100M,100.0,5986.0,149.0,5.64,3
F,2,46112,100M,101.0,5467.0,159.0,5.34,4
F,2,46110,100M,101.0,5007.0,142.0,5.94,4
F,2,46110,200M,200.0,15575.0,339.0,4.96,0
F,2,46112,200M,200.0,13459.0,318.0,5.29,3
F,2,46112,200M,201.0,12226.0,336.01,5.02,2
F,2,46110,200M,201.0,13262.0,307.0,5.49,1
F,2,46110,200M,200.0,12764.0,331.0,5.08,3
F,2,46112,200M,201.0,15342.0,346.0,4.86,0
F,2,46112,200M,201.0,14331.0,334.53,5.04,1
F,2,46110,200M,200.0,13307.0,321.0,5.24,2
F,2,46112,200M,201.0,13873.0,334.0,5.05,4
F,2,46110,200M,200.0,13248.0,324.0,5.18,4
F,2,46112,500M,500.0,36285.0,862.0,4.87,4
F,2,46110,500M,500.0,36507.0,845.0,4.96,4
F,2,46110,500M,501.0,36729.0,862.0,4.87,1
F,2,46112,500M,500.0,37085.0,846.0,4.96,2
F,2,46112,500M,501.0,36692.0,859.0,4.89,3
F,2,46110,500M,500.0,26295.0,880.0,4.77,0
F,2,46110,500M,500.0,36402.0,862.0,4.87,2
F,2,46112,500M,500.0,35672.0,848.0,4.95,1
F,2,46112,500M,501.0,25704.0,682.0,6.16,0
F,2,46110,500M,500.0,36119.0,851.0,4.93,3
F,4,46114,10M,10.4,143.0,22.0,3.97,4
F,4,46114,10M,10.2,263.0,21.0,4.06,0
F,4,46114,10M,10.4,198.0,21.0,4.16,1
F,4,46114,10M,10.7,198.0,21.0,4.26,3
F,4,46114,10M,10.4,101.0,20.0,4.37,2
F,4,46112,10M,10.1,0.0,15.0,5.66,3
F,4,46112,10M,10.3,233.0,19.0,4.55,2
F,4,46112,10M,10.2,183.0,18.0,4.77,0
F,4,46112,10M,10.2,64.0,16.0,5.34,1
F,4,46112,10M,10.9,234.0,18.0,5.09,4
F,4,46110,10M,11.0,0.0,11.99,7.68,0
F,4,46110,10M,10.6,0.0,11.92,7.47,1
F,4,46110,10M,10.7,0.0,12.0,7.48,3
F,4,46110,10M,10.5,0.0,12.0,7.37,2
F,4,46110,10M,10.5,0.0,12.0,7.32,4
F,4,46116,10M,10.2,161.0,22.0,3.9,4
F,4,46116,10M,10.4,161.0,23.0,3.79,3
F,4,46116,10M,10.5,144.0,23.0,3.82,2
F,4,46116,10M,10.1,237.0,22.0,3.85,0
F,4,46116,10M,10.4,168.0,21.0,4.16,1
F,4,46116,50M,50.5,3033.0,145.0,2.92,4
F,4,46116,50M,51.2,4720.0,144.0,2.98,0
F,4,46116,50M,50.5,3155.0,156.0,2.72,1
F,4,46116,50M,50.4,4195.0,158.0,2.68,3
F,4,46116,50M,50.1,3241.0,154.0,2.73,2
F,4,46110,50M,50.7,3895.0,150.0,2.84,3
F,4,46110,50M,50.2,3331.0,122.0,3.45,2
F,4,46110,50M,51.0,3604.0,145.0,2.95,0
F,4,46110,50M,50.6,3087.0,130.0,3.27,1
F,4,46110,50M,50.1,3186.0,131.0,3.21,4
F,4,46112,50M,50.1,3878.0,156.0,2.7,0
F,4,46112,50M,51.1,3339.0,153.0,2.8,1
F,4,46112,50M,50.4,3982.0,153.0,2.77,3
F,4,46112,50M,50.4,3469.0,137.0,3.09,2
F,4,46112,50M,51.0,2875.0,152.0,2.81,4
F,4,46114,50M,50.6,4297.0,135.0,3.14,4
F,4,46114,50M,50.6,4272.0,152.0,2.79,3
F,4,46114,50M,50.1,4023.0,147.0,2.86,2
F,4,46114,50M,50.8,3803.0,158.0,2.7,0
F,4,46114,50M,51.0,2636.0,146.0,2.93,1
F,4,46114,100M,100.0,9662.0,334.0,2.51,3
F,4,46110,100M,100.0,10432.0,320.0,2.62,4
F,4,46116,100M,101.0,9875.0,323.0,2.63,0
F,4,46116,100M,101.0,11902.0,319.0,2.65,1
F,4,46114,100M,100.0,8945.0,318.0,2.64,2
F,4,46114,100M,101.0,10023.0,326.0,2.59,0
F,4,46112,100M,100.0,10186.0,334.0,2.51,4
F,4,46116,100M,101.0,8922.0,324.0,2.61,3
F,4,46116,100M,101.0,9380.0,330.0,2.57,2
F,4,46114,100M,100.0,10860.0,327.0,2.58,1
F,4,46110,100M,101.0,8645.0,264.0,3.2,2
F,4,46112,100M,101.0,10209.0,337.0,2.51,1
F,4,46112,100M,101.0,8770.0,331.0,2.55,0
F,4,46110,100M,101.0,9522.0,333.0,2.53,3
F,4,46114,100M,101.0,10668.0,323.0,2.62,4
F,4,46110,100M,101.0,10794.0,324.8,2.6,1
F,4,46112,100M,100.0,9461.0,318.0,2.64,2
F,4,46116,100M,100.0,10382.0,335.0,2.51,4
F,4,46112,100M,100.0,10944.0,302.0,2.78,3
F,4,46110,100M,100.0,3917.0,167.0,5.03,0
F,4,46114,200M,200.0,22930.0,685.0,2.45,2
F,4,46116,200M,201.0,22040.0,670.0,2.51,1
F,4,46116,200M,200.0,18993.0,668.0,2.52,0
F,4,46114,200M,200.0,21040.0,677.0,2.48,3
F,4,46110,200M,200.0,20533.0,636.0,2.64,4
F,4,46114,200M,200.0,21831.0,685.0,2.45,1
F,4,46116,200M,200.0,22630.0,683.0,2.46,2
F,4,46112,200M,200.0,21079.0,649.0,2.59,4
F,4,46116,200M,201.0,20869.0,679.0,2.48,3
F,4,46114,200M,201.0,17940.0,679.0,2.48,0
F,4,46110,200M,200.0,19664.0,643.0,2.61,3
F,4,46114,200M,201.0,20110.0,680.0,2.48,4
F,4,46112,200M,200.0,17712.0,619.0,2.71,0
F,4,46112,200M,200.0,21818.0,682.0,2.47,1
F,4,46110,200M,201.0,21509.0,666.0,2.53,2
F,4,46110,200M,200.0,19327.0,656.0,2.56,0
F,4,46116,200M,201.0,22534.0,664.0,2.53,4
F,4,46112,200M,200.0,21685.0,670.18,2.51,3
F,4,46112,200M,200.0,22081.0,682.0,2.46,2
F,4,46110,200M,201.0,22124.0,677.0,2.49,1
F,4,46110,500M,500.0,57892.0,1731.0,2.42,2
F,4,46112,500M,500.0,49188.0,1803.0,2.33,1
F,4,46112,500M,500.0,57138.0,1719.0,2.44,0
F,4,46114,500M,501.0,55931.0,1732.0,2.43,4
F,4,46110,500M,501.0,55182.0,1741.0,2.41,3
F,4,46110,500M,501.0,46983.0,1736.0,2.42,1
F,4,46112,500M,501.0,58028.0,1747.0,2.4,2
F,4,46112,500M,501.0,56517.0,1749.0,2.4,3
F,4,46116,500M,501.0,57390.0,1713.0,2.45,4
F,4,46110,500M,501.0,57837.0,1665.0,2.52,0
F,4,46110,500M,501.0,56213.0,1740.0,2.41,4
F,4,46114,500M,500.0,56114.0,1714.0,2.45,3
F,4,46116,500M,501.0,60357.0,1711.0,2.46,0
F,4,46116,500M,501.0,48698.0,1781.0,2.36,1
F,4,46114,500M,501.0,58943.0,1740.0,2.41,2
F,4,46114,500M,501.0,57664.0,1732.98,2.43,0
F,4,46116,500M,500.0,56602.0,1704.0,2.46,3
F,4,46112,500M,500.0,59806.0,1677.0,2.5,4
F,4,46116,500M,501.0,60933.0,1704.0,2.47,2
F,4,46114,500M,500.0,14756.0,716.0,5.86,1
F,8,46116,10M,10.2,517.0,42.0,2.03,1
F,8,46116,10M,10.9,561.0,44.0,2.08,0
F,8,46118,10M,10.5,618.0,44.0,2.01,4
F,8,46116,10M,10.8,212.0,36.0,2.53,2
F,8,46116,10M,10.7,355.0,40.0,2.24,3
F,8,46118,10M,10.2,546.0,41.0,2.08,3
F,8,46118,10M,10.3,663.0,43.0,2.01,2
F,8,46118,10M,10.0,578.0,49.0,1.72,0
F,8,46116,10M,10.7,290.0,36.0,2.5,4
F,8,46118,10M,10.0,339.0,48.0,1.75,1
F,8,46110,10M,10.2,0.0,13.0,6.59,4
F,8,46120,10M,10.0,649.0,45.0,1.86,4
F,8,46120,10M,10.3,493.0,46.0,1.87,0
F,8,46110,10M,10.4,0.0,13.0,6.71,2
F,8,46110,10M,11.1,0.0,14.0,6.64,3
F,8,46120,10M,10.1,402.0,44.0,1.92,1
F,8,46120,10M,10.1,185.0,45.0,1.89,3
F,8,46110,10M,10.7,0.0,13.0,6.88,1
F,8,46110,10M,10.4,0.0,13.0,6.69,0
F,8,46120,10M,10.2,715.0,45.0,1.9,2
F,8,46122,10M,10.0,719.0,42.0,2.0,4
F,8,46112,10M,10.2,448.0,24.0,3.56,4
F,8,46112,10M,10.1,375.0,26.0,3.26,1
F,8,46122,10M,10.1,452.0,46.0,1.85,3
F,8,46122,10M,11.0,527.0,43.0,2.14,2
F,8,46112,10M,10.1,273.0,28.0,3.03,0
F,8,46112,10M,10.2,472.0,22.0,3.88,2
F,8,46122,10M,10.0,568.0,46.0,1.82,0
F,8,46122,10M,11.0,256.0,49.88,1.84,1
F,8,46112,10M,10.3,384.0,25.0,3.46,3
F,8,46114,10M,10.1,348.0,31.0,2.73,2
F,8,46124,10M,10.2,611.0,47.0,1.81,0
F,8,46124,10M,10.6,606.0,44.0,2.02,1
F,8,46114,10M,10.0,339.0,31.0,2.71,3
F,8,46114,10M,10.2,324.0,32.0,2.66,1
F,8,46124,10M,11.0,288.0,48.0,1.92,3
F,8,46124,10M,10.0,588.0,46.0,1.83,2
F,8,46114,10M,10.2,309.0,34.0,2.5,0
F,8,46114,10M,10.2,343.0,29.0,2.96,4
F,8,46124,10M,10.9,557.0,47.0,1.94,4
F,8,46124,50M,50.4,5981.0,324.0,1.3,3
F,8,46114,50M,51.1,5489.0,316.0,1.36,1
F,8,46114,50M,50.3,4738.0,304.0,1.39,0
F,8,46124,50M,50.2,5474.0,325.0,1.29,2
F,8,46124,50M,50.5,5387.0,315.0,1.35,0
F,8,46114,50M,50.4,6037.0,297.0,1.42,2
F,8,46114,50M,50.0,5939.0,312.0,1.34,3
F,8,46124,50M,50.4,4950.0,280.0,1.51,1
F,8,46124,50M,50.3,5204.0,325.0,1.3,4
F,8,46114,50M,50.1,5048.0,328.0,1.28,4
F,8,46112,50M,51.1,5885.0,289.0,1.48,4
F,8,46122,50M,50.2,5975.0,304.0,1.39,4
F,8,46122,50M,50.5,4382.0,308.0,1.38,0
F,8,46112,50M,50.1,5347.0,326.0,1.29,2
F,8,46112,50M,50.1,5399.0,276.0,1.52,3
F,8,46122,50M,50.7,5383.0,317.18,1.34,1
F,8,46122,50M,50.1,6052.0,302.0,1.39,3
F,8,46112,50M,50.0,4773.0,283.0,1.48,1
F,8,46112,50M,50.1,5036.0,279.96,1.5,0
F,8,46122,50M,50.1,5516.0,309.0,1.36,2
F,8,46120,50M,50.1,6002.0,304.0,1.38,4
F,8,46110,50M,50.0,4993.0,255.0,1.65,4
F,8,46110,50M,50.0,4295.0,242.0,1.73,1
F,8,46120,50M,50.3,5762.0,320.0,1.32,3
F,8,46120,50M,50.1,5743.0,325.0,1.29,2
F,8,46110,50M,50.0,4452.0,246.0,1.71,0
F,8,46110,50M,50.4,5027.0,295.0,1.43,2
F,8,46120,50M,50.4,5952.0,261.0,1.62,0
F,8,46120,50M,50.6,4417.0,326.0,1.3,1
F,8,46110,50M,50.1,4478.0,256.0,1.64,3
F,8,46116,50M,50.6,5631.0,322.0,1.32,2
F,8,46116,50M,50.1,5474.0,319.0,1.32,3
F,8,46116,50M,50.3,4911.0,303.88,1.39,1
F,8,46116,50M,50.1,5222.0,270.0,1.56,0
F,8,46118,50M,50.1,6469.0,284.0,1.48,4
F,8,46118,50M,50.3,5023.0,298.0,1.42,0
F,8,46116,50M,50.3,6084.0,312.0,1.35,4
F,8,46118,50M,50.2,5084.0,319.0,1.32,1
F,8,46118,50M,50.6,5469.0,326.0,1.3,3
F,8,46118,50M,50.2,5380.0,329.0,1.28,2
F,8,46112,100M,100.0,11275.0,669.0,1.26,1
F,8,46110,100M,101.0,11870.0,572.0,1.48,2
F,8,46114,100M,100.0,8826.0,671.0,1.25,4
F,8,46110,100M,100.0,11208.0,590.0,1.42,3
F,8,46112,100M,100.0,11370.0,567.0,1.48,0
F,8,46112,100M,101.0,12079.0,608.0,1.4,2
F,8,46110,100M,100.0,10832.0,610.0,1.38,1
F,8,46110,100M,100.0,10387.0,658.0,1.28,0
F,8,46112,100M,101.0,13092.0,662.45,1.28,3
F,8,46116,100M,101.0,11920.0,611.0,1.38,4
F,8,46116,100M,100.0,11226.0,628.0,1.34,0
F,8,46110,100M,100.0,8632.0,654.0,1.29,4
F,8,46114,100M,100.0,12444.0,661.87,1.27,3
F,8,46114,100M,101.0,12537.0,683.0,1.24,2
F,8,46116,100M,100.0,14087.0,681.0,1.24,1
F,8,46116,100M,101.0,12061.0,678.88,1.25,3
F,8,46112,100M,101.0,9935.0,686.0,1.23,4
F,8,46114,100M,101.0,11637.0,639.0,1.32,0
F,8,46114,100M,101.0,12193.0,670.87,1.26,1
F,8,46116,100M,100.0,12653.0,671.0,1.25,2
F,8,46118,100M,101.0,10833.0,666.0,1.27,0
F,8,46118,100M,100.0,11266.0,654.0,1.28,1
F,8,46118,100M,100.0,12836.0,624.0,1.35,3
F,8,46118,100M,100.0,12700.0,680.0,1.24,2
F,8,46118,100M,101.0,9848.0,632.23,1.34,4
F,8,46124,100M,100.0,11883.0,677.0,1.24,1
F,8,46122,100M,101.0,9860.0,590.0,1.43,4
F,8,46124,100M,101.0,11795.0,647.0,1.3,0
F,8,46124,100M,100.0,13257.0,675.0,1.24,2
F,8,46120,100M,100.0,9513.0,675.0,1.25,4
F,8,46124,100M,100.0,12450.0,633.0,1.33,3
F,8,46120,100M,100.0,10865.0,667.0,1.26,0
F,8,46122,100M,100.0,12988.0,666.0,1.26,3
F,8,46122,100M,100.0,12943.0,669.0,1.25,2
F,8,46120,100M,100.0,11220.0,676.0,1.24,1
F,8,46124,100M,100.0,10895.0,613.0,1.37,4
F,8,46120,100M,101.0,12208.0,673.0,1.25,3
F,8,46122,100M,101.0,11479.0,672.0,1.26,0
F,8,46122,100M,101.0,10943.0,682.89,1.24,1
F,8,46120,100M,100.0,12874.0,648.0,1.3,2
F,8,46124,200M,201.0,20362.0,829.0,2.03,0
F,8,46122,200M,200.0,24434.0,1248.0,1.34,4
F,8,46124,200M,201.0,28806.0,1357.0,1.24,1
F,8,46120,200M,201.0,24845.0,1372.91,1.23,4
F,8,46124,200M,201.0,23759.0,1386.0,1.22,3
F,8,46124,200M,200.0,27392.0,1354.0,1.24,2
F,8,46120,200M,200.0,28428.0,1324.88,1.27,1
F,8,46122,200M,201.0,20208.0,1389.0,1.21,2
F,8,46122,200M,200.0,22789.0,1388.0,1.21,3
F,8,46120,200M,201.0,19149.0,1348.79,1.25,0
F,8,46120,200M,200.0,21736.0,1287.0,1.3,2
F,8,46122,200M,201.0,27276.0,1379.0,1.22,1
F,8,46122,200M,201.0,24545.0,1380.0,1.22,0
F,8,46124,200M,200.0,22118.0,1229.0,1.37,4
F,8,46120,200M,200.0,22475.0,1359.0,1.24,3
F,8,46118,200M,201.0,27127.0,1362.0,1.24,1
F,8,46118,200M,200.0,18956.0,1287.0,1.3,0
F,8,46118,200M,200.0,19594.0,1369.0,1.23,2
F,8,46118,200M,200.0,21512.0,1304.0,1.29,3
F,8,46118,200M,200.0,22600.0,1236.0,1.36,4
F,8,46112,200M,201.0,18302.0,1365.0,1.23,0
F,8,46114,200M,200.0,25564.0,1107.0,1.52,4
F,8,46110,200M,200.0,22246.0,1390.91,1.21,3
F,8,46110,200M,200.0,23852.0,1187.0,1.41,2
F,8,46112,200M,200.0,26298.0,1378.0,1.22,1
F,8,46112,200M,200.0,20736.0,1118.0,1.5,3
F,8,46116,200M,200.0,23299.0,1391.0,1.21,4
F,8,46110,200M,200.0,18356.0,1327.0,1.27,0
F,8,46110,200M,200.0,26549.0,1284.0,1.31,1
F,8,46112,200M,200.0,19979.0,1140.0,1.47,2
F,8,46116,200M,200.0,26478.0,1385.0,1.21,1
F,8,46114,200M,200.0,18952.0,1381.0,1.22,2
F,8,46110,200M,200.0,23675.0,1263.0,1.33,4
F,8,46114,200M,201.0,17620.0,1090.97,1.55,3
F,8,46116,200M,200.0,19735.0,1316.0,1.27,0
F,8,46116,200M,200.0,22676.0,1388.0,1.21,2
F,8,46114,200M,200.0,27027.0,1364.0,1.23,1
F,8,46114,200M,201.0,14203.0,1232.0,1.37,0
F,8,46116,200M,200.0,26168.0,1387.88,1.21,3
F,8,46112,200M,200.0,24870.0,1182.0,1.42,4
F,8,46120,500M,501.0,53664.0,3208.0,1.31,0
F,8,46122,500M,500.0,45671.0,2640.0,1.59,3
F,8,46122,500M,500.0,45075.0,3450.0,1.22,2
F,8,46120,500M,500.0,67904.0,2809.0,1.49,1
F,8,46120,500M,501.0,49013.0,3218.0,1.31,3
F,8,46124,500M,500.0,59798.0,3414.0,1.23,4
F,8,46122,500M,500.0,34146.0,3565.0,1.18,0
F,8,46122,500M,500.0,57463.0,2787.0,1.51,1
F,8,46120,500M,500.0,43440.0,3507.0,1.2,2
F,8,46124,500M,501.0,47268.0,3299.0,1.27,1
F,8,46122,500M,501.0,56738.0,3500.0,1.2,4
F,8,46124,500M,500.0,40128.0,3267.01,1.28,0
F,8,46124,500M,501.0,31244.0,2843.0,1.48,2
F,8,46124,500M,500.0,48231.0,3046.0,1.38,3
F,8,46120,500M,501.0,33454.0,1895.0,2.22,4
F,8,46116,500M,500.0,42411.0,4321.0,0.9482421875,0
F,8,46114,500M,500.0,35033.0,1864.0,2.25,3
F,8,46110,500M,501.0,56040.0,3511.0,1.2,4
F,8,46114,500M,501.0,44103.0,3530.0,1.19,2
F,8,46116,500M,501.0,34668.0,1791.0,2.35,1
F,8,46112,500M,500.0,38694.0,2297.0,1.83,4
F,8,46116,500M,500.0,48908.0,3184.0,1.32,3
F,8,46114,500M,500.0,34908.0,3581.0,1.17,0
F,8,46114,500M,501.0,52573.0,3260.6,1.29,1
F,8,46116,500M,500.0,33603.0,2583.0,1.62,2
F,8,46112,500M,501.0,35117.0,3101.0,1.36,1
F,8,46110,500M,500.0,34105.0,2735.0,1.53,2
F,8,46110,500M,501.0,43592.0,1954.0,2.15,3
F,8,46114,500M,501.0,39958.0,2110.0,1.99,4
F,8,46112,500M,500.0,45907.0,4090.0,1.03,0
F,8,46112,500M,501.0,36812.0,2077.0,2.02,2
F,8,46110,500M,500.0,26877.0,1321.0,3.18,1
F,8,46110,500M,500.0,44224.0,2723.0,1.54,0
F,8,46116,500M,500.0,56715.0,3491.0,1.2,4
F,8,46112,500M,500.0,33803.0,1510.0,2.78,3
F,8,46118,500M,501.0,60093.0,3497.0,1.2,4
F,8,46118,500M,501.0,44469.0,4295.0,0.9560546875,0
F,8,46118,500M,501.0,63402.0,2793.96,1.5,1
F,8,46118,500M,500.0,48357.0,2996.0,1.4,3
F,8,46118,500M,501.0,38982.0,1948.0,2.16,2
