Step;State;Reward
3; [0.2080078125, 9.7109375, 0.0, 0.2081298828125, 0.0, 0.0, 9.4609375, 9.4765625, 0.2080078125, 9.4765625, 9.4765625, 0.0, 0.0, 0.0, 0.0, 0.0];1006.7662
4; [0.391845703125, 9.09375, 0.00011444091796875, 0.390625, 0.00011444091796875, 0.00011444091796875, 9.453125, 9.4765625, 0.390625, 9.4765625, 9.4765625, 0.00011444091796875, 0.00011444091796875, 0.00011444091796875, 0.00011444091796875, 0.00011444091796875];994.67413
5; [0.345947265625, 12.03125, 0.0, 0.347900390625, 0.0, 0.0, 11.8359375, 11.859375, 0.347900390625, 11.859375, 11.859375, 0.0, 0.0, 0.0, 0.0, 0.0];1540.0099
6; [0.470703125, 12.3671875, 0.0001430511474609375, 0.47021484375, 0.0001430511474609375, 0.0001430511474609375, 11.765625, 11.7734375, 0.47021484375, 11.7734375, 11.7734375, 0.0001430511474609375, 0.0001430511474609375, 0.0001430511474609375, 0.0001430511474609375, 0.0001430511474609375];1530.0742
7; [0.29248046875, 9.453125, 0.0, 0.29248046875, 0.0, 0.0, 9.5546875, 9.5546875, 0.292236328125, 9.5546875, 9.5546875, 0.0, 0.0, 0.0, 0.0, 0.0];1016.12396
8; [0.256591796875, 12.0, 0.0, 0.257080078125, 0.0, 0.0, 11.75, 11.7734375, 0.25732421875, 11.7734375, 11.7734375, 0.0, 0.0, 0.0, 0.0, 0.0];1519.8528
9; [0.4287109375, 8.7265625, 0.0, 0.4287109375, 0.0, 0.0, 9.390625, 9.390625, 0.4287109375, 9.390625, 9.390625, 0.0, 0.0, 0.0, 0.0, 0.0];972.65094
10; [0.257568359375, 12.484375, 0.0, 0.257568359375, 0.0, 0.0, 11.765625, 11.7890625, 0.257568359375, 11.7890625, 11.7890625, 0.0, 0.0, 0.0, 0.0, 0.0];1535.632
11; [3.0078125, 9.421875, 0.0, 3.759765625, 0.0, 2.494140625, 8.625, 10.1953125, 3.0078125, 10.1953125, 7.7109375, 0.0, 0.0, 0.0, 0.0, 3.109375];1316.0424
12; [3.216796875, 9.9375, 0.0, 3.216796875, 0.0, 2.96875, 6.390625, 9.3359375, 3.216796875, 9.3359375, 6.36328125, 0.0, 0.0, 0.0, 0.0, 2.974609375];1119.8826
13; [5.5546875, 12.3671875, 0.0, 5.5546875, 0.0, 5.29296875, 6.5234375, 11.8203125, 5.5546875, 11.8203125, 6.5234375, 0.0, 0.0, 0.0, 0.0, 5.29296875];1874.0953
14; [4.515625, 9.6484375, 0.0, 4.515625, 0.0, 4.3046875, 5.1328125, 9.4296875, 4.515625, 9.4296875, 5.12109375, 0.0, 0.0, 0.0, 0.0, 4.3046875];1205.5112
15; [5.96484375, 12.4609375, 0.0, 5.83984375, 0.0, 5.45703125, 6.34375, 11.8828125, 5.73046875, 11.8828125, 6.4140625, 0.0, 0.0, 0.0, 0.0, 5.46484375];1911.7671
16; [4.76171875, 9.671875, 0.0, 4.76171875, 0.0, 4.55078125, 4.89453125, 9.4453125, 4.7578125, 9.4453125, 4.89453125, 0.0, 0.0, 0.0, 0.0, 4.546875];1222.5126
17; [5.6796875, 9.1640625, 0.00011444091796875, 5.671875, 0.00011444091796875, 5.3515625, 4.171875, 9.484375, 5.69140625, 9.484375, 4.16796875, 0.00011444091796875, 0.00011444091796875, 0.00011444091796875, 0.00011444091796875, 5.3515625];1275.6836
18; [9.8828125, 11.9375, 0.0, 9.875, 0.0, 9.3125, 2.4375, 11.7421875, 9.6484375, 11.7421875, 2.431640625, 0.0, 0.0, 0.0, 0.0, 9.3046875];2144.7761
19; [7.58203125, 9.8828125, 0.00011444091796875, 7.57421875, 0.00011444091796875, 7.2734375, 2.13671875, 9.421875, 7.5703125, 9.421875, 2.13671875, 0.00011444091796875, 0.00011444091796875, 0.00011444091796875, 0.00011444091796875, 7.27734375];1380.2616
20; [8.828125, 11.4140625, 0.0, 8.9609375, 0.0, 8.9609375, 2.732421875, 11.6796875, 9.203125, 11.6796875, 2.734375, 0.0, 0.0, 0.0, 0.0, 8.953125];2058.666
21; [9.71875, 12.3515625, 0.0001430511474609375, 9.5703125, 0.0001430511474609375, 8.9609375, 2.8125, 11.7890625, 9.3125, 11.7890625, 2.8125, 0.0001430511474609375, 0.0001430511474609375, 0.0001430511474609375, 0.0001430511474609375, 8.9609375];2146.9607
22; [7.2734375, 9.9375, 0.0, 7.27734375, 0.0, 6.96875, 2.443359375, 9.40625, 7.27734375, 9.40625, 2.439453125, 0.0, 0.0, 0.0, 0.0, 6.96875];1361.2286
23; [9.03125, 9.3203125, 0.00011444091796875, 9.0234375, 0.00011444091796875, 9.109375, 0.3720703125, 9.4296875, 9.265625, 9.4296875, 0.3720703125, 0.00011444091796875, 0.00011444091796875, 0.00011444091796875, 0.00011444091796875, 9.1015625];1466.164
24; [10.921875, 9.140625, 2.396484375, 11.234375, 0.0, 11.1484375, 0.0, 13.5703125, 13.921875, 11.1875, 2.37890625, 0.0, 0.0, 2.40625, 0.0, 11.140625];2765.9373
25; [9.1796875, 11.0859375, 8.390625, 9.2890625, 0.00011444091796875, 5.0234375, 4.2421875, 17.5, 13.875, 9.390625, 12.3515625, 0.00011444091796875, 0.00011444091796875, 8.2109375, 0.00011444091796875, 5.01953125];4044.469
26; [9.3046875, 8.15625, 10.5390625, 9.28125, 0.0, 4.48046875, 4.78515625, 18.546875, 14.359375, 9.2421875, 14.078125, 0.0, 0.0, 9.328125, 0.0, 4.4921875];4398.7236
27; [11.6796875, 11.28125, 10.3359375, 20.5625, 0.0001430511474609375, 6.72265625, 16.203125, 18.75, 7.671875, 18.375, 12.03125, 0.0001430511474609375, 11.4296875, 0.0001430511474609375, 0.0001430511474609375, 6.72265625];5768.0464
28; [11.5859375, 12.234375, 9.0625, 21.40625, 0.0, 8.921875, 14.25, 20.5, 9.8203125, 20.5, 11.5859375, 0.0, 11.4140625, 0.0, 0.0, 8.90625];6647.6816
29; [9.3125, 10.625, 1.7626953125, 11.2578125, 0.0, 8.7734375, 2.859375, 13.2578125, 8.921875, 13.2578125, 4.81640625, 0.0, 2.32421875, 0.0, 0.0, 8.78125];2597.3823
30; [11.6953125, 8.5546875, 10.4453125, 22.5, 0.0, 8.5, 14.046875, 21.375, 10.6796875, 21.375, 11.640625, 0.0, 11.4453125, 0.0, 0.0, 8.5];6958.394
31; [9.5, 1.9521484375, 7.48046875, 10.5546875, 0.0, 0.48291015625, 10.9375, 9.9765625, 1.080078125, 9.9765625, 9.4921875, 0.0, 9.40625, 0.0, 0.0, 0.48291015625];1663.4674
32; [10.5703125, 14.7578125, 10.015625, 18.578125, 0.0, 7.5703125, 13.9140625, 19.203125, 8.59375, 19.203125, 11.65625, 0.0, 10.0078125, 0.0, 0.0, 7.55078125];5899.3174
33; [4.1796875, 13.8125, 0.0, 2.966796875, 0.0, 2.17578125, 7.3515625, 11.59375, 2.890625, 11.59375, 9.390625, 0.0, 0.053131103515625, 0.0, 0.0, 2.189453125];1649.1749
34; [2.2734375, 11.171875, 0.0, 2.29296875, 0.0, 1.640625, 9.59375, 12.0625, 2.30859375, 12.0625, 10.4140625, 0.0, 0.0, 0.0, 0.0, 1.66015625];1651.8845
35; [8.0625, 9.953125, 0.0, 8.0625, 0.0, 7.84375, 1.5283203125, 11.6953125, 10.1015625, 11.6953125, 1.912109375, 0.0, 0.0, 0.0, 0.0, 7.84765625];1911.116
36; [7.4609375, 13.1953125, 0.0, 7.44921875, 0.0, 7.05859375, 4.734375, 11.8203125, 7.44921875, 11.8203125, 4.73828125, 0.0, 0.0, 0.0, 0.0, 7.0625];2028.4696
37; [5.234375, 9.09375, 0.0, 5.21875, 0.0, 4.9140625, 4.50390625, 9.4375, 5.20703125, 9.4375, 4.50390625, 0.0, 0.0, 0.0, 0.0, 4.921875];1235.2826
38; [6.03515625, 12.3984375, 0.0001430511474609375, 6.03515625, 0.0001430511474609375, 5.6171875, 6.23828125, 11.84375, 6.03515625, 11.84375, 6.234375, 0.0001430511474609375, 0.0001430511474609375, 0.0001430511474609375, 0.0001430511474609375, 5.609375];1916.5704
39; [5.390625, 8.96875, 0.0, 5.3984375, 0.0, 5.05078125, 4.3671875, 9.40625, 5.40625, 9.40625, 4.36328125, 0.0, 0.0, 0.0, 0.0, 5.05078125];1237.7352
40; [6.44140625, 11.9140625, 0.0001430511474609375, 6.43359375, 0.0001430511474609375, 6.1484375, 5.61328125, 11.78125, 6.421875, 11.78125, 5.62109375, 0.0001430511474609375, 0.0001430511474609375, 0.0001430511474609375, 0.0001430511474609375, 6.15234375];1915.9248
41; [2.67578125, 9.3671875, 0.0, 2.6640625, 0.0, 2.3125, 7.1484375, 9.4296875, 2.66015625, 9.4296875, 7.1484375, 0.0, 0.0, 0.0, 0.0, 2.3203125];1096.9644
42; [2.67578125, 9.3671875, 0.0, 2.6640625, 0.0, 2.3125, 7.1484375, 9.4296875, 2.66015625, 9.4296875, 7.1484375, 0.0, 0.0, 0.0, 0.0, 2.3203125];0.0
43; [3.583984375, 11.265625, 0.0001430511474609375, 3.599609375, 0.0001430511474609375, 3.125, 8.625, 11.7890625, 3.6015625, 11.7890625, 8.625, 0.0001430511474609375, 0.0001430511474609375, 0.0001430511474609375, 0.0001430511474609375, 3.115234375];1700.7115
44; [3.51953125, 12.078125, 0.0, 3.515625, 0.0, 3.24609375, 8.5625, 11.8125, 3.513671875, 11.8125, 8.5546875, 0.0, 0.0, 0.0, 0.0, 3.25390625];1721.2064
45; [3.013671875, 9.3203125, 0.00011444091796875, 3.01171875, 0.00011444091796875, 2.55078125, 6.9453125, 9.484375, 3.01171875, 9.484375, 6.9375, 0.00011444091796875, 0.00011444091796875, 0.00011444091796875, 0.00011444091796875, 2.55078125];1125.6417
46; [3.013671875, 9.3203125, 0.00011444091796875, 3.01171875, 0.00011444091796875, 2.55078125, 6.9453125, 9.484375, 3.01171875, 9.484375, 6.9375, 0.00011444091796875, 0.00011444091796875, 0.00011444091796875, 0.00011444091796875, 2.55078125];0.0
47; [3.490234375, 11.5234375, 0.0, 3.490234375, 0.0, 3.091796875, 8.71875, 11.8203125, 3.494140625, 11.8203125, 8.734375, 0.0, 0.0, 0.0, 0.0, 3.083984375];1708.861
48; [3.861328125, 12.0703125, 0.0001430511474609375, 3.861328125, 0.0001430511474609375, 3.583984375, 8.21875, 9.453125, 3.083984375, 9.453125, 8.21875, 0.0001430511474609375, 0.0001430511474609375, 0.0001430511474609375, 0.0001430511474609375, 3.591796875];1292.855
49; [3.12109375, 9.3671875, 0.0, 3.12109375, 0.0, 2.728515625, 6.7421875, 9.46875, 3.12109375, 9.46875, 6.7421875, 0.0, 0.0, 0.0, 0.0, 2.7265625];1128.4773
50; [3.544921875, 12.21875, 0.0001430511474609375, 3.556640625, 0.0001430511474609375, 3.103515625, 8.71875, 11.796875, 3.5703125, 11.796875, 8.71875, 0.0001430511474609375, 0.0001430511474609375, 0.0001430511474609375, 0.0001430511474609375, 3.08984375];1725.5894
51; [5.59375, 9.7578125, 0.0, 5.58203125, 0.0, 5.3359375, 4.09375, 9.4609375, 5.5703125, 9.4609375, 4.09765625, 0.0, 0.0, 0.0, 0.0, 5.35546875];1273.0842
52; [8.59375, 11.8828125, 0.0, 8.609375, 0.0, 8.125, 3.634765625, 11.7421875, 8.6328125, 11.7421875, 3.62890625, 0.0, 0.0, 0.0, 0.0, 8.1171875];2060.2883
53; [2.21875, 8.8515625, 0.0, 2.216796875, 0.0, 1.9150390625, 7.5390625, 9.453125, 2.216796875, 9.453125, 7.5390625, 0.0, 0.0, 0.0, 0.0, 1.9150390625];1064.7603
54; [2.22265625, 9.671875, 0.0, 2.2265625, 0.0, 1.884765625, 7.609375, 9.484375, 2.232421875, 7.2578125, 5.37890625, 0.0, 0.0, 0.0, 0.0, 1.8779296875];1002.7892
55; [11.6796875, 13.0390625, 10.8984375, 11.7109375, 0.0, 0.34375, 11.3671875, 22.78125, 12.0859375, 5.41796875, 16.046875, 0.0, 0.0, 11.09375, 0.0, 0.349365234375];5883.0977
56; [11.7265625, 9.40625, 10.6328125, 11.7734375, 0.0, 0.0, 11.703125, 22.578125, 11.828125, 5.46484375, 16.328125, 0.0, 0.0, 10.84375, 0.0, 0.0];5656.54
57; [11.734375, 11.1640625, 12.7578125, 11.734375, 0.0, 0.0, 11.6640625, 23.359375, 12.2421875, 5.62109375, 17.265625, 0.0, 0.0, 11.71875, 0.0, 0.0];6178.859
58; [9.3984375, 8.7265625, 13.28125, 9.3828125, 0.0, 0.0, 9.3671875, 18.75, 9.7578125, 7.26171875, 16.625, 0.0, 0.0, 9.3828125, 0.0, 0.0];4309.8325
59; [9.3984375, 8.7265625, 13.28125, 9.3828125, 0.0, 0.0, 9.3671875, 18.75, 9.7578125, 7.26171875, 16.625, 0.0, 0.0, 9.3828125, 0.0, 0.0];0.0
60; [11.734375, 15.046875, 11.4296875, 11.6953125, 0.0001430511474609375, 0.0001430511474609375, 11.71875, 23.421875, 12.609375, 11.71875, 23.421875, 0.0001430511474609375, 0.0001430511474609375, 11.6875, 0.0001430511474609375, 0.0001430511474609375];6906.5454
61; [9.2265625, 1.892578125, 8.546875, 8.78125, 0.0, 0.0, 4.203125, 12.328125, 8.2578125, 4.8359375, 12.328125, 0.0, 0.0, 7.49609375, 0.0, 0.0];1993.8839
62; [11.8515625, 0.0001430511474609375, 12.453125, 11.8984375, 0.0001430511474609375, 0.0001430511474609375, 0.0001430511474609375, 11.84375, 12.25, 0.0001430511474609375, 11.8359375, 0.0001430511474609375, 0.0001430511474609375, 11.8984375, 0.0001430511474609375, 0.0001430511474609375];2096.3586
63; [11.8515625, 0.0, 12.484375, 11.9296875, 0.0, 0.0, 0.0, 11.8984375, 12.4375, 0.0, 11.8984375, 0.0, 0.0, 11.890625, 0.0, 0.0];2114.2407
64; [9.5234375, 0.00011444091796875, 6.625, 9.5234375, 0.00011444091796875, 0.00011444091796875, 0.00011444091796875, 8.6328125, 8.953125, 0.00011444091796875, 8.84375, 0.00011444091796875, 0.00011444091796875, 8.546875, 0.00011444091796875, 0.00011444091796875];1125.0248
65; [9.53125, 4.6015625, 9.0, 9.53125, 0.0, 0.0, 4.6015625, 13.8046875, 9.609375, 0.0, 9.203125, 0.0, 0.0, 9.1875, 0.0, 0.0];2280.3481
66; [9.5390625, 7.859375, 9.3671875, 9.546875, 0.00011444091796875, 0.00011444091796875, 7.64453125, 17.03125, 9.8828125, 0.00011444091796875, 9.40625, 0.00011444091796875, 0.00011444091796875, 9.4375, 0.00011444091796875, 0.00011444091796875];3175.4204
67; [11.859375, 13.6484375, 12.9609375, 11.890625, 0.0, 0.0, 11.6328125, 23.484375, 12.359375, 0.0, 11.8515625, 0.0, 0.0, 11.890625, 0.0, 0.0];5875.6436
68; [0.385009765625, 13.0390625, 0.00011444091796875, 0.384521484375, 0.00011444091796875, 0.00011444091796875, 9.3828125, 9.375, 0.384521484375, 0.00011444091796875, 0.00011444091796875, 0.00011444091796875, 0.00011444091796875, 0.00011444091796875, 0.00011444091796875, 0.00011444091796875];718.2668
69; [0.385009765625, 13.0390625, 0.00011444091796875, 0.384521484375, 0.00011444091796875, 0.00011444091796875, 9.3828125, 9.375, 0.384521484375, 0.00011444091796875, 0.00011444091796875, 0.00011444091796875, 0.00011444091796875, 0.00011444091796875, 0.00011444091796875, 0.00011444091796875];0.0
70; [0.385009765625, 13.0390625, 0.00011444091796875, 0.384521484375, 0.00011444091796875, 0.00011444091796875, 9.3828125, 9.375, 0.384521484375, 0.00011444091796875, 0.00011444091796875, 0.00011444091796875, 0.00011444091796875, 0.00011444091796875, 0.00011444091796875, 0.00011444091796875];0.0
71; [0.385009765625, 13.0390625, 0.00011444091796875, 0.384521484375, 0.00011444091796875, 0.00011444091796875, 9.3828125, 9.375, 0.384521484375, 0.00011444091796875, 0.00011444091796875, 0.00011444091796875, 0.00011444091796875, 0.00011444091796875, 0.00011444091796875, 0.00011444091796875];0.0
72; [0.385009765625, 13.0390625, 0.00011444091796875, 0.384521484375, 0.00011444091796875, 0.00011444091796875, 9.3828125, 9.375, 0.384521484375, 0.00011444091796875, 0.00011444091796875, 0.00011444091796875, 0.00011444091796875, 0.00011444091796875, 0.00011444091796875, 0.00011444091796875];0.0
73; [0.385009765625, 13.0390625, 0.00011444091796875, 0.384521484375, 0.00011444091796875, 0.00011444091796875, 9.3828125, 9.375, 0.384521484375, 0.00011444091796875, 0.00011444091796875, 0.00011444091796875, 0.00011444091796875, 0.00011444091796875, 0.00011444091796875, 0.00011444091796875];0.0
74; [0.385009765625, 13.0390625, 0.00011444091796875, 0.384521484375, 0.00011444091796875, 0.00011444091796875, 9.3828125, 9.375, 0.384521484375, 0.00011444091796875, 0.00011444091796875, 0.00011444091796875, 0.00011444091796875, 0.00011444091796875, 0.00011444091796875, 0.00011444091796875];0.0
75; [0.381103515625, 10.6484375, 0.0023097991943359375, 0.38134765625, 0.0, 0.0, 9.375, 9.390625, 0.38134765625, 0.0, 0.002452850341796875, 0.0, 0.0, 0.0023097991943359375, 0.0, 0.0];674.6464
76; [0.381103515625, 10.6484375, 0.0023097991943359375, 0.38134765625, 0.0, 0.0, 9.375, 9.390625, 0.38134765625, 0.0, 0.002452850341796875, 0.0, 0.0, 0.0023097991943359375, 0.0, 0.0];0.0
77; [0.381103515625, 10.6484375, 0.0023097991943359375, 0.38134765625, 0.0, 0.0, 9.375, 9.390625, 0.38134765625, 0.0, 0.002452850341796875, 0.0, 0.0, 0.0023097991943359375, 0.0, 0.0];0.0
78; [0.381103515625, 10.6484375, 0.0023097991943359375, 0.38134765625, 0.0, 0.0, 9.375, 9.390625, 0.38134765625, 0.0, 0.002452850341796875, 0.0, 0.0, 0.0023097991943359375, 0.0, 0.0];0.0
79; [0.3896484375, 5.98046875, 0.00011444091796875, 0.3896484375, 0.00011444091796875, 0.00011444091796875, 9.0, 9.0, 0.3896484375, 0.00011444091796875, 0.00011444091796875, 0.00011444091796875, 0.00011444091796875, 0.00011444091796875, 0.00011444091796875, 0.00011444091796875];549.0362
80; [0.3896484375, 5.98046875, 0.00011444091796875, 0.3896484375, 0.00011444091796875, 0.00011444091796875, 9.0, 9.0, 0.3896484375, 0.00011444091796875, 0.00011444091796875, 0.00011444091796875, 0.00011444091796875, 0.00011444091796875, 0.00011444091796875, 0.00011444091796875];0.0
81; [0.3896484375, 5.98046875, 0.00011444091796875, 0.3896484375, 0.00011444091796875, 0.00011444091796875, 9.0, 9.0, 0.3896484375, 0.00011444091796875, 0.00011444091796875, 0.00011444091796875, 0.00011444091796875, 0.00011444091796875, 0.00011444091796875, 0.00011444091796875];0.0
82; [0.3896484375, 5.98046875, 0.00011444091796875, 0.3896484375, 0.00011444091796875, 0.00011444091796875, 9.0, 9.0, 0.3896484375, 0.00011444091796875, 0.00011444091796875, 0.00011444091796875, 0.00011444091796875, 0.00011444091796875, 0.00011444091796875, 0.00011444091796875];0.0
83; [0.3896484375, 5.98046875, 0.00011444091796875, 0.3896484375, 0.00011444091796875, 0.00011444091796875, 9.0, 9.0, 0.3896484375, 0.00011444091796875, 0.00011444091796875, 0.00011444091796875, 0.00011444091796875, 0.00011444091796875, 0.00011444091796875, 0.00011444091796875];0.0
84; [0.30419921875, 9.0390625, 0.0, 0.30419921875, 0.0, 0.0, 8.2578125, 8.2578125, 0.30419921875, 0.0, 0.0, 0.0, 0.0, 0.0, 0.0, 0.0];529.6935
85; [0.358642578125, 11.7890625, 0.00011444091796875, 0.3583984375, 0.00011444091796875, 0.00011444091796875, 9.4140625, 9.40625, 0.358154296875, 0.000240325927734375, 0.00011444091796875, 0.00011444091796875, 0.00011444091796875, 0.00011444091796875, 0.00011444091796875, 0.00011444091796875];698.4132
86; [0.358642578125, 11.7890625, 0.00011444091796875, 0.3583984375, 0.00011444091796875, 0.00011444091796875, 9.4140625, 9.40625, 0.358154296875, 0.000240325927734375, 0.00011444091796875, 0.00011444091796875, 0.00011444091796875, 0.00011444091796875, 0.00011444091796875, 0.00011444091796875];0.0
87; [0.358642578125, 11.7890625, 0.00011444091796875, 0.3583984375, 0.00011444091796875, 0.00011444091796875, 9.4140625, 9.40625, 0.358154296875, 0.000240325927734375, 0.00011444091796875, 0.00011444091796875, 0.00011444091796875, 0.00011444091796875, 0.00011444091796875, 0.00011444091796875];0.0
88; [0.358642578125, 11.7890625, 0.00011444091796875, 0.3583984375, 0.00011444091796875, 0.00011444091796875, 9.4140625, 9.40625, 0.358154296875, 0.000240325927734375, 0.00011444091796875, 0.00011444091796875, 0.00011444091796875, 0.00011444091796875, 0.00011444091796875, 0.00011444091796875];0.0
89; [0.6220703125, 9.4296875, 0.0, 0.6220703125, 0.0, 0.0, 11.8359375, 11.8359375, 0.6220703125, 0.0, 0.0, 0.0, 0.0, 0.0, 0.0, 0.0];937.1842
90; [0.6220703125, 9.4296875, 0.0, 0.6220703125, 0.0, 0.0, 11.8359375, 11.8359375, 0.6220703125, 0.0, 0.0, 0.0, 0.0, 0.0, 0.0, 0.0];0.0
91; [0.25048828125, 12.7421875, 0.0, 0.25048828125, 0.0, 0.0, 9.2890625, 9.28125, 0.25048828125, 0.0, 0.0, 0.0, 0.0, 0.0, 0.0, 0.0];702.28925
92; [5.1484375, 12.2578125, 0.0, 5.15234375, 0.0, 4.6875, 6.984375, 11.765625, 5.18359375, 4.7734375, 0.0, 0.0, 0.0, 0.0, 0.0, 4.77734375];1511.3187
93; [7.28515625, 12.828125, 0.0, 7.2890625, 0.0, 6.6953125, 5.1171875, 11.7578125, 7.265625, 5.3125, 0.0, 0.0, 0.0, 0.0, 0.0, 6.73046875];1734.5262
94; [7.28515625, 12.828125, 0.0, 7.2890625, 0.0, 6.6953125, 5.1171875, 11.7578125, 7.265625, 5.3125, 0.0, 0.0, 0.0, 0.0, 0.0, 6.73046875];0.0
95; [7.28515625, 12.828125, 0.0, 7.2890625, 0.0, 6.6953125, 5.1171875, 11.7578125, 7.265625, 5.3125, 0.0, 0.0, 0.0, 0.0, 0.0, 6.73046875];0.0
96; [8.8125, 10.21875, 0.0, 8.75, 0.0, 8.2734375, 1.072265625, 9.609375, 8.7578125, 8.5390625, 0.0, 0.0, 0.0, 0.0, 0.0, 8.453125];1460.0565
97; [9.3125, 9.5, 11.0703125, 9.3046875, 0.0, 8.3046875, 3.392578125, 18.84375, 9.265625, 8.4921875, 0.0, 0.0, 0.0, 7.00390625, 0.0, 8.4921875];3977.2375
98; [0.6865234375, 11.1171875, 9.828125, 0.6865234375, 0.0, 0.0, 9.5078125, 16.3125, 0.6865234375, 0.0, 0.0, 0.0, 0.0, 6.828125, 0.0, 0.0];1928.18
99; [0.7216796875, 8.03125, 9.7734375, 0.72216796875, 0.0, 0.0, 9.4453125, 23.78125, 0.90234375, 0.0, 0.0, 0.0, 0.0, 9.515625, 0.0, 0.0];3141.7524
100; [0.72998046875, 12.3828125, 12.8203125, 0.72998046875, 0.0001430511474609375, 0.0001430511474609375, 11.8671875, 19.015625, 0.583984375, 0.00011444091796875, 0.00011444091796875, 0.0001430511474609375, 0.0001430511474609375, 11.921875, 0.0001430511474609375, 0.0001430511474609375];2795.7698
101; [9.4296875, 11.796875, 10.0390625, 9.515625, 0.0, 0.0, 9.3125, 17.96875, 9.3125, 0.0, 8.6640625, 0.0, 0.0, 8.6796875, 0.0, 0.0];3531.0374
102; [9.5234375, 11.1015625, 9.2890625, 9.5234375, 0.00011444091796875, 0.00011444091796875, 9.3984375, 18.90625, 10.0390625, 0.00011444091796875, 9.5078125, 0.00011444091796875, 0.00011444091796875, 9.5, 0.00011444091796875, 0.00011444091796875];3791.2249
103; [10.484375, 0.03753662109375, 12.40625, 10.359375, 1.5478515625, 0.0, 1.025390625, 10.421875, 9.8828125, 0.0, 9.5234375, 0.0, 0.0, 10.765625, 0.0, 0.0];1666.2572
104; [8.25, 0.85009765625, 6.953125, 8.25, 1.2685546875, 0.00011444091796875, 0.85009765625, 10.375, 10.15625, 0.00011444091796875, 9.5234375, 0.00011444091796875, 0.00011444091796875, 10.7890625, 0.00011444091796875, 0.00011444091796875];1443.0809
105; [8.25, 0.85009765625, 6.953125, 8.25, 1.2685546875, 0.00011444091796875, 0.85009765625, 10.375, 10.15625, 0.00011444091796875, 9.5234375, 0.00011444091796875, 0.00011444091796875, 10.7890625, 0.00011444091796875, 0.00011444091796875];0.0
106; [5.015625, 9.984375, 1.1044921875, 5.01171875, 4.51953125, 0.0, 7.76171875, 16.609375, 12.1328125, 0.0, 11.09375, 0.0, 0.0, 8.6640625, 0.0, 0.0];2819.03
107; [1.099609375, 4.5625, 0.291015625, 1.1015625, 8.4296875, 0.0, 6.8203125, 15.7109375, 9.75, 0.0, 8.8515625, 0.0, 0.0, 8.703125, 0.0, 0.0];0.0
108; [9.703125, 10.6796875, 9.109375, 9.734375, 2.140625, 0.0001430511474609375, 8.40625, 19.15625, 11.7734375, 0.0001430511474609375, 10.765625, 0.0001430511474609375, 0.0001430511474609375, 10.7890625, 0.0001430511474609375, 0.0001430511474609375];4032.2046
109; [9.703125, 10.6796875, 9.109375, 9.734375, 2.140625, 0.0001430511474609375, 8.40625, 19.15625, 11.7734375, 0.0001430511474609375, 10.765625, 0.0001430511474609375, 0.0001430511474609375, 10.7890625, 0.0001430511474609375, 0.0001430511474609375];0.0
110; [9.703125, 10.6796875, 9.109375, 9.734375, 2.140625, 0.0001430511474609375, 8.40625, 19.15625, 11.7734375, 0.0001430511474609375, 10.765625, 0.0001430511474609375, 0.0001430511474609375, 10.7890625, 0.0001430511474609375, 0.0001430511474609375];0.0
111; [9.4609375, 9.3125, 10.953125, 9.5078125, 0.0, 0.0, 9.4609375, 18.84375, 10.1953125, 0.0, 9.4296875, 0.0, 0.0, 9.4453125, 0.0, 0.0];3772.7793
112; [9.5078125, 12.0546875, 9.3359375, 9.5234375, 0.00011444091796875, 0.00011444091796875, 9.4765625, 18.90625, 10.2109375, 0.00011444091796875, 9.421875, 0.00011444091796875, 0.00011444091796875, 9.4609375, 0.00011444091796875, 0.00011444091796875];3832.372
113; [9.40625, 11.296875, 9.484375, 9.421875, 0.0, 0.0, 9.484375, 22.203125, 11.2578125, 0.0, 10.3671875, 0.0, 0.0, 10.4140625, 0.0, 0.0];4742.8643
114; [8.5234375, 11.8203125, 8.1640625, 8.5390625, 0.0001430511474609375, 0.0001430511474609375, 11.6875, 19.84375, 8.953125, 0.0001430511474609375, 8.1484375, 0.0001430511474609375, 0.0001430511474609375, 8.1484375, 0.0001430511474609375, 0.0001430511474609375];3861.026
115; [9.484375, 5.11328125, 14.1640625, 9.515625, 0.0, 0.0, 7.66796875, 17.109375, 10.1015625, 0.0, 9.34375, 0.0, 0.0, 9.375, 0.0, 0.0];3262.3823
116; [9.484375, 5.11328125, 14.1640625, 9.515625, 0.0, 0.0, 7.66796875, 17.109375, 10.1015625, 0.0, 9.34375, 0.0, 0.0, 9.375, 0.0, 0.0];0.0
117; [11.703125, 11.390625, 11.28125, 11.703125, 0.0, 0.0, 11.4453125, 23.109375, 12.4609375, 0.0, 11.65625, 0.0, 0.0, 11.6953125, 0.0, 0.0];5544.8105
118; [9.515625, 10.96875, 9.484375, 9.5234375, 0.0, 0.0, 9.3046875, 18.828125, 9.9296875, 0.0, 9.515625, 0.0, 0.0, 9.53125, 0.0, 0.0];3769.6335
119; [11.875, 15.5, 11.7578125, 11.9140625, 0.0, 0.0, 11.65625, 23.5625, 12.4296875, 0.0, 11.9140625, 0.0, 0.0, 11.9140625, 0.0, 0.0];5939.1846
120; [11.8671875, 1.40625, 13.4921875, 11.8671875, 0.0, 0.0, 5.33984375, 17.1875, 12.4296875, 0.0, 11.859375, 0.0, 0.0, 11.8828125, 0.0, 0.0];3467.812
121; [9.5234375, 0.10858154296875, 9.21875, 9.5234375, 0.0, 0.0, 0.10858154296875, 9.625, 10.03125, 0.0, 9.5234375, 0.0, 0.0, 9.515625, 0.0, 0.0];1376.3025
122; [9.5, 10.625, 8.796875, 9.5078125, 0.0, 0.0, 9.34375, 18.171875, 9.90625, 0.0, 8.7890625, 0.0, 0.0, 8.7890625, 0.0, 0.0];3522.2666
123; [11.8203125, 5.203125, 18.1875, 11.8828125, 0.0, 0.0, 7.73828125, 19.375, 12.5703125, 0.0, 11.640625, 0.0, 0.0, 11.6875, 0.0, 0.0];4402.679
124; [11.8828125, 0.44189453125, 10.9765625, 11.90625, 0.0001430511474609375, 0.0001430511474609375, 0.44189453125, 12.3046875, 12.4375, 0.0001430511474609375, 11.859375, 0.0001430511474609375, 0.0001430511474609375, 11.90625, 0.0001430511474609375, 0.0001430511474609375];2159.7295
125; [11.921875, 4.2578125, 12.78125, 11.90625, 0.0, 0.0, 4.2109375, 16.125, 12.2890625, 0.0, 11.90625, 0.0, 0.0, 11.9453125, 0.0, 0.0];3251.4507
126; [9.484375, 10.3515625, 9.8671875, 9.515625, 0.00011444091796875, 0.00011444091796875, 9.03125, 18.515625, 9.8984375, 0.00011444091796875, 9.5, 0.00011444091796875, 0.00011444091796875, 9.4765625, 0.00011444091796875, 0.00011444091796875];3670.1106
127; [11.78125, 14.1171875, 12.015625, 11.875, 0.0, 0.0, 11.84375, 23.53125, 13.0, 0.0, 11.8203125, 0.0, 0.0, 11.8359375, 0.0, 0.0];5898.253
128; [9.515625, 6.05078125, 6.74609375, 9.3671875, 0.00011444091796875, 0.00011444091796875, 7.38671875, 15.9765625, 9.4296875, 0.00011444091796875, 8.4375, 0.00011444091796875, 0.00011444091796875, 8.3515625, 0.00011444091796875, 0.00011444091796875];2708.5007
129; [11.9140625, 4.09375, 12.21875, 11.90625, 0.0, 0.0, 4.09375, 15.890625, 12.71875, 0.0, 11.8046875, 0.0, 0.0, 11.828125, 0.0, 0.0];3177.5833
130; [9.4453125, 9.4296875, 12.0, 9.515625, 0.00011444091796875, 0.00011444091796875, 8.484375, 17.921875, 10.2578125, 0.00011444091796875, 9.4453125, 0.00011444091796875, 0.00011444091796875, 9.484375, 0.00011444091796875, 0.00011444091796875];3566.0122
131; [11.890625, 15.640625, 16.515625, 11.8984375, 0.0, 0.0, 11.8515625, 23.59375, 12.4609375, 0.0, 11.859375, 0.0, 0.0, 11.8671875, 0.0, 0.0];6186.3193
132; [9.453125, 7.390625, 6.53515625, 9.2890625, 0.00011444091796875, 0.00011444091796875, 8.96875, 17.296875, 9.28125, 0.004734039306640625, 8.21875, 0.00011444091796875, 0.00011444091796875, 8.15625, 0.00011444091796875, 0.00011444091796875];3045.9644
133; [9.3828125, 6.7265625, 9.140625, 9.4453125, 0.0, 0.0, 6.71484375, 15.78125, 9.8671875, 0.0, 9.0625, 0.0, 0.0, 9.078125, 0.0, 0.0];2799.1694
134; [9.5, 9.8359375, 12.40625, 9.4921875, 0.00011444091796875, 0.00011444091796875, 8.8203125, 18.234375, 10.1328125, 0.00011444091796875, 9.4609375, 0.00011444091796875, 0.00011444091796875, 9.421875, 0.00011444091796875, 0.00011444091796875];3677.6492
135; [11.875, 14.90625, 16.203125, 11.890625, 0.0, 0.0, 11.8046875, 23.59375, 12.5, 0.0, 11.8671875, 0.0, 0.0, 11.8515625, 0.0, 0.0];6136.4277
136; [9.3984375, 6.37890625, 5.78515625, 9.2890625, 0.00011444091796875, 0.00011444091796875, 7.984375, 16.203125, 9.109375, 0.00011444091796875, 8.1015625, 0.00011444091796875, 0.00011444091796875, 8.0625, 0.00011444091796875, 0.00011444091796875];2715.6038
137; [8.9296875, 13.25, 8.296875, 8.9296875, 0.0, 0.0, 9.3515625, 17.5625, 9.25, 0.0, 8.2421875, 0.0, 0.0, 8.2578125, 0.0, 0.0];3358.6687
138; [11.71875, 0.392822265625, 11.890625, 11.84375, 0.0, 0.0, 2.439453125, 14.1328125, 12.34375, 0.0, 11.6640625, 0.0, 0.0, 11.671875, 0.0, 0.0];2592.7744
139; [9.5, 9.6796875, 11.921875, 9.5, 0.0, 0.0, 8.859375, 18.25, 10.21875, 0.0, 9.4140625, 0.0, 0.0, 9.4140625, 0.0, 0.0];3658.6865
140; [11.828125, 13.9921875, 11.5859375, 9.484375, 0.0, 0.0, 9.4140625, 23.390625, 12.6953125, 0.0, 11.71875, 0.0, 0.0, 11.71875, 0.0, 0.0];5582.8027
141; [9.515625, 0.00923919677734375, 14.1796875, 9.5078125, 0.0, 0.0, 4.02734375, 13.625, 10.1953125, 0.0, 9.4921875, 0.0, 0.0, 9.5, 0.0, 0.0];2290.2297
142; [8.59375, 1.03515625, 5.15625, 8.4921875, 0.0, 0.0, 1.025390625, 8.1796875, 7.66015625, 0.0, 7.15234375, 0.0, 0.0, 7.109375, 0.0, 0.0];946.96735
143; [8.59375, 1.03515625, 5.15625, 8.4921875, 0.0, 0.0, 1.025390625, 8.1796875, 7.66015625, 0.0, 7.15234375, 0.0, 0.0, 7.109375, 0.0, 0.0];0.0
144; [9.53125, 2.443359375, 10.671875, 9.5234375, 0.0, 0.0, 2.353515625, 11.859375, 9.84375, 0.0, 9.5, 0.0, 0.0, 9.5, 0.0, 0.0];1866.7408
145; [11.8203125, 11.0078125, 8.03125, 11.8671875, 0.0, 0.0, 10.0703125, 21.75, 12.828125, 0.0, 11.7109375, 0.0, 0.0, 11.71875, 0.0, 0.0];4971.9653
146; [5.06640625, 10.359375, 9.453125, 4.9296875, 0.00011444091796875, 0.00011444091796875, 9.421875, 13.2734375, 4.265625, 0.00011444091796875, 3.8359375, 0.00011444091796875, 0.00011444091796875, 3.93359375, 0.00011444091796875, 0.00011444091796875];1806.0267
147; [11.8828125, 11.671875, 12.53125, 11.8984375, 0.0, 0.0, 11.59375, 23.484375, 12.890625, 0.0, 11.8984375, 0.0, 0.0, 11.859375, 0.0, 0.0];5787.4697
148; [9.328125, 11.2109375, 5.62109375, 9.296875, 0.00011444091796875, 0.00011444091796875, 9.2734375, 17.359375, 8.765625, 0.00011444091796875, 8.0859375, 0.00011444091796875, 0.00011444091796875, 7.98828125, 0.00011444091796875, 0.00011444091796875];3138.84
149; [9.5234375, 9.4140625, 10.3515625, 9.53125, 0.0, 0.0, 9.2890625, 18.71875, 10.2578125, 0.0, 9.4453125, 0.0, 0.0, 9.453125, 0.0, 0.0];3725.6296
150; [11.8125, 7.91015625, 16.4375, 11.859375, 0.0001430511474609375, 0.0001430511474609375, 10.15625, 21.953125, 12.6328125, 0.0003032684326171875, 11.765625, 0.0001430511474609375, 0.0001430511474609375, 11.84375, 0.0001430511474609375, 0.0001430511474609375];5262.8667
151; [9.4609375, 12.1953125, 11.4453125, 9.515625, 0.0, 0.0, 9.4609375, 18.828125, 10.015625, 0.0, 9.4609375, 0.0, 0.0, 9.46875, 0.0, 0.0];3891.732
152; [11.4296875, 10.1015625, 6.6640625, 11.28125, 0.0001430511474609375, 0.0001430511474609375, 11.8359375, 21.4375, 10.5703125, 0.0001430511474609375, 9.71875, 0.0001430511474609375, 0.0001430511474609375, 9.65625, 0.0001430511474609375, 0.0001430511474609375];4552.12
153; [9.3515625, 8.390625, 9.0546875, 9.484375, 0.0, 0.0, 9.4453125, 18.421875, 9.8203125, 0.0, 9.0625, 0.0, 0.0, 9.0625, 0.0, 0.0];3520.7021
154; [9.3515625, 8.390625, 9.0546875, 9.484375, 0.0, 0.0, 9.4453125, 18.421875, 9.8203125, 0.0, 9.0625, 0.0, 0.0, 9.0625, 0.0, 0.0];0.0
155; [9.515625, 0.7578125, 18.671875, 9.515625, 0.00011444091796875, 0.00011444091796875, 1.640625, 11.53125, 9.8515625, 0.127197265625, 9.609375, 0.00011444091796875, 0.00011444091796875, 9.5, 0.00011444091796875, 0.00011444091796875];1933.1582
156; [11.6953125, 6.5234375, 13.5625, 11.6953125, 0.0, 0.0, 6.54296875, 18.265625, 12.8125, 6.56640625, 18.265625, 0.0, 0.0, 11.7421875, 0.0, 0.0];4410.351
157; [11.6640625, 9.234375, 9.53125, 11.53125, 0.0001430511474609375, 0.0001430511474609375, 7.53515625, 17.046875, 10.46875, 5.3984375, 14.9609375, 0.0001430511474609375, 0.0001430511474609375, 9.5703125, 0.0001430511474609375, 0.0001430511474609375];3750.3787
158; [9.40625, 9.46875, 9.2734375, 9.484375, 0.0, 0.0, 9.2578125, 18.421875, 9.8515625, 1.3818359375, 10.546875, 0.0, 0.0, 9.171875, 0.0, 0.0];3657.7573
159; [11.7734375, 14.8203125, 13.109375, 11.828125, 0.0, 0.0, 11.6015625, 23.21875, 12.3125, 4.81640625, 16.5625, 0.0, 0.0, 11.78125, 0.0, 0.0];6259.2993
160; [11.7265625, 12.6796875, 14.078125, 11.734375, 0.0, 0.0, 11.640625, 23.40625, 12.875, 6.58984375, 18.28125, 0.0, 0.0, 11.7578125, 0.0, 0.0];6450.4624
161; [11.453125, 2.71484375, 7.6953125, 11.25, 0.0, 0.0, 5.63671875, 15.6015625, 10.8359375, 4.5234375, 14.3984375, 0.0, 0.0, 9.6796875, 0.0, 0.0];3020.1218
162; [11.453125, 2.71484375, 7.6953125, 11.25, 0.0, 0.0, 5.63671875, 15.6015625, 10.8359375, 4.5234375, 14.3984375, 0.0, 0.0, 9.6796875, 0.0, 0.0];0.0
163; [11.65625, 12.7265625, 11.1171875, 11.7421875, 0.0, 0.0, 11.6953125, 22.828125, 12.1796875, 3.978515625, 15.203125, 0.0, 0.0, 11.2421875, 0.0, 0.0];5816.8193
164; [11.65625, 12.7265625, 11.1171875, 11.7421875, 0.0, 0.0, 11.6953125, 22.828125, 12.1796875, 3.978515625, 15.203125, 0.0, 0.0, 11.2421875, 0.0, 0.0];0.0
165; [9.4375, 12.0859375, 10.28125, 9.4375, 0.0, 0.0, 9.3671875, 18.75, 9.875, 4.046875, 13.390625, 0.0, 0.0, 9.40625, 0.0, 0.0];4089.0244
166; [9.1796875, 4.86328125, 11.90625, 9.171875, 0.0, 0.0, 7.1796875, 16.4375, 9.921875, 2.50390625, 11.6640625, 0.0, 0.0, 9.1875, 0.0, 0.0];3124.1858
167; [9.1796875, 4.86328125, 11.90625, 9.171875, 0.0, 0.0, 7.1796875, 16.4375, 9.921875, 2.50390625, 11.6640625, 0.0, 0.0, 9.1875, 0.0, 0.0];0.0
168; [7.44921875, 0.73681640625, 8.1796875, 7.57421875, 0.0, 0.0, 0.73681640625, 8.1796875, 7.953125, 0.61474609375, 8.0625, 0.0, 0.0, 7.6015625, 0.0, 0.0];973.7821
169; [11.34375, 10.0703125, 10.71875, 11.484375, 0.0, 0.0, 10.90625, 22.734375, 12.390625, 9.390625, 20.859375, 0.0, 0.0, 11.640625, 0.0, 0.0];6116.4834
170; [9.4765625, 10.3828125, 8.4921875, 9.484375, 0.0, 0.0, 7.95703125, 21.71875, 13.109375, 0.002887725830078125, 11.796875, 0.0, 0.0, 9.4375, 0.0, 0.0];4576.886
171; [6.95703125, 13.6953125, 1.3017578125, 6.46484375, 0.0001430511474609375, 0.0001430511474609375, 11.8359375, 13.2421875, 4.4609375, 0.00011444091796875, 3.8046875, 0.0001430511474609375, 0.0001430511474609375, 4.2265625, 0.0001430511474609375, 0.0001430511474609375];1840.6029
172; [8.734375, 5.01953125, 9.890625, 8.796875, 0.0, 0.0, 5.828125, 15.546875, 9.4765625, 0.0, 8.5703125, 0.0, 0.0, 8.7421875, 0.0, 0.0];2615.4111
173; [8.734375, 5.01953125, 9.890625, 8.796875, 0.0, 0.0, 5.828125, 15.546875, 9.4765625, 0.0, 8.5703125, 0.0, 0.0, 8.7421875, 0.0, 0.0];0.0
174; [8.734375, 5.01953125, 9.890625, 8.796875, 0.0, 0.0, 5.828125, 15.546875, 9.4765625, 0.0, 8.5703125, 0.0, 0.0, 8.7421875, 0.0, 0.0];0.0
175; [11.75, 0.057891845703125, 11.6328125, 11.75, 0.0001430511474609375, 0.0001430511474609375, 0.057891845703125, 11.8046875, 12.046875, 0.0001430511474609375, 11.75, 0.0001430511474609375, 0.0001430511474609375, 11.7890625, 0.0001430511474609375, 0.0001430511474609375];2055.2026
176; [11.75, 4.51171875, 16.421875, 11.90625, 0.0, 0.0, 4.03515625, 15.8515625, 12.4375, 0.0, 11.84375, 0.0, 0.0, 11.828125, 0.0, 0.0];3300.5059
177; [11.78125, 11.3125, 13.375, 11.796875, 0.00011444091796875, 0.0001430511474609375, 9.265625, 23.328125, 12.90625, 0.0001430511474609375, 11.75, 0.0001430511474609375, 0.0001430511474609375, 11.7109375, 0.00011444091796875, 0.00011444091796875];5631.5664
178; [11.78125, 11.3125, 13.375, 11.796875, 0.00011444091796875, 0.0001430511474609375, 9.265625, 23.328125, 12.90625, 0.0001430511474609375, 11.75, 0.0001430511474609375, 0.0001430511474609375, 11.7109375, 0.00011444091796875, 0.00011444091796875];0.0
179; [9.4921875, 10.3359375, 11.3515625, 9.09375, 0.0, 0.0, 9.2890625, 18.15625, 9.296875, 0.0, 11.09375, 0.0, 0.0, 8.90625, 0.0, 0.0];3649.0862
180; [11.8671875, 11.2734375, 11.734375, 11.8984375, 0.0001430511474609375, 0.0001430511474609375, 11.78125, 18.890625, 9.90625, 0.00011444091796875, 9.4921875, 0.0001430511474609375, 0.0001430511474609375, 11.8828125, 0.0001430511474609375, 0.0001430511474609375];4241.2344
181; [11.8671875, 11.2734375, 11.734375, 11.8984375, 0.0001430511474609375, 0.0001430511474609375, 11.78125, 18.890625, 9.90625, 0.00011444091796875, 9.4921875, 0.0001430511474609375, 0.0001430511474609375, 11.8828125, 0.0001430511474609375, 0.0001430511474609375];0.0
182; [9.4453125, 9.5625, 9.8359375, 9.5234375, 0.0, 0.0, 9.484375, 18.890625, 9.90625, 0.0, 9.4921875, 0.0, 0.0, 9.5, 0.0, 0.0];3746.2053
183; [9.515625, 1.919921875, 16.640625, 9.515625, 0.00011444091796875, 0.00011444091796875, 5.22265625, 14.84375, 10.1953125, 0.00011444091796875, 9.4921875, 0.00011444091796875, 0.00011444091796875, 9.5078125, 0.00011444091796875, 0.00011444091796875];2682.2751
184; [8.1484375, 0.0, 11.1953125, 6.39453125, 3.130859375, 0.0, 0.0, 11.8828125, 12.6171875, 0.0, 11.8828125, 0.0, 0.0, 15.3359375, 0.0, 0.0];2010.5918
185; [9.4375, 0.00017833709716796875, 8.7265625, 9.453125, 0.00011444091796875, 0.00011444091796875, 0.00017833709716796875, 8.1875, 8.6484375, 0.00011444091796875, 8.1875, 0.00011444091796875, 0.00011444091796875, 6.375, 0.00011444091796875, 0.00011444091796875];1040.0802
186; [9.4765625, 0.0, 10.5703125, 9.5234375, 0.0, 0.0, 0.0, 9.5078125, 10.0703125, 0.0, 9.5078125, 0.0, 0.0, 9.5234375, 0.0, 0.0];1382.6819
187; [9.53125, 0.97021484375, 9.5234375, 9.53125, 0.00011444091796875, 0.00011444091796875, 0.9609375, 10.4921875, 9.8359375, 0.004734039306640625, 9.5390625, 0.00011444091796875, 0.00011444091796875, 9.53125, 0.00011444091796875, 0.00011444091796875];1520.4257
188; [9.4765625, 7.828125, 9.3046875, 9.4921875, 0.0, 0.0, 7.5390625, 17.03125, 10.078125, 0.0, 9.484375, 0.0, 0.0, 9.4921875, 0.0, 0.0];3174.1096
189; [11.9140625, 17.4375, 11.640625, 11.8671875, 0.0, 0.0, 11.765625, 22.4375, 11.71875, 0.0, 10.671875, 0.0, 0.0, 10.609375, 0.0, 0.0];5543.0796
190; [9.5, 8.8125, 10.5859375, 9.5234375, 0.0, 0.0, 5.84375, 15.3203125, 9.875, 0.0, 9.515625, 0.0, 0.0, 9.515625, 0.0, 0.0];2818.9475
191; [9.5, 8.8125, 10.5859375, 9.5234375, 0.0, 0.0, 5.84375, 15.3203125, 9.875, 0.0, 9.515625, 0.0, 0.0, 9.515625, 0.0, 0.0];0.0
192; [8.0625, 8.4609375, 8.6171875, 8.03125, 0.0, 0.0, 7.94921875, 15.984375, 8.609375, 0.0, 8.0078125, 0.0, 0.0, 8.03125, 0.0, 0.0];2725.433
193; [8.578125, 6.90234375, 11.734375, 8.6171875, 0.00011444091796875, 0.00011444091796875, 9.4453125, 17.90625, 9.25, 0.00011444091796875, 8.421875, 0.00011444091796875, 0.00011444091796875, 8.4375, 0.00011444091796875, 0.00011444091796875];3322.5535
194; [9.4453125, 4.7421875, 15.6796875, 9.515625, 0.0, 0.0, 6.55078125, 16.015625, 9.90625, 0.0, 9.46875, 0.0, 0.0, 9.5078125, 0.0, 0.0];3022.937
195; [11.9140625, 0.0001430511474609375, 10.0625, 11.90625, 0.0001430511474609375, 0.0001430511474609375, 0.0001430511474609375, 11.8515625, 12.59375, 0.0001430511474609375, 11.8515625, 0.0001430511474609375, 0.0001430511474609375, 11.78125, 0.0001430511474609375, 0.0001430511474609375];2049.7417
196; [9.5234375, 0.0, 8.8828125, 9.5234375, 0.0, 0.0, 0.0, 8.71875, 9.109375, 0.0, 8.71875, 0.0, 0.0, 8.7421875, 0.0, 0.0];1181.1699
197; [9.578125, 0.0, 14.0390625, 9.546875, 0.0, 0.0, 0.0, 9.546875, 9.890625, 0.0, 9.546875, 0.0, 0.0, 9.5546875, 0.0, 0.0];1455.0985
198; [11.90625, 0.0, 11.875, 11.90625, 0.0, 0.0, 0.0, 11.890625, 12.6328125, 0.0, 11.890625, 0.0, 0.0, 11.9140625, 0.0, 0.0];2105.2112
199; [9.4609375, 0.10400390625, 10.6171875, 9.3984375, 0.0, 0.0, 0.10400390625, 8.2578125, 8.5703125, 0.0, 8.15625, 0.0, 0.0, 8.171875, 0.0, 0.0];1108.6886
200; [9.4921875, 0.0, 6.98828125, 9.5234375, 0.0, 0.0, 0.0, 9.34375, 9.5546875, 0.0, 9.4765625, 0.0, 0.0, 9.3203125, 0.0, 0.0];1274.9325
201; [9.4921875, 0.0, 6.98828125, 9.5234375, 0.0, 0.0, 0.0, 9.34375, 9.5546875, 0.0, 9.4765625, 0.0, 0.0, 9.3203125, 0.0, 0.0];0.0
202; [5.0703125, 0.0, 7.1875, 4.99609375, 4.53515625, 0.0, 0.0, 9.4453125, 9.7890625, 0.0, 9.4453125, 0.0, 0.0, 11.8515625, 0.0, 0.0];1253.036
203; [8.2109375, 12.703125, 5.34375, 8.171875, 0.0, 0.0, 10.71875, 17.0, 6.94140625, 0.0, 6.3046875, 0.0, 0.0, 5.34375, 0.0, 0.0];2862.8352
204; [0.29150390625, 12.15625, 0.002887725830078125, 0.291259765625, 0.0, 0.0, 11.7734375, 11.78125, 0.291259765625, 0.0, 0.0030670166015625, 0.0, 0.0, 0.002887725830078125, 0.0, 0.0];994.4144
205; [2.912109375, 8.578125, 3.314453125, 2.931640625, 0.00011444091796875, 0.00011444091796875, 9.3984375, 12.1640625, 3.138671875, 0.00011444091796875, 2.771484375, 0.00011444091796875, 0.00011444091796875, 2.79296875, 0.00011444091796875, 0.00011444091796875];1252.7098
206; [11.8359375, 15.34375, 11.1328125, 11.90625, 0.0, 0.0, 11.6484375, 23.546875, 12.4140625, 0.0, 11.8984375, 0.0, 0.0, 11.8984375, 0.0, 0.0];5891.529
207; [9.46875, 5.5625, 14.265625, 9.4609375, 0.00011444091796875, 0.00011444091796875, 8.5, 17.84375, 9.90625, 0.00011444091796875, 9.3203125, 0.00011444091796875, 0.00011444091796875, 9.34375, 0.00011444091796875, 0.00011444091796875];3469.8901
208; [11.9140625, 0.0, 18.765625, 11.9140625, 0.0, 0.0, 0.0, 11.9140625, 12.1953125, 0.0, 11.9140625, 0.0, 0.0, 11.9140625, 0.0, 0.0];2263.8235
209; [9.53125, 0.00011444091796875, 9.453125, 9.5234375, 0.00011444091796875, 0.00011444091796875, 0.00011444091796875, 9.53125, 9.84375, 0.00011444091796875, 9.5234375, 0.00011444091796875, 0.00011444091796875, 9.53125, 0.00011444091796875, 0.00011444091796875];1361.3058
210; [9.484375, 0.0, 5.40625, 9.4140625, 0.0, 0.0, 0.0, 7.98828125, 8.46875, 0.0, 7.98828125, 0.0, 0.0, 7.92578125, 0.0, 0.0];977.37317
211; [9.46875, 0.00011444091796875, 9.40625, 9.53125, 0.00011444091796875, 0.00011444091796875, 0.00011444091796875, 9.3984375, 9.9453125, 0.00011444091796875, 9.3984375, 0.00011444091796875, 0.00011444091796875, 9.3984375, 0.00011444091796875, 0.00011444091796875];1335.8871
212; [9.484375, 0.0, 10.2421875, 9.5234375, 0.0, 0.0, 0.0, 9.4765625, 9.9453125, 0.0, 9.4765625, 0.0, 0.0, 9.5078125, 0.0, 0.0];1367.1958
213; [9.484375, 0.0, 10.2421875, 9.5234375, 0.0, 0.0, 0.0, 9.4765625, 9.9453125, 0.0, 9.4765625, 0.0, 0.0, 9.5078125, 0.0, 0.0];0.0
214; [9.484375, 0.0, 10.2421875, 9.5234375, 0.0, 0.0, 0.0, 9.4765625, 9.9453125, 0.0, 9.4765625, 0.0, 0.0, 9.5078125, 0.0, 0.0];0.0
215; [9.4921875, 0.00011444091796875, 12.375, 9.5234375, 0.00011444091796875, 0.00011444091796875, 0.00011444091796875, 9.5, 9.875, 0.00011444091796875, 9.5, 0.00011444091796875, 0.00011444091796875, 9.53125, 0.00011444091796875, 0.00011444091796875];1411.9703
216; [9.5234375, 6.88671875, 11.28125, 9.515625, 0.0, 0.0, 4.62890625, 14.1484375, 10.2578125, 0.0, 9.5234375, 0.0, 0.0, 9.515625, 0.0, 0.0];2513.0803
217; [9.421875, 9.0625, 9.2734375, 9.421875, 0.00011444091796875, 0.00011444091796875, 9.203125, 18.609375, 9.8046875, 0.00011444091796875, 9.3984375, 0.00011444091796875, 0.00011444091796875, 9.421875, 0.00011444091796875, 0.00011444091796875];3613.1997
218; [9.4765625, 9.0234375, 9.609375, 9.5234375, 0.0, 0.0, 9.328125, 18.84375, 9.9296875, 0.0, 9.5234375, 0.0, 0.0, 9.5234375, 0.0, 0.0];3704.7024
219; [9.53125, 7.2421875, 13.609375, 9.53125, 0.0, 0.0, 9.3203125, 18.859375, 9.9453125, 0.0, 9.53125, 0.0, 0.0, 9.53125, 0.0, 0.0];3793.5452
220; [11.9140625, 15.9609375, 13.8203125, 11.90625, 0.0, 0.0, 10.984375, 22.875, 13.3046875, 0.0, 11.8984375, 0.0, 0.0, 11.8984375, 0.0, 0.0];5858.3867
221; [9.5234375, 5.96484375, 6.4453125, 9.421875, 0.0, 0.0, 8.9765625, 17.375, 9.2734375, 0.0, 8.3984375, 0.0, 0.0, 8.34375, 0.0, 0.0];3030.5352
222; [9.5234375, 5.96484375, 6.4453125, 9.421875, 0.0, 0.0, 8.9765625, 17.375, 9.2734375, 0.0, 8.3984375, 0.0, 0.0, 8.34375, 0.0, 0.0];0.0
223; [9.4765625, 4.66796875, 10.7265625, 9.515625, 0.0, 0.0, 4.640625, 14.1015625, 10.09375, 0.0, 9.4609375, 0.0, 0.0, 9.5078125, 0.0, 0.0];2417.512
224; [9.4765625, 4.66796875, 10.7265625, 9.515625, 0.0, 0.0, 4.640625, 14.1015625, 10.09375, 0.0, 9.4609375, 0.0, 0.0, 9.5078125, 0.0, 0.0];0.0
225; [11.8984375, 13.625, 15.296875, 11.8984375, 0.0, 0.0, 11.7421875, 23.640625, 12.765625, 0.0, 11.90625, 0.0, 0.0, 11.90625, 0.0, 0.0];6059.967
226; [11.859375, 15.4609375, 7.0703125, 11.7734375, 0.0, 0.0, 11.8515625, 21.953125, 11.1875, 0.0, 10.140625, 0.0, 0.0, 10.0703125, 0.0, 0.0];5041.3438
227; [11.859375, 15.4609375, 7.0703125, 11.7734375, 0.0, 0.0, 11.8515625, 21.953125, 11.1875, 0.0, 10.140625, 0.0, 0.0, 10.0703125, 0.0, 0.0];0.0
228; [11.859375, 15.4609375, 7.0703125, 11.7734375, 0.0, 0.0, 11.8515625, 21.953125, 11.1875, 0.0, 10.140625, 0.0, 0.0, 10.0703125, 0.0, 0.0];0.0
229; [9.421875, 5.68359375, 8.9765625, 9.515625, 0.0, 0.0, 6.77734375, 15.765625, 9.8359375, 0.0, 8.953125, 0.0, 0.0, 8.96875, 0.0, 0.0];2755.9531
230; [9.5, 0.31201171875, 10.7578125, 9.5, 0.00011444091796875, 0.00011444091796875, 0.31201171875, 9.78125, 9.8515625, 0.00011444091796875, 9.46875, 0.00011444091796875, 0.00011444091796875, 9.5078125, 0.00011444091796875, 0.00011444091796875];1425.5674
231; [9.2421875, 11.0234375, 6.83984375, 9.125, 0.26953125, 0.0, 8.515625, 17.875, 10.2734375, 0.0, 9.375, 0.0, 0.0, 9.6875, 0.0, 0.0];3413.3318
232; [5.6484375, 11.5078125, 4.96484375, 5.65234375, 1.0068359375, 0.00011444091796875, 9.28125, 15.046875, 6.58984375, 0.00011444091796875, 5.7890625, 0.00011444091796875, 0.00011444091796875, 5.7265625, 0.00011444091796875, 0.00011444091796875];2233.935
233; [5.6484375, 11.5078125, 4.96484375, 5.65234375, 1.0068359375, 0.00011444091796875, 9.28125, 15.046875, 6.58984375, 0.00011444091796875, 5.7890625, 0.00011444091796875, 0.00011444091796875, 5.7265625, 0.00011444091796875, 0.00011444091796875];0.0
234; [5.6484375, 11.5078125, 4.96484375, 5.65234375, 1.0068359375, 0.00011444091796875, 9.28125, 15.046875, 6.58984375, 0.00011444091796875, 5.7890625, 0.00011444091796875, 0.00011444091796875, 5.7265625, 0.00011444091796875, 0.00011444091796875];0.0
235; [11.4765625, 11.53125, 11.234375, 11.484375, 0.324951171875, 0.0, 11.4609375, 23.265625, 12.25, 0.0, 11.78125, 0.0, 0.0, 12.1015625, 0.0, 0.0];5586.377
236; [9.375, 9.3671875, 9.25, 9.375, 0.142333984375, 0.00011444091796875, 9.3671875, 18.859375, 9.8984375, 0.00011444091796875, 9.4921875, 0.00011444091796875, 0.00011444091796875, 9.6328125, 0.00011444091796875, 0.00011444091796875];3701.2979
237; [9.375, 0.0, 16.75, 9.3828125, 0.07183837890625, 0.0, 2.884765625, 12.390625, 9.875, 0.0, 9.4453125, 0.0, 0.0, 9.53125, 0.0, 0.0];2072.599
238; [9.296875, 0.00011444091796875, 13.0625, 9.4375, 0.0469970703125, 0.00011444091796875, 0.00011444091796875, 9.484375, 10.0703125, 0.00011444091796875, 9.484375, 0.00011444091796875, 0.00011444091796875, 9.515625, 0.00011444091796875, 0.00011444091796875];1419.6527
239; [9.765625, 8.0108642578125e-05, 3.751953125, 9.53125, 0.439697265625, 0.0, 8.0108642578125e-05, 8.4375, 8.9296875, 8.0108642578125e-05, 8.4375, 0.0, 0.0, 7.171875, 0.0, 0.0];1020.71075
240; [9.765625, 8.0108642578125e-05, 3.751953125, 9.53125, 0.439697265625, 0.0, 8.0108642578125e-05, 8.4375, 8.9296875, 8.0108642578125e-05, 8.4375, 0.0, 0.0, 7.171875, 0.0, 0.0];0.0
241; [9.453125, 0.0024242401123046875, 9.765625, 9.4296875, 0.078125, 0.00011444091796875, 0.0024242401123046875, 9.5, 9.796875, 0.00011444091796875, 9.5, 0.00011444091796875, 0.00011444091796875, 9.5703125, 0.00011444091796875, 0.00011444091796875];1358.5729
242; [9.4140625, 0.0, 11.5703125, 9.4765625, 0.051788330078125, 0.0, 0.0, 9.5234375, 9.8125, 0.0, 9.5234375, 0.0, 0.0, 9.578125, 0.0, 0.0];1398.1085
243; [11.8671875, 13.671875, 11.4765625, 11.8671875, 0.0001430511474609375, 0.0001430511474609375, 11.578125, 23.4375, 12.8671875, 0.0001430511474609375, 11.875, 0.0001430511474609375, 0.0001430511474609375, 11.8359375, 0.0001430511474609375, 0.0001430511474609375];5812.6187
244; [10.1484375, 13.1328125, 5.90234375, 10.0859375, 0.0, 0.0, 11.6328125, 20.15625, 9.3828125, 0.0, 8.53125, 0.0, 0.0, 8.3671875, 0.0, 0.0];4066.6157
245; [8.6015625, 9.2578125, 8.9140625, 8.890625, 0.00011444091796875, 0.00011444091796875, 9.078125, 17.453125, 8.7734375, 0.00011444091796875, 8.390625, 0.00011444091796875, 0.00011444091796875, 8.765625, 0.00011444091796875, 0.00011444091796875];3199.2341
246; [9.3125, 2.734375, 15.609375, 9.203125, 0.0, 0.0, 5.49609375, 14.828125, 9.671875, 0.0, 9.3125, 0.0, 0.0, 9.390625, 0.0, 0.0];2640.8381
247; [11.75, 2.166015625, 10.65625, 12.0078125, 0.0, 0.0, 2.166015625, 14.0390625, 12.703125, 0.0, 11.875, 0.0, 0.0, 11.8046875, 0.0, 0.0];2601.9304
248; [9.234375, 13.15625, 5.89453125, 8.7890625, 0.0, 0.0, 9.46875, 16.78125, 8.125, 0.0, 7.37890625, 0.0, 0.0, 7.01953125, 0.0, 0.0];2999.933
249; [11.71875, 10.421875, 11.3203125, 11.8359375, 0.0, 0.0, 11.671875, 22.8125, 12.4453125, 0.0, 11.109375, 0.0, 0.0, 11.1328125, 0.0, 0.0];5383.44
250; [11.71875, 10.421875, 11.3203125, 11.8359375, 0.0, 0.0, 11.671875, 22.8125, 12.4453125, 0.0, 11.109375, 0.0, 0.0, 11.1328125, 0.0, 0.0];0.0
251; [11.71875, 10.421875, 11.3203125, 11.8359375, 0.0, 0.0, 11.671875, 22.8125, 12.4453125, 0.0, 11.109375, 0.0, 0.0, 11.1328125, 0.0, 0.0];0.0
252; [11.9140625, 0.150146484375, 16.328125, 11.90625, 0.0, 0.0, 0.150146484375, 12.046875, 12.421875, 0.0, 11.8984375, 0.0, 0.0, 11.8984375, 0.0, 0.0];2238.7217
253; [9.4140625, 1.8740234375, 9.734375, 9.4765625, 0.0, 0.0, 1.8740234375, 11.2265625, 9.984375, 0.0, 9.3515625, 0.0, 0.0, 9.46875, 0.0, 0.0];1703.5791
254; [9.5078125, 12.7578125, 7.20703125, 9.5078125, 0.0, 0.0, 9.40625, 18.921875, 10.0625, 0.0, 9.453125, 0.0, 0.0, 9.4140625, 0.0, 0.0];3776.0662
255; [9.515625, 11.0625, 10.125, 9.5078125, 0.0, 0.0, 9.453125, 18.859375, 10.0859375, 0.0, 9.46875, 0.0, 0.0, 9.46875, 0.0, 0.0];3811.6816
256; [11.078125, 6.84375, 13.0, 11.7265625, 0.0001430511474609375, 0.0001430511474609375, 9.3828125, 20.796875, 12.1015625, 0.0001430511474609375, 11.265625, 0.0001430511474609375, 0.0001430511474609375, 11.7421875, 0.0001430511474609375, 0.0001430511474609375];4633.1646
257; [0.736328125, 16.3125, 0.0, 0.736328125, 0.0, 0.0, 11.8984375, 11.8828125, 0.736328125, 0.0, 0.0, 0.0, 0.0, 0.0, 0.0, 0.0];1107.6326
258; [0.736328125, 16.3125, 0.0, 0.736328125, 0.0, 0.0, 11.8984375, 11.8828125, 0.736328125, 0.0, 0.0, 0.0, 0.0, 0.0, 0.0, 0.0];0.0
259; [0.736328125, 16.3125, 0.0, 0.736328125, 0.0, 0.0, 11.8984375, 11.8828125, 0.736328125, 0.0, 0.0, 0.0, 0.0, 0.0, 0.0, 0.0];0.0
260; [6.8984375, 4.50390625, 6.27734375, 6.921875, 0.00011444091796875, 0.00011444091796875, 6.5546875, 12.859375, 7.0234375, 0.00011444091796875, 6.265625, 0.00011444091796875, 0.00011444091796875, 6.2734375, 0.00011444091796875, 0.00011444091796875];1725.8132
261; [6.8984375, 4.50390625, 6.27734375, 6.921875, 0.00011444091796875, 0.00011444091796875, 6.5546875, 12.859375, 7.0234375, 0.00011444091796875, 6.265625, 0.00011444091796875, 0.00011444091796875, 6.2734375, 0.00011444091796875, 0.00011444091796875];0.0
262; [9.46875, 1.6767578125, 9.703125, 9.46875, 0.0, 0.0, 1.6767578125, 11.1484375, 9.8125, 0.0, 9.46875, 0.0, 0.0, 9.4765625, 0.0, 0.0];1680.9648
263; [11.875, 5.08984375, 13.8046875, 11.875, 0.0001430511474609375, 0.0001430511474609375, 5.078125, 16.953125, 12.390625, 0.0001430511474609375, 11.8671875, 0.0001430511474609375, 0.0001430511474609375, 11.875, 0.0001430511474609375, 0.0001430511474609375];3534.4177
264; [9.53125, 12.0390625, 11.0078125, 9.5234375, 0.0, 0.0, 9.3046875, 18.828125, 10.234375, 0.0, 9.5234375, 0.0, 0.0, 9.5234375, 0.0, 0.0];3880.3296
265; [9.5234375, 1.849609375, 11.4609375, 9.5234375, 0.00011444091796875, 0.00011444091796875, 5.59765625, 15.125, 10.2265625, 0.00011444091796875, 9.5234375, 0.00011444091796875, 0.00011444091796875, 9.5, 0.00011444091796875, 0.00011444091796875];2596.6511
266; [11.90625, 0.0, 6.43359375, 11.609375, 0.0, 0.0, 0.0, 10.0859375, 10.7109375, 0.0, 10.0859375, 0.0, 0.0, 10.015625, 0.0, 0.0];1519.939
267; [1.8759765625, 0.0001430511474609375, 4.9921875, 1.845703125, 10.0703125, 0.0001430511474609375, 0.0001430511474609375, 11.8359375, 12.5703125, 0.0001430511474609375, 11.8359375, 0.0001430511474609375, 0.0001430511474609375, 15.0703125, 0.0001430511474609375, 0.0001430511474609375];1753.6976
268; [1.8759765625, 0.0001430511474609375, 4.9921875, 1.845703125, 10.0703125, 0.0001430511474609375, 0.0001430511474609375, 11.8359375, 12.5703125, 0.0001430511474609375, 11.8359375, 0.0001430511474609375, 0.0001430511474609375, 15.0703125, 0.0001430511474609375, 0.0001430511474609375];0.0
269; [1.8759765625, 0.0001430511474609375, 4.9921875, 1.845703125, 10.0703125, 0.0001430511474609375, 0.0001430511474609375, 11.8359375, 12.5703125, 0.0001430511474609375, 11.8359375, 0.0001430511474609375, 0.0001430511474609375, 15.0703125, 0.0001430511474609375, 0.0001430511474609375];0.0
270; [1.8759765625, 0.0001430511474609375, 4.9921875, 1.845703125, 10.0703125, 0.0001430511474609375, 0.0001430511474609375, 11.8359375, 12.5703125, 0.0001430511474609375, 11.8359375, 0.0001430511474609375, 0.0001430511474609375, 15.0703125, 0.0001430511474609375, 0.0001430511474609375];0.0
271; [0.828125, 6.389617919921875e-05, 1.234375, 0.82763671875, 8.59375, 0.0, 6.389617919921875e-05, 9.4375, 10.015625, 0.0, 9.4453125, 0.0, 0.0, 9.7890625, 0.0, 0.0];1010.4164
272; [0.828125, 6.389617919921875e-05, 1.234375, 0.82763671875, 8.59375, 0.0, 6.389617919921875e-05, 9.4375, 10.015625, 0.0, 9.4453125, 0.0, 0.0, 9.7890625, 0.0, 0.0];0.0
273; [11.8671875, 1.1318359375, 8.71875, 11.8671875, 0.0001430511474609375, 0.0001430511474609375, 1.1318359375, 11.453125, 10.734375, 0.0001430511474609375, 10.3203125, 0.0001430511474609375, 0.0001430511474609375, 7.84765625, 0.0001430511474609375, 0.0001430511474609375];1799.2058
274; [9.453125, 0.346435546875, 9.4765625, 9.53125, 0.0, 0.0, 0.346435546875, 9.859375, 9.734375, 0.0, 9.5078125, 0.0, 0.0, 9.53125, 0.0, 0.0];1411.3643
275; [9.5, 0.138671875, 11.59375, 9.5078125, 0.00011444091796875, 0.00011444091796875, 0.138671875, 9.6328125, 9.7109375, 0.00011444091796875, 9.5, 0.00011444091796875, 0.00011444091796875, 9.5078125, 0.00011444091796875, 0.00011444091796875];1415.6776
276; [9.3046875, 0.455078125, 11.0625, 9.3046875, 0.0, 0.0, 0.455078125, 9.71875, 9.6171875, 0.0023097991943359375, 9.265625, 0.0, 0.0, 9.328125, 0.0, 0.0];1401.5234
277; [0.52294921875, 9.2734375, 0.00011444091796875, 0.5224609375, 0.00011444091796875, 0.00011444091796875, 9.2578125, 9.2578125, 0.5224609375, 0.00011444091796875, 0.00011444091796875, 0.00011444091796875, 0.00011444091796875, 0.00011444091796875, 0.00011444091796875, 0.00011444091796875];635.0691
278; [0.59765625, 10.5625, 0.0, 0.59765625, 0.0, 0.0, 10.578125, 10.5703125, 0.59814453125, 0.0, 0.0, 0.0, 0.0, 0.0, 0.0, 0.0];807.6415
279; [0.59765625, 10.5625, 0.0, 0.59765625, 0.0, 0.0, 10.578125, 10.5703125, 0.59814453125, 0.0, 0.0, 0.0, 0.0, 0.0, 0.0, 0.0];0.0
280; [0.59765625, 10.5625, 0.0, 0.59765625, 0.0, 0.0, 10.578125, 10.5703125, 0.59814453125, 0.0, 0.0, 0.0, 0.0, 0.0, 0.0, 0.0];0.0
281; [0.59765625, 10.5625, 0.0, 0.59765625, 0.0, 0.0, 10.578125, 10.5703125, 0.59814453125, 0.0, 0.0, 0.0, 0.0, 0.0, 0.0, 0.0];0.0
282; [0.59765625, 10.5625, 0.0, 0.59765625, 0.0, 0.0, 10.578125, 10.5703125, 0.59814453125, 0.0, 0.0, 0.0, 0.0, 0.0, 0.0, 0.0];0.0
283; [0.59765625, 10.5625, 0.0, 0.59765625, 0.0, 0.0, 10.578125, 10.5703125, 0.59814453125, 0.0, 0.0, 0.0, 0.0, 0.0, 0.0, 0.0];0.0
284; [3.0390625, 8.6640625, 2.455078125, 3.041015625, 0.0, 0.0, 8.5, 10.9375, 3.04296875, 0.0, 2.453125, 0.0, 0.0, 2.453125, 0.0, 0.0];1052.2097
285; [9.484375, 9.3046875, 9.34375, 9.53125, 0.0, 0.0, 9.5, 18.984375, 9.9140625, 0.0, 9.5078125, 0.0, 0.0, 9.5078125, 0.0, 0.0];3741.7043
286; [9.46875, 10.7109375, 10.4140625, 9.4921875, 0.0, 0.0, 9.453125, 18.875, 9.8515625, 0.0, 9.4453125, 0.0, 0.0, 9.4765625, 0.0, 0.0];3801.387
287; [11.8828125, 0.0, 24.0, 11.890625, 0.0, 0.0, 4.8984375, 16.9375, 12.5625, 0.0, 11.875, 0.0, 0.0, 11.890625, 0.0, 0.0];3725.2664
288; [9.5234375, 0.0, 12.7734375, 9.515625, 0.0, 0.0, 0.0, 9.5234375, 10.0859375, 0.0, 9.5234375, 0.0, 0.0, 9.5234375, 0.0, 0.0];1427.1307
289; [11.765625, 0.0001430511474609375, 10.6875, 11.6953125, 0.0001430511474609375, 0.0001430511474609375, 0.0001430511474609375, 10.09375, 10.6796875, 0.0001430511474609375, 10.09375, 0.0001430511474609375, 0.0001430511474609375, 10.03125, 0.0001430511474609375, 0.0001430511474609375];1606.1508
290; [11.796875, 0.0, 9.6328125, 11.7578125, 0.0, 0.0, 0.0, 10.609375, 11.2265625, 0.0, 10.609375, 0.0, 0.0, 10.546875, 0.0, 0.0];1711.8827
291; [11.796875, 0.0, 9.6328125, 11.7578125, 0.0, 0.0, 0.0, 10.609375, 11.2265625, 0.0, 10.609375, 0.0, 0.0, 10.546875, 0.0, 0.0];0.0
292; [9.515625, 0.00011444091796875, 9.796875, 9.53125, 0.00011444091796875, 0.00011444091796875, 0.00011444091796875, 9.484375, 9.890625, 0.00011444091796875, 9.484375, 0.00011444091796875, 0.00011444091796875, 9.515625, 0.00011444091796875, 0.00011444091796875];1361.1005
293; [11.875, 1.7685546875, 13.5, 11.8984375, 0.0, 0.0, 1.6044921875, 13.4921875, 12.4921875, 0.00577545166015625, 11.890625, 0.0, 0.0, 11.8984375, 0.0, 0.0];2534.198
294; [9.515625, 11.265625, 6.65234375, 9.453125, 0.00011444091796875, 0.00011444091796875, 9.4609375, 17.8125, 9.1484375, 0.00011444091796875, 8.3828125, 0.00011444091796875, 0.00011444091796875, 8.328125, 0.00011444091796875, 0.00011444091796875];3331.408
295; [9.4765625, 9.0390625, 9.34375, 9.4765625, 0.0, 0.0, 9.4453125, 18.90625, 9.8671875, 0.0, 9.453125, 0.0, 0.0, 9.4609375, 0.0, 0.0];3703.5188
296; [9.515625, 9.34375, 10.2109375, 9.5234375, 0.00011444091796875, 0.00011444091796875, 9.4609375, 18.9375, 9.875, 0.00011444091796875, 9.4609375, 0.00011444091796875, 0.00011444091796875, 9.4765625, 0.00011444091796875, 0.00011444091796875];3760.867
297; [9.515625, 9.34375, 10.2109375, 9.5234375, 0.00011444091796875, 0.00011444091796875, 9.4609375, 18.9375, 9.875, 0.00011444091796875, 9.4609375, 0.00011444091796875, 0.00011444091796875, 9.4765625, 0.00011444091796875, 0.00011444091796875];0.0
298; [11.84375, 12.921875, 15.0859375, 11.8984375, 0.0, 0.0, 11.8203125, 23.609375, 12.4140625, 0.0, 11.859375, 0.0, 0.0, 11.875, 0.0, 0.0];5987.722
299; [11.8203125, 5.26171875, 7.4453125, 11.6640625, 0.0001430511474609375, 0.0001430511474609375, 8.078125, 18.40625, 11.28125, 0.0001430511474609375, 10.1875, 0.0001430511474609375, 0.0001430511474609375, 10.1328125, 0.0001430511474609375, 0.0001430511474609375];3600.9216
300; [9.46875, 5.0390625, 13.1328125, 9.5234375, 0.0, 0.0, 5.1796875, 14.6171875, 10.2421875, 0.0, 9.4375, 0.0, 0.0, 9.4921875, 0.0, 0.0];2619.5056
301; [9.46875, 0.00011444091796875, 11.2734375, 9.484375, 0.00011444091796875, 0.00011444091796875, 0.00011444091796875, 9.4296875, 9.8828125, 0.00011444091796875, 9.4296875, 0.00011444091796875, 0.00011444091796875, 9.4921875, 0.00011444091796875, 0.00011444091796875];1376.0204
302; [9.5234375, 6.389617919921875e-05, 12.9609375, 9.53125, 0.0, 0.0, 6.389617919921875e-05, 9.53125, 9.7421875, 6.389617919921875e-05, 9.53125, 0.0, 0.0, 9.5234375, 0.0, 0.0];1426.5111
303; [9.453125, 0.00011444091796875, 12.359375, 9.3984375, 0.00011444091796875, 0.00011444091796875, 0.00011444091796875, 7.96875, 8.3984375, 0.00011444091796875, 7.96875, 0.00011444091796875, 0.00011444091796875, 7.91015625, 0.00011444091796875, 0.00011444091796875];1082.9996
304; [9.4453125, 0.0, 9.546875, 9.5234375, 0.0, 0.0, 0.0, 9.515625, 9.8125, 0.0, 9.515625, 0.0, 0.0, 9.5234375, 0.0, 0.0];1358.5186
305; [9.515625, 6.389617919921875e-05, 9.390625, 9.5234375, 0.0, 0.0, 6.389617919921875e-05, 9.4921875, 10.078125, 6.389617919921875e-05, 9.4921875, 0.0, 0.0, 9.5234375, 0.0, 0.0];1357.7051
306; [9.453125, 0.0, 8.890625, 9.53125, 0.0, 0.0, 0.0, 9.515625, 9.8359375, 0.0, 9.515625, 0.0, 0.0, 9.515625, 0.0, 0.0];1346.9993
307; [9.515625, 0.03466796875, 8.3046875, 9.5234375, 0.0, 0.0, 0.03466796875, 9.546875, 10.109375, 0.006931304931640625, 9.5234375, 0.0, 0.0, 9.515625, 0.0, 0.0];1346.9257
308; [9.53125, 5.828125, 9.375, 9.53125, 0.0, 0.0, 5.41015625, 14.9140625, 9.953125, 0.0, 9.5078125, 0.0, 0.0, 9.515625, 0.0, 0.0];2597.7097
309; [9.53125, 5.828125, 9.375, 9.53125, 0.0, 0.0, 5.41015625, 14.9140625, 9.953125, 0.0, 9.5078125, 0.0, 0.0, 9.515625, 0.0, 0.0];0.0
310; [4.9609375, 9.328125, 9.5859375, 4.90625, 0.0, 0.0, 9.2578125, 18.6875, 9.8984375, 0.0, 9.453125, 0.0, 0.0, 9.5, 0.0, 0.0];3330.271
311; [11.8828125, 15.15625, 12.4375, 11.65625, 0.0, 0.0, 11.578125, 21.921875, 11.21875, 0.0, 10.34375, 0.0, 0.0, 10.296875, 0.0, 0.0];5261.5547
312; [11.8828125, 15.15625, 12.4375, 11.65625, 0.0, 0.0, 11.578125, 21.921875, 11.21875, 0.0, 10.34375, 0.0, 0.0, 10.296875, 0.0, 0.0];0.0
313; [9.3828125, 10.640625, 10.390625, 9.4765625, 0.0, 0.0, 9.390625, 18.8125, 9.984375, 0.0, 9.4140625, 0.0, 0.0, 9.4375, 0.0, 0.0];3777.9077
314; [9.484375, 6.15234375, 7.87890625, 9.46875, 0.00011444091796875, 0.00011444091796875, 8.2265625, 17.640625, 10.390625, 0.00011444091796875, 9.40625, 0.00011444091796875, 0.00011444091796875, 9.4375, 0.00011444091796875, 0.00011444091796875];3232.7131
315; [9.328125, 9.609375, 8.7109375, 9.3984375, 0.0, 0.0, 9.3203125, 18.015625, 9.796875, 0.0, 8.7109375, 0.0, 0.0, 8.7109375, 0.0, 0.0];3426.372
316; [9.53125, 0.496826171875, 9.53125, 9.5234375, 0.00011444091796875, 0.00011444091796875, 1.09765625, 10.4453125, 9.75, 0.00011444091796875, 9.3359375, 0.00011444091796875, 0.00011444091796875, 9.359375, 0.00011444091796875, 0.00011444091796875];1515.9084
317; [9.5, 9.96875, 12.3046875, 9.484375, 0.0, 0.0, 9.28125, 18.6875, 9.9375, 0.0, 9.4296875, 0.0, 0.0, 9.4296875, 0.0, 0.0];3794.1355
318; [9.46875, 4.16796875, 14.3984375, 9.46875, 0.00011444091796875, 0.00011444091796875, 5.1640625, 14.6015625, 9.953125, 0.00011444091796875, 9.40625, 0.00011444091796875, 0.00011444091796875, 9.4453125, 0.00011444091796875, 0.00011444091796875];2616.0635
319; [9.5078125, 1.7607421875, 10.40625, 9.5, 0.0, 0.0, 1.7607421875, 11.2421875, 10.1796875, 0.0, 9.4765625, 0.0, 0.0, 9.46875, 0.0, 0.0];1726.3453
320; [11.890625, 9.5703125, 16.734375, 11.890625, 0.0001430511474609375, 0.0001430511474609375, 11.7578125, 23.53125, 12.765625, 0.0001430511474609375, 11.78125, 0.0001430511474609375, 0.0001430511474609375, 11.8984375, 0.0001430511474609375, 0.0001430511474609375];5899.8086
321; [9.2265625, 16.96875, 3.3359375, 9.09375, 0.0, 0.0, 9.3984375, 17.109375, 8.6015625, 0.0, 7.73828125, 0.0, 0.0, 7.625, 0.0, 0.0];3169.8965
322; [11.8203125, 13.4375, 11.796875, 11.8671875, 0.0001430511474609375, 0.0001430511474609375, 11.4609375, 23.28125, 12.1953125, 0.0001430511474609375, 11.828125, 0.0001430511474609375, 0.0001430511474609375, 11.875, 0.0001430511474609375, 0.0001430511474609375];5731.486
323; [9.484375, 8.078125, 9.21875, 9.5234375, 0.0, 0.0, 9.390625, 18.875, 10.125, 0.0, 9.484375, 0.0, 0.0, 9.484375, 0.0, 0.0];3666.479
324; [11.9140625, 0.1502685546875, 15.46875, 11.9140625, 0.0001430511474609375, 0.0001430511474609375, 0.1502685546875, 12.0625, 12.1875, 0.0001430511474609375, 11.9140625, 0.0001430511474609375, 0.0001430511474609375, 11.9140625, 0.0001430511474609375, 0.0001430511474609375];2216.9873
325; [11.90625, 0.1934814453125, 9.0390625, 11.90625, 0.0, 0.0, 0.1934814453125, 12.1015625, 12.46875, 0.0, 11.90625, 0.0, 0.0, 11.9140625, 0.0, 0.0];2074.8835
326; [9.53125, 0.0, 10.71875, 9.5234375, 0.0, 0.0, 0.0, 8.15625, 8.5703125, 0.0, 8.15625, 0.0, 0.0, 8.1171875, 0.0, 0.0];1096.7345
327; [9.53125, 0.0, 10.71875, 9.5234375, 0.0, 0.0, 0.0, 8.15625, 8.5703125, 0.0, 8.15625, 0.0, 0.0, 8.1171875, 0.0, 0.0];0.0
328; [11.8984375, 8.0108642578125e-05, 7.640625, 11.90625, 0.0, 0.0, 8.0108642578125e-05, 11.828125, 12.53125, 8.0108642578125e-05, 11.828125, 0.0, 0.0, 11.7734375, 0.0, 0.0];1984.877
329; [9.5234375, 0.0, 11.5859375, 9.515625, 0.0, 0.0, 0.0, 8.59375, 8.90625, 0.0, 8.59375, 0.0, 0.0, 8.625, 0.0, 0.0];1200.9017
330; [11.859375, 0.0, 12.46875, 11.890625, 0.0, 0.0, 0.0, 11.90625, 12.171875, 0.0, 11.90625, 0.0, 0.0, 11.8984375, 0.0, 0.0];2109.0496
331; [9.53125, 0.0, 8.046875, 9.5234375, 0.0, 0.0, 0.0, 9.515625, 9.9296875, 0.0, 9.515625, 0.0, 0.0, 9.5234375, 0.0, 0.0];1334.2698
332; [9.53125, 0.0, 8.046875, 9.5234375, 0.0, 0.0, 0.0, 9.515625, 9.9296875, 0.0, 9.515625, 0.0, 0.0, 9.5234375, 0.0, 0.0];0.0
333; [9.2734375, 0.0, 8.765625, 9.25, 0.0, 0.0, 0.0, 8.765625, 9.2265625, 0.0, 8.765625, 0.0, 0.0, 8.765625, 0.0, 0.0];1180.4053
334; [11.578125, 8.0108642578125e-05, 11.4921875, 11.640625, 0.0, 0.0, 8.0108642578125e-05, 11.4609375, 12.0546875, 8.0108642578125e-05, 11.4609375, 0.0, 0.0, 11.484375, 0.0, 0.0];1963.888
335; [9.4921875, 0.007045745849609375, 9.5546875, 9.53125, 0.00011444091796875, 0.00011444091796875, 0.007045745849609375, 9.5078125, 9.8046875, 0.00011444091796875, 9.5, 0.00011444091796875, 0.00011444091796875, 9.515625, 0.00011444091796875, 0.00011444091796875];1357.2708
336; [9.4921875, 0.007045745849609375, 9.5546875, 9.53125, 0.00011444091796875, 0.00011444091796875, 0.007045745849609375, 9.5078125, 9.8046875, 0.00011444091796875, 9.5, 0.00011444091796875, 0.00011444091796875, 9.515625, 0.00011444091796875, 0.00011444091796875];0.0
337; [9.3046875, 11.9453125, 9.0703125, 9.328125, 0.0, 0.0, 9.453125, 18.609375, 9.640625, 0.0, 9.1796875, 0.0, 0.0, 9.1953125, 0.0, 0.0];3693.7776
338; [11.7890625, 12.1796875, 11.265625, 11.8515625, 0.0001430511474609375, 0.0001430511474609375, 11.796875, 23.328125, 12.484375, 0.0001430511474609375, 11.578125, 0.0001430511474609375, 0.0001430511474609375, 11.5703125, 0.0001430511474609375, 0.0001430511474609375];5662.6187
339; [9.5234375, 12.3125, 9.34375, 9.5234375, 0.0, 0.0, 8.8984375, 18.46875, 9.90625, 0.0, 9.4921875, 0.0, 0.0, 9.4921875, 0.0, 0.0];3709.6145
340; [9.5234375, 9.6953125, 9.234375, 9.5234375, 0.00011444091796875, 0.00011444091796875, 9.46875, 18.90625, 9.890625, 0.00011444091796875, 9.4765625, 0.00011444091796875, 0.00011444091796875, 9.4765625, 0.00011444091796875, 0.00011444091796875];3733.7747
341; [9.5078125, 7.328125, 10.3046875, 9.5078125, 0.0, 0.0, 9.4140625, 18.953125, 10.2578125, 0.0, 9.4609375, 0.0, 0.0, 9.46875, 0.0, 0.0];3702.9055
342; [9.5078125, 7.328125, 10.3046875, 9.5078125, 0.0, 0.0, 9.4140625, 18.953125, 10.2578125, 0.0, 9.4609375, 0.0, 0.0, 9.46875, 0.0, 0.0];0.0
343; [9.5078125, 7.328125, 10.3046875, 9.5078125, 0.0, 0.0, 9.4140625, 18.953125, 10.2578125, 0.0, 9.4609375, 0.0, 0.0, 9.46875, 0.0, 0.0];0.0
344; [9.515625, 0.80859375, 14.9140625, 9.5078125, 0.00011444091796875, 0.00011444091796875, 1.3056640625, 10.78125, 9.765625, 0.00011444091796875, 9.4765625, 0.00011444091796875, 0.00011444091796875, 9.5234375, 0.00011444091796875, 0.00011444091796875];1698.9327
345; [9.515625, 0.80859375, 14.9140625, 9.5078125, 0.00011444091796875, 0.00011444091796875, 1.3056640625, 10.78125, 9.765625, 0.00011444091796875, 9.4765625, 0.00011444091796875, 0.00011444091796875, 9.5234375, 0.00011444091796875, 0.00011444091796875];0.0
346; [9.421875, 0.59130859375, 9.7421875, 9.4921875, 0.0, 0.0, 0.59130859375, 10.0859375, 10.1171875, 0.0, 9.4921875, 0.0, 0.0, 9.484375, 0.0, 0.0];1459.4158
347; [11.8046875, 1.6318359375, 11.8203125, 11.8828125, 0.0001430511474609375, 0.0001430511474609375, 1.6318359375, 13.359375, 12.4453125, 0.0001430511474609375, 11.7265625, 0.0001430511474609375, 0.0001430511474609375, 11.7421875, 0.0001430511474609375, 0.0001430511474609375];2445.2017
348; [9.53125, 0.70703125, 10.78125, 9.53125, 0.0, 0.0, 0.70703125, 10.21875, 9.96875, 0.0, 9.515625, 0.0, 0.0, 9.53125, 0.0, 0.0];1504.3933
349; [9.4765625, 0.59619140625, 8.171875, 9.4765625, 0.00011444091796875, 0.00011444091796875, 0.59619140625, 10.078125, 10.1015625, 0.00017833709716796875, 9.484375, 0.00011444091796875, 0.00011444091796875, 9.484375, 0.00011444091796875, 0.00011444091796875];1426.8328
350; [11.8203125, 3.259765625, 14.28125, 11.78125, 0.0, 0.0, 3.259765625, 13.484375, 10.828125, 0.0, 10.2265625, 0.0, 0.0, 10.1796875, 0.0, 0.0];2497.9978
351; [9.4921875, 0.00011444091796875, 9.6484375, 9.40625, 0.00011444091796875, 0.00011444091796875, 0.00011444091796875, 8.15625, 8.5625, 0.00011444091796875, 8.15625, 0.00011444091796875, 0.00011444091796875, 8.15625, 0.00011444091796875, 0.00011444091796875];1077.7467
352; [9.5, 2.50390625, 8.765625, 9.515625, 0.0, 0.0, 1.533203125, 11.046875, 9.8046875, 0.004619598388671875, 9.515625, 0.0, 0.0, 9.515625, 0.0, 0.0];1661.2185
353; [9.5, 2.50390625, 8.765625, 9.515625, 0.0, 0.0, 1.533203125, 11.046875, 9.8046875, 0.004619598388671875, 9.515625, 0.0, 0.0, 9.515625, 0.0, 0.0];0.0
354; [9.4765625, 9.2734375, 8.3359375, 9.53125, 0.0, 0.0, 9.3359375, 18.8125, 9.953125, 0.0, 9.4765625, 0.0, 0.0, 9.5234375, 0.0, 0.0];3656.2922
355; [0.54296875, 13.6953125, 0.0, 0.54345703125, 0.0, 0.0, 11.8046875, 11.8046875, 0.54296875, 0.0, 0.0, 0.0, 0.0, 0.0, 0.0, 0.0];1033.6477
356; [0.54296875, 13.6953125, 0.0, 0.54345703125, 0.0, 0.0, 11.8046875, 11.8046875, 0.54296875, 0.0, 0.0, 0.0, 0.0, 0.0, 0.0, 0.0];0.0
357; [0.54296875, 13.6953125, 0.0, 0.54345703125, 0.0, 0.0, 11.8046875, 11.8046875, 0.54296875, 0.0, 0.0, 0.0, 0.0, 0.0, 0.0, 0.0];0.0
358; [0.54296875, 13.6953125, 0.0, 0.54345703125, 0.0, 0.0, 11.8046875, 11.8046875, 0.54296875, 0.0, 0.0, 0.0, 0.0, 0.0, 0.0, 0.0];0.0
359; [0.4111328125, 9.1640625, 0.0, 0.4111328125, 0.0, 0.0, 9.2578125, 9.2265625, 0.410888671875, 0.0, 0.0, 0.0, 0.0, 0.0, 0.0, 0.0];630.3762
360; [0.447998046875, 9.828125, 0.0, 0.447998046875, 0.0, 0.0, 9.4296875, 9.4296875, 0.447998046875, 0.0, 0.0, 0.0, 0.0, 0.0, 0.0, 0.0];663.9593
361; [0.6396484375, 8.5390625, 0.0, 0.6396484375, 0.0, 0.0, 11.8125, 11.859375, 0.6396484375, 0.0, 0.0, 0.0, 0.0, 0.0, 0.0, 0.0];918.1378
362; [0.6396484375, 8.5390625, 0.0, 0.6396484375, 0.0, 0.0, 11.8125, 11.859375, 0.6396484375, 0.0, 0.0, 0.0, 0.0, 0.0, 0.0, 0.0];0.0
363; [0.6396484375, 8.5390625, 0.0, 0.6396484375, 0.0, 0.0, 11.8125, 11.859375, 0.6396484375, 0.0, 0.0, 0.0, 0.0, 0.0, 0.0, 0.0];0.0
364; [11.8671875, 11.6484375, 11.65625, 11.859375, 0.0, 0.0, 11.7734375, 23.375, 12.40625, 0.0, 11.5625, 0.0, 0.0, 11.5859375, 0.0, 0.0];5665.7534
365; [9.5078125, 2.509765625, 12.40625, 9.5234375, 0.0, 0.0, 2.841796875, 12.5078125, 9.78125, 6.389617919921875e-05, 9.484375, 0.0, 0.0, 9.5078125, 0.0, 0.0];2040.0448
366; [8.953125, 0.10614013671875, 8.15625, 8.8359375, 0.6796875, 0.00011444091796875, 0.10614013671875, 9.5859375, 9.7421875, 0.00021648406982421875, 9.4765625, 0.00011444091796875, 0.00011444091796875, 10.1953125, 0.00011444091796875, 0.00011444091796875];1330.9155
367; [11.0390625, 0.10107421875, 13.6484375, 11.0390625, 0.87255859375, 0.0, 0.10107421875, 12.0078125, 12.3515625, 0.0, 11.9296875, 0.0, 0.0, 12.7890625, 0.0, 0.0];2144.0667
368; [9.1953125, 0.07867431640625, 4.0859375, 9.2734375, 0.24267578125, 0.00011444091796875, 0.07867431640625, 9.421875, 9.90625, 0.00011444091796875, 9.3515625, 0.00011444091796875, 0.00011444091796875, 7.26171875, 0.00011444091796875, 0.00011444091796875];1186.6041
369; [9.5234375, 0.36279296875, 9.5546875, 9.5234375, 0.0, 0.0, 0.367431640625, 9.875, 9.7421875, 0.0, 9.515625, 0.0, 0.0, 9.515625, 0.0, 0.0];1417.3357
370; [11.890625, 0.2052001953125, 12.28125, 11.90625, 0.0001430511474609375, 0.0001430511474609375, 0.2052001953125, 12.109375, 12.640625, 0.0002231597900390625, 11.8984375, 0.0001430511474609375, 0.0001430511474609375, 11.8984375, 0.0001430511474609375, 0.0001430511474609375];2157.7666
371; [8.6953125, 1.4462890625, 11.5703125, 8.703125, 0.0, 0.0, 1.4462890625, 9.0078125, 7.9609375, 0.0, 7.55859375, 0.0, 0.0, 7.53515625, 0.0, 0.0];1214.2653
372; [1.78125, 6.25390625, 0.0001430511474609375, 1.6904296875, 0.0001430511474609375, 0.0001430511474609375, 8.046875, 8.3203125, 0.6865234375, 0.0001430511474609375, 0.262939453125, 0.0001430511474609375, 0.0001430511474609375, 0.2196044921875, 0.0001430511474609375, 0.0001430511474609375];525.5835
373; [1.78125, 6.25390625, 0.0001430511474609375, 1.6904296875, 0.0001430511474609375, 0.0001430511474609375, 8.046875, 8.3203125, 0.6865234375, 0.0001430511474609375, 0.262939453125, 0.0001430511474609375, 0.0001430511474609375, 0.2196044921875, 0.0001430511474609375, 0.0001430511474609375];0.0
374; [0.04376220703125, 3.173828125, 0.0, 0.04345703125, 0.0, 0.0, 0.7001953125, 0.7001953125, 0.04345703125, 0.0, 0.0, 0.0, 0.0, 0.0, 0.0, 0.0];14.943008
375; [0.387451171875, 11.1015625, 0.0001430511474609375, 0.38720703125, 0.0001430511474609375, 0.0001430511474609375, 11.6875, 11.6875, 0.38720703125, 0.0002231597900390625, 0.0002231597900390625, 0.0001430511474609375, 0.0001430511474609375, 0.0001430511474609375, 0.0001430511474609375, 0.0001430511474609375];958.33374
376; [0.387451171875, 11.1015625, 0.0001430511474609375, 0.38720703125, 0.0001430511474609375, 0.0001430511474609375, 11.6875, 11.6875, 0.38720703125, 0.0002231597900390625, 0.0002231597900390625, 0.0001430511474609375, 0.0001430511474609375, 0.0001430511474609375, 0.0001430511474609375, 0.0001430511474609375];0.0
377; [0.3095703125, 3.275390625, 0.0, 0.3095703125, 0.0, 0.0, 7.11328125, 7.11328125, 0.3095703125, 0.0, 0.0, 0.0, 0.0, 0.0, 0.0, 0.0];341.49167
378; [0.3095703125, 3.275390625, 0.0, 0.3095703125, 0.0, 0.0, 7.11328125, 7.11328125, 0.3095703125, 0.0, 0.0, 0.0, 0.0, 0.0, 0.0, 0.0];0.0
379; [0.3818359375, 10.59375, 0.0001430511474609375, 0.381591796875, 0.0001430511474609375, 0.0001430511474609375, 11.6875, 11.6875, 0.381591796875, 0.0001430511474609375, 0.0001430511474609375, 0.0001430511474609375, 0.0001430511474609375, 0.0001430511474609375, 0.0001430511474609375, 0.0001430511474609375];945.7043
380; [0.3818359375, 10.59375, 0.0001430511474609375, 0.381591796875, 0.0001430511474609375, 0.0001430511474609375, 11.6875, 11.6875, 0.381591796875, 0.0001430511474609375, 0.0001430511474609375, 0.0001430511474609375, 0.0001430511474609375, 0.0001430511474609375, 0.0001430511474609375, 0.0001430511474609375];0.0
381; [0.3818359375, 10.59375, 0.0001430511474609375, 0.381591796875, 0.0001430511474609375, 0.0001430511474609375, 11.6875, 11.6875, 0.381591796875, 0.0001430511474609375, 0.0001430511474609375, 0.0001430511474609375, 0.0001430511474609375, 0.0001430511474609375, 0.0001430511474609375, 0.0001430511474609375];0.0
382; [0.3818359375, 10.59375, 0.0001430511474609375, 0.381591796875, 0.0001430511474609375, 0.0001430511474609375, 11.6875, 11.6875, 0.381591796875, 0.0001430511474609375, 0.0001430511474609375, 0.0001430511474609375, 0.0001430511474609375, 0.0001430511474609375, 0.0001430511474609375, 0.0001430511474609375];0.0
383; [0.3818359375, 10.59375, 0.0001430511474609375, 0.381591796875, 0.0001430511474609375, 0.0001430511474609375, 11.6875, 11.6875, 0.381591796875, 0.0001430511474609375, 0.0001430511474609375, 0.0001430511474609375, 0.0001430511474609375, 0.0001430511474609375, 0.0001430511474609375, 0.0001430511474609375];0.0
384; [0.3818359375, 10.59375, 0.0001430511474609375, 0.381591796875, 0.0001430511474609375, 0.0001430511474609375, 11.6875, 11.6875, 0.381591796875, 0.0001430511474609375, 0.0001430511474609375, 0.0001430511474609375, 0.0001430511474609375, 0.0001430511474609375, 0.0001430511474609375, 0.0001430511474609375];0.0
385; [0.3818359375, 10.59375, 0.0001430511474609375, 0.381591796875, 0.0001430511474609375, 0.0001430511474609375, 11.6875, 11.6875, 0.381591796875, 0.0001430511474609375, 0.0001430511474609375, 0.0001430511474609375, 0.0001430511474609375, 0.0001430511474609375, 0.0001430511474609375, 0.0001430511474609375];0.0
386; [0.287109375, 10.25, 0.0, 0.287109375, 0.0, 0.0, 9.3828125, 9.3828125, 0.287109375, 0.0, 0.0, 0.0, 0.0, 0.0, 0.0, 0.0];666.5228
387; [0.29052734375, 6.86328125, 6.875, 0.29052734375, 0.0, 0.0, 9.2109375, 11.984375, 3.080078125, 0.0, 2.775390625, 0.0, 0.0, 2.794921875, 0.0, 0.0];1152.1484
388; [9.4765625, 0.0, 9.8203125, 9.515625, 0.0, 0.0, 0.0, 9.484375, 9.6875, 0.0, 9.484375, 0.0, 0.0, 9.484375, 0.0, 0.0];1356.2249
389; [9.2578125, 0.0, 9.390625, 9.3046875, 0.0, 0.0, 0.0, 9.21875, 9.390625, 0.0, 9.21875, 0.0, 0.0, 9.375, 0.0, 0.0];1285.0311
390; [9.2578125, 0.0, 9.390625, 9.3046875, 0.0, 0.0, 0.0, 9.21875, 9.390625, 0.0, 9.21875, 0.0, 0.0, 9.375, 0.0, 0.0];0.0
391; [10.8046875, 0.0, 10.4140625, 11.0078125, 0.0, 0.0, 0.0, 10.96875, 11.1796875, 0.0, 10.96875, 0.0, 0.0, 10.9921875, 0.0, 0.0];1773.185
392; [9.5234375, 0.0, 10.234375, 9.53125, 0.0, 0.0, 0.0, 9.5234375, 9.7265625, 0.0, 9.5234375, 0.0, 0.0, 9.5234375, 0.0, 0.0];1373.4141
393; [9.5234375, 0.0, 8.2890625, 9.5234375, 0.0, 0.0, 0.0, 9.5234375, 10.1171875, 0.0, 9.5234375, 0.0, 0.0, 9.53125, 0.0, 0.0];1343.9873
394; [9.5234375, 0.0, 8.2890625, 9.5234375, 0.0, 0.0, 0.0, 9.5234375, 10.1171875, 0.0, 9.5234375, 0.0, 0.0, 9.53125, 0.0, 0.0];0.0
395; [9.5234375, 0.0, 8.2890625, 9.5234375, 0.0, 0.0, 0.0, 9.5234375, 10.1171875, 0.0, 9.5234375, 0.0, 0.0, 9.53125, 0.0, 0.0];0.0
396; [8.3203125, 0.0, 11.296875, 8.2265625, 0.0, 0.0, 0.0, 6.96875, 7.22265625, 0.0, 6.96875, 0.0, 0.0, 6.8203125, 0.0, 0.0];840.6142
397; [8.3203125, 0.0, 11.296875, 8.2265625, 0.0, 0.0, 0.0, 6.96875, 7.22265625, 0.0, 6.96875, 0.0, 0.0, 6.8203125, 0.0, 0.0];0.0
398; [11.09375, 0.0001430511474609375, 11.1484375, 11.390625, 0.000301361083984375, 0.000301361083984375, 0.0001430511474609375, 11.4453125, 11.734375, 0.0001430511474609375, 11.4453125, 0.0001430511474609375, 0.0001430511474609375, 11.625, 0.0001430511474609375, 0.0001430511474609375];1931.7384
399; [9.484375, 0.0, 11.28125, 9.203125, 0.0, 0.0, 0.0, 8.078125, 8.359375, 0.0, 8.078125, 0.0, 0.0, 7.84375, 0.0, 0.0];1079.4834
400; [9.4296875, 0.00017833709716796875, 8.703125, 9.515625, 0.00011444091796875, 0.00011444091796875, 0.00017833709716796875, 9.5234375, 9.859375, 0.00011444091796875, 9.5234375, 0.00011444091796875, 0.00011444091796875, 9.5078125, 0.00011444091796875, 0.00011444091796875];1343.4908
401; [1.416015625, 0.0, 0.0023097991943359375, 1.302734375, 2.271484375, 0.0, 0.0, 2.49609375, 2.513671875, 0.0, 2.49609375, 0.0, 0.0, 2.505859375, 0.0, 0.0];97.39983
402; [1.416015625, 0.0, 0.0023097991943359375, 1.302734375, 2.271484375, 0.0, 0.0, 2.49609375, 2.513671875, 0.0, 2.49609375, 0.0, 0.0, 2.505859375, 0.0, 0.0];0.0
403; [1.416015625, 0.0, 0.0023097991943359375, 1.302734375, 2.271484375, 0.0, 0.0, 2.49609375, 2.513671875, 0.0, 2.49609375, 0.0, 0.0, 2.505859375, 0.0, 0.0];0.0
404; [5.57421875, 0.0001430511474609375, 7.4453125, 5.61328125, 1.537109375, 0.0001430511474609375, 0.0001430511474609375, 7.24609375, 7.40234375, 0.0001430511474609375, 7.24609375, 0.0001430511474609375, 0.0001430511474609375, 7.40625, 0.0001430511474609375, 0.0001430511474609375];774.7316
405; [9.53125, 0.0, 9.3359375, 9.5234375, 0.0, 0.0, 0.0, 9.53125, 10.0078125, 0.0, 9.53125, 0.0, 0.0, 9.53125, 0.0, 0.0];1362.4116
406; [7.69140625, 2.458984375, 4.04296875, 7.61328125, 0.00011444091796875, 0.000240325927734375, 1.9111328125, 8.40625, 6.6875, 0.00017833709716796875, 6.5703125, 0.00011444091796875, 0.00011444091796875, 6.328125, 0.00011444091796875, 0.00011444091796875];928.28766
407; [7.69140625, 2.458984375, 4.04296875, 7.61328125, 0.00011444091796875, 0.000240325927734375, 1.9111328125, 8.40625, 6.6875, 0.00017833709716796875, 6.5703125, 0.00011444091796875, 0.00011444091796875, 6.328125, 0.00011444091796875, 0.00011444091796875];0.0
408; [0.266357421875, 9.8359375, 0.0023097991943359375, 0.266845703125, 0.0, 0.0, 9.3828125, 9.390625, 0.266845703125, 0.0, 0.002410888671875, 0.0, 0.0, 0.0023097991943359375, 0.0, 0.0];659.04706
409; [0.266357421875, 9.8359375, 0.0023097991943359375, 0.266845703125, 0.0, 0.0, 9.3828125, 9.390625, 0.266845703125, 0.0, 0.002410888671875, 0.0, 0.0, 0.0023097991943359375, 0.0, 0.0];0.0
410; [0.255859375, 13.5859375, 0.0030307769775390625, 0.255615234375, 0.0001430511474609375, 0.0001430511474609375, 11.65625, 11.65625, 0.255615234375, 0.0001430511474609375, 0.0031795501708984375, 0.0001430511474609375, 0.0001430511474609375, 0.0030307769775390625, 0.0001430511474609375, 0.0001430511474609375];1011.9325
411; [0.207275390625, 12.4140625, 0.0, 0.2071533203125, 0.0, 0.0, 9.328125, 9.328125, 0.2071533203125, 0.0, 0.0, 0.0, 0.0, 0.0, 0.0, 0.0];700.9913
412; [0.207275390625, 12.4140625, 0.0, 0.2071533203125, 0.0, 0.0, 9.328125, 9.328125, 0.2071533203125, 0.0, 0.0, 0.0, 0.0, 0.0, 0.0, 0.0];0.0
413; [11.765625, 14.4921875, 0.0030307769775390625, 11.828125, 0.0001430511474609375, 11.3828125, 0.01436614990234375, 11.6640625, 12.0625, 11.640625, 0.0031795501708984375, 0.0001430511474609375, 0.0001430511474609375, 0.0030307769775390625, 0.0001430511474609375, 11.6875];2344.7036
414; [11.765625, 14.4921875, 0.0030307769775390625, 11.828125, 0.0001430511474609375, 11.3828125, 0.01436614990234375, 11.6640625, 12.0625, 11.640625, 0.0031795501708984375, 0.0001430511474609375, 0.0001430511474609375, 0.0030307769775390625, 0.0001430511474609375, 11.6875];0.0
415; [6.0390625, 11.484375, 0.0, 6.015625, 0.0, 5.1171875, 6.671875, 11.9140625, 5.78515625, 11.9140625, 6.63671875, 0.0, 0.0, 0.0, 0.0, 5.234375];1902.4235
416; [6.0390625, 11.484375, 0.0, 6.015625, 0.0, 5.1171875, 6.671875, 11.9140625, 5.78515625, 11.9140625, 6.63671875, 0.0, 0.0, 0.0, 0.0, 5.234375];0.0
417; [0.258544921875, 12.234375, 0.0001430511474609375, 0.25830078125, 0.0001430511474609375, 0.0001430511474609375, 11.875, 11.8828125, 0.25830078125, 11.8828125, 11.8828125, 0.0001430511474609375, 0.0001430511474609375, 0.0001430511474609375, 0.0001430511474609375, 0.0001430511474609375];1550.921
418; [0.258544921875, 12.234375, 0.0001430511474609375, 0.25830078125, 0.0001430511474609375, 0.0001430511474609375, 11.875, 11.8828125, 0.25830078125, 11.8828125, 11.8828125, 0.0001430511474609375, 0.0001430511474609375, 0.0001430511474609375, 0.0001430511474609375, 0.0001430511474609375];0.0
419; [0.517578125, 9.453125, 0.0, 0.51708984375, 0.0, 0.0, 9.53125, 9.5234375, 0.51708984375, 9.5234375, 9.5234375, 0.0, 0.0, 0.0, 0.0, 0.0];1011.0838
420; [3.02734375, 8.65625, 5.140625, 3.056640625, 0.0, 0.0, 9.4375, 12.125, 3.32421875, 9.453125, 12.125, 0.0, 0.0, 2.71484375, 0.0, 0.0];1748.0698
421; [3.02734375, 8.65625, 5.140625, 3.056640625, 0.0, 0.0, 9.4375, 12.125, 3.32421875, 9.453125, 12.125, 0.0, 0.0, 2.71484375, 0.0, 0.0];0.0
422; [9.421875, 6.7109375, 9.71875, 9.53125, 0.0, 0.0, 4.30078125, 13.765625, 9.7578125, 0.0, 9.4609375, 0.0, 0.0, 9.5234375, 0.0, 0.0];2358.9553
423; [9.421875, 6.7109375, 9.71875, 9.53125, 0.0, 0.0, 4.30078125, 13.765625, 9.7578125, 0.0, 9.4609375, 0.0, 0.0, 9.5234375, 0.0, 0.0];0.0
424; [9.5234375, 9.515625, 9.4453125, 9.5, 0.0, 0.0, 9.375, 18.8125, 9.875, 0.0, 9.4921875, 0.0, 0.0, 9.5078125, 0.0, 0.0];3707.4292
425; [11.8671875, 0.0, 11.84375, 11.890625, 0.0, 0.0, 0.0, 11.8984375, 12.15625, 0.0, 11.8984375, 0.0, 0.0, 11.90625, 0.0, 0.0];2093.0342
426; [9.53125, 0.0, 10.3828125, 9.53125, 0.0, 0.0, 0.0, 9.53125, 9.734375, 0.0, 9.53125, 0.0, 0.0, 9.5234375, 0.0, 0.0];1377.174
427; [9.5234375, 0.0, 7.9296875, 9.5234375, 0.0, 0.0, 0.0, 9.5234375, 10.109375, 0.0, 9.5234375, 0.0, 0.0, 9.5078125, 0.0, 0.0];1335.4052
428; [9.5234375, 0.0, 7.9296875, 9.5234375, 0.0, 0.0, 0.0, 9.5234375, 10.109375, 0.0, 9.5234375, 0.0, 0.0, 9.5078125, 0.0, 0.0];0.0
429; [8.0078125, 0.0, 8.90625, 7.85546875, 0.0, 0.0, 0.0, 7.55078125, 7.79296875, 0.0, 7.55078125, 0.0, 0.0, 7.50390625, 0.0, 0.0];900.87964
430; [0.000301361083984375, 0.0001430511474609375, 0.00592041015625, 0.0001430511474609375, 0.0001430511474609375, 0.0001430511474609375, 0.0001430511474609375, 3.2890625, 3.345703125, 0.0003833770751953125, 3.2890625, 0.0001430511474609375, 0.0001430511474609375, 3.22265625, 0.0001430511474609375, 0.0001430511474609375];125.963844
431; [0.014404296875, 0.7978515625, 0.0, 0.014404296875, 0.0, 0.0, 6.72265625, 6.90625, 0.014404296875, 6.90625, 7.0390625, 0.0, 0.0, 0.0, 0.0, 0.0];463.62927
432; [0.014404296875, 0.7978515625, 0.0, 0.014404296875, 0.0, 0.0, 6.72265625, 6.90625, 0.014404296875, 6.90625, 7.0390625, 0.0, 0.0, 0.0, 0.0, 0.0];0.0
433; [0.014404296875, 0.7978515625, 0.0, 0.014404296875, 0.0, 0.0, 6.72265625, 6.90625, 0.014404296875, 6.90625, 7.0390625, 0.0, 0.0, 0.0, 0.0, 0.0];0.0
434; [0.014404296875, 0.7978515625, 0.0, 0.014404296875, 0.0, 0.0, 6.72265625, 6.90625, 0.014404296875, 6.90625, 7.0390625, 0.0, 0.0, 0.0, 0.0, 0.0];0.0
435; [0.000240325927734375, 0.0024242401123046875, 0.00011444091796875, 0.00011444091796875, 0.00011444091796875, 0.00011444091796875, 0.0024242401123046875, 0.002552032470703125, 0.00011444091796875, 0.0024242401123046875, 0.002567291259765625, 0.00011444091796875, 0.00011444091796875, 0.00011444091796875, 0.00011444091796875, 0.00011444091796875];0.04081726
436; [0.0, 0.0, 0.0, 0.0, 0.0, 0.0, 0.0, 0.0, 0.0, 0.0, 0.0, 0.0, 0.0, 0.0, 0.0, 0.0];0.0
437; [0.000301361083984375, 0.0001430511474609375, 0.0001430511474609375, 0.0001430511474609375, 0.0001430511474609375, 0.0001430511474609375, 0.0001430511474609375, 0.000301361083984375, 0.0001430511474609375, 0.0001430511474609375, 0.0001430511474609375, 0.0001430511474609375, 0.0001430511474609375, 0.0001430511474609375, 0.0001430511474609375, 0.0001430511474609375];0.00482178
438; [0.0023097991943359375, 0.0, 0.0023097991943359375, 0.0023097991943359375, 0.0, 0.0, 0.0, 0.0023097991943359375, 0.0023097991943359375, 0.0, 0.002452850341796875, 0.0, 0.0, 0.0023097991943359375, 0.0, 0.0];0.03695679
439; [0.0003814697265625, 0.0002231597900390625, 0.0001430511474609375, 0.0002231597900390625, 0.0001430511474609375, 0.0001430511474609375, 0.0002231597900390625, 0.0003814697265625, 0.0003032684326171875, 0.0003032684326171875, 0.0003032684326171875, 0.0001430511474609375, 0.0001430511474609375, 0.0001430511474609375, 0.0001430511474609375, 0.0001430511474609375];0.00610352
440; [0.0, 0.0, 0.0, 0.0, 0.0, 0.0, 0.0, 0.0, 0.0, 0.0, 0.0, 0.0, 0.0, 0.0, 0.0, 0.0];0.0
441; [0.000301361083984375, 0.0001430511474609375, 0.0001430511474609375, 0.0001430511474609375, 0.0001430511474609375, 0.0001430511474609375, 0.0001430511474609375, 0.000301361083984375, 0.0001430511474609375, 0.0001430511474609375, 0.0001430511474609375, 0.0001430511474609375, 0.0001430511474609375, 0.0001430511474609375, 0.0001430511474609375, 0.0001430511474609375];0.00482178
442; [0.000301361083984375, 0.0001430511474609375, 0.0001430511474609375, 0.0001430511474609375, 0.0001430511474609375, 0.0001430511474609375, 0.0001430511474609375, 0.000301361083984375, 0.0001430511474609375, 0.0001430511474609375, 0.0001430511474609375, 0.0001430511474609375, 0.0001430511474609375, 0.0001430511474609375, 0.0001430511474609375, 0.0001430511474609375];0.0
443; [0.0, 0.0, 0.0, 0.0, 0.0, 0.0, 0.0, 0.0, 0.0, 0.0, 0.0, 0.0, 0.0, 0.0, 0.0, 0.0];0.0
444; [0.00030517578125, 0.00017833709716796875, 0.00011444091796875, 0.00017833709716796875, 0.00011444091796875, 0.00011444091796875, 0.00017833709716796875, 0.00030517578125, 0.00017833709716796875, 0.00011444091796875, 0.00011444091796875, 0.00011444091796875, 0.00011444091796875, 0.00011444091796875, 0.00011444091796875, 0.00011444091796875];0.00488281
445; [0.0, 0.0, 0.0, 0.0, 0.0, 0.0, 0.0, 0.0, 0.0, 0.0, 0.0, 0.0, 0.0, 0.0, 0.0, 0.0];0.0
446; [0.0, 0.0, 0.0, 0.0, 0.0, 0.0, 0.0, 0.0, 0.0, 0.0, 0.0, 0.0, 0.0, 0.0, 0.0, 0.0];0.0
447; [0.0, 0.0, 0.0, 0.0, 0.0, 0.0, 0.0, 0.0, 0.0, 0.0, 0.0, 0.0, 0.0, 0.0, 0.0, 0.0];0.0
448; [0.0, 0.0, 0.0, 0.0, 0.0, 0.0, 0.0, 0.0, 0.0, 0.0, 0.0, 0.0, 0.0, 0.0, 0.0, 0.0];0.0
449; [0.0, 0.0, 0.0, 0.0, 0.0, 0.0, 0.0, 0.0, 0.0, 0.0, 0.0, 0.0, 0.0, 0.0, 0.0, 0.0];0.0
450; [0.0, 0.0, 0.0, 0.0, 0.0, 0.0, 0.0, 0.0, 0.0, 0.0, 0.0, 0.0, 0.0, 0.0, 0.0, 0.0];0.0
451; [0.0, 0.0, 0.0, 0.0, 0.0, 0.0, 0.0, 0.0, 0.0, 0.0, 0.0, 0.0, 0.0, 0.0, 0.0, 0.0];0.0
452; [0.0, 0.0, 0.0, 0.0, 0.0, 0.0, 0.0, 0.0, 0.0, 0.0, 0.0, 0.0, 0.0, 0.0, 0.0, 0.0];0.0
453; [0.000240325927734375, 0.00011444091796875, 0.00011444091796875, 0.00011444091796875, 0.00011444091796875, 0.00011444091796875, 0.00011444091796875, 0.000240325927734375, 0.00011444091796875, 0.00011444091796875, 0.00011444091796875, 0.00011444091796875, 0.00011444091796875, 0.00011444091796875, 0.00011444091796875, 0.00011444091796875];0.00384521
454; [7.61328125, 0.0, 12.5625, 7.6328125, 0.0, 0.0, 0.0, 7.62890625, 8.1015625, 0.0, 7.62890625, 0.0, 0.0, 7.72265625, 0.0, 0.0];967.24304
455; [9.4296875, 0.00017833709716796875, 9.4609375, 9.5078125, 0.00011444091796875, 0.00011444091796875, 0.00017833709716796875, 9.5078125, 10.0234375, 0.00011444091796875, 9.5078125, 0.00011444091796875, 0.00011444091796875, 9.4765625, 0.00011444091796875, 0.00011444091796875];1357.4022
456; [0.0, 0.0, 0.0, 0.0, 0.0, 0.0, 0.0, 0.0, 0.0, 0.0, 0.0, 0.0, 0.0, 0.0, 0.0, 0.0];0.0
457; [0.000240325927734375, 0.00011444091796875, 0.00011444091796875, 0.00011444091796875, 0.00011444091796875, 0.00011444091796875, 0.00011444091796875, 0.000240325927734375, 0.00011444091796875, 0.00011444091796875, 0.00011444091796875, 0.00011444091796875, 0.00011444091796875, 0.00011444091796875, 0.00011444091796875, 0.00011444091796875];0.00384521
458; [0.0, 0.0, 0.0, 0.0, 0.0, 0.0, 0.0, 0.0, 0.0, 0.0, 0.0, 0.0, 0.0, 0.0, 0.0, 0.0];0.0
459; [0.000301361083984375, 0.0001430511474609375, 0.0001430511474609375, 0.0001430511474609375, 0.0001430511474609375, 0.0001430511474609375, 0.0001430511474609375, 0.000301361083984375, 0.0001430511474609375, 0.0001430511474609375, 0.0001430511474609375, 0.0001430511474609375, 0.0001430511474609375, 0.0001430511474609375, 0.0001430511474609375, 0.0001430511474609375];0.00482178
460; [0.0, 0.0, 0.0, 0.0, 0.0, 0.0, 0.0, 0.0, 0.0, 0.0, 0.0, 0.0, 0.0, 0.0, 0.0, 0.0];0.0
461; [0.000240325927734375, 0.00011444091796875, 0.00011444091796875, 0.00011444091796875, 0.00011444091796875, 0.00011444091796875, 0.00011444091796875, 0.000240325927734375, 0.00011444091796875, 0.00011444091796875, 0.00011444091796875, 0.00011444091796875, 0.00011444091796875, 0.00011444091796875, 0.00011444091796875, 0.00011444091796875];0.00384521
462; [0.0, 0.0, 0.0, 0.0, 0.0, 0.0, 0.0, 0.0, 0.0, 0.0, 0.0, 0.0, 0.0, 0.0, 0.0, 0.0];0.0
463; [0.000301361083984375, 0.0001430511474609375, 0.0001430511474609375, 0.0001430511474609375, 0.0001430511474609375, 0.0001430511474609375, 0.0001430511474609375, 0.000301361083984375, 0.0001430511474609375, 0.0001430511474609375, 0.0001430511474609375, 0.0001430511474609375, 0.0001430511474609375, 0.0001430511474609375, 0.0001430511474609375, 0.0001430511474609375];0.00482178
464; [0.0, 0.0, 0.0, 0.0, 0.0, 0.0, 0.0, 0.0, 0.0, 0.0, 0.0, 0.0, 0.0, 0.0, 0.0, 0.0];0.0
465; [0.0, 0.0, 0.0, 0.0, 0.0, 0.0, 0.0, 0.0, 0.0, 0.0, 0.0, 0.0, 0.0, 0.0, 0.0, 0.0];0.0
466; [0.0, 0.0, 0.0, 0.0, 0.0, 0.0, 0.0, 0.0, 0.0, 0.0, 0.0, 0.0, 0.0, 0.0, 0.0, 0.0];0.0
467; [0.0, 0.0, 0.0, 0.0, 0.0, 0.0, 0.0, 0.0, 0.0, 0.0, 0.0, 0.0, 0.0, 0.0, 0.0, 0.0];0.0
468; [0.0, 0.0, 0.0, 0.0, 0.0, 0.0, 0.0, 0.0, 0.0, 0.0, 0.0, 0.0, 0.0, 0.0, 0.0, 0.0];0.0
469; [0.0, 0.0, 0.0, 0.0, 0.0, 0.0, 0.0, 0.0, 0.0, 0.0, 0.0, 0.0, 0.0, 0.0, 0.0, 0.0];0.0
470; [0.0, 0.0, 0.0, 0.0, 0.0, 0.0, 0.0, 0.0, 0.0, 0.0, 0.0, 0.0, 0.0, 0.0, 0.0, 0.0];0.0
471; [0.0, 0.0, 0.0, 0.0, 0.0, 0.0, 0.0, 0.0, 0.0, 0.0, 0.0, 0.0, 0.0, 0.0, 0.0, 0.0];0.0
472; [0.0, 0.0, 0.0, 0.0, 0.0, 0.0, 0.0, 0.0, 0.0, 0.0, 0.0, 0.0, 0.0, 0.0, 0.0, 0.0];0.0
473; [0.0, 0.0, 0.0, 0.0, 0.0, 0.0, 0.0, 0.0, 0.0, 0.0, 0.0, 0.0, 0.0, 0.0, 0.0, 0.0];0.0
474; [0.000240325927734375, 0.00011444091796875, 0.00011444091796875, 0.00011444091796875, 0.00011444091796875, 0.00011444091796875, 0.00011444091796875, 0.000240325927734375, 0.00011444091796875, 0.00011444091796875, 0.00011444091796875, 0.00011444091796875, 0.00011444091796875, 0.00011444091796875, 0.00011444091796875, 0.00011444091796875];0.00384521
475; [0.0, 0.0, 0.0, 0.0, 0.0, 0.0, 0.0, 0.0, 0.0, 0.0, 0.0, 0.0, 0.0, 0.0, 0.0, 0.0];0.0
476; [0.0, 0.0, 0.0, 0.0, 0.0, 0.0, 0.0, 0.0, 0.0, 0.0, 0.0, 0.0, 0.0, 0.0, 0.0, 0.0];0.0
477; [0.000240325927734375, 0.0024242401123046875, 0.00011444091796875, 0.00011444091796875, 0.00011444091796875, 0.00011444091796875, 0.0024242401123046875, 0.002552032470703125, 0.00011444091796875, 0.0024242401123046875, 0.002567291259765625, 0.00011444091796875, 0.00011444091796875, 0.00011444091796875, 0.00011444091796875, 0.00011444091796875];0.04081726
478; [0.0, 0.0, 0.0, 0.0, 0.0, 0.0, 0.0, 0.0, 0.0, 0.0, 0.0, 0.0, 0.0, 0.0, 0.0, 0.0];0.0
479; [0.000240325927734375, 0.00011444091796875, 0.00011444091796875, 0.00011444091796875, 0.00011444091796875, 0.00011444091796875, 0.00011444091796875, 0.000240325927734375, 0.00011444091796875, 0.00011444091796875, 0.00011444091796875, 0.00011444091796875, 0.00011444091796875, 0.00011444091796875, 0.00011444091796875, 0.00011444091796875];0.00384521
480; [0.0, 0.0, 0.0, 0.0, 0.0, 0.0, 0.0, 0.0, 0.0, 0.0, 0.0, 0.0, 0.0, 0.0, 0.0, 0.0];0.0
481; [0.000301361083984375, 0.0001430511474609375, 0.0001430511474609375, 0.0001430511474609375, 0.0001430511474609375, 0.0001430511474609375, 0.0001430511474609375, 0.000301361083984375, 0.0001430511474609375, 0.0001430511474609375, 0.0001430511474609375, 0.0001430511474609375, 0.0001430511474609375, 0.0001430511474609375, 0.0001430511474609375, 0.0001430511474609375];0.00482178
482; [0.0, 0.0, 0.0, 0.0, 0.0, 0.0, 0.0, 0.0, 0.0, 0.0, 0.0, 0.0, 0.0, 0.0, 0.0, 0.0];0.0
483; [0.000240325927734375, 0.00011444091796875, 0.00011444091796875, 0.00011444091796875, 0.00011444091796875, 0.00011444091796875, 0.00011444091796875, 0.000240325927734375, 0.00011444091796875, 0.00011444091796875, 0.00011444091796875, 0.00011444091796875, 0.00011444091796875, 0.00011444091796875, 0.00011444091796875, 0.00011444091796875];0.00384521
484; [0.0, 0.0, 0.0, 0.0, 0.0, 0.0, 0.0, 0.0, 0.0, 0.0, 0.0, 0.0, 0.0, 0.0, 0.0, 0.0];0.0
485; [0.000301361083984375, 0.0001430511474609375, 0.0001430511474609375, 0.0001430511474609375, 0.0001430511474609375, 0.0001430511474609375, 0.0001430511474609375, 0.000301361083984375, 0.0001430511474609375, 0.0001430511474609375, 0.0001430511474609375, 0.0001430511474609375, 0.0001430511474609375, 0.0001430511474609375, 0.0001430511474609375, 0.0001430511474609375];0.00482178
486; [0.000301361083984375, 0.0001430511474609375, 0.0001430511474609375, 0.0001430511474609375, 0.0001430511474609375, 0.0001430511474609375, 0.0001430511474609375, 0.000301361083984375, 0.0001430511474609375, 0.0001430511474609375, 0.0001430511474609375, 0.0001430511474609375, 0.0001430511474609375, 0.0001430511474609375, 0.0001430511474609375, 0.0001430511474609375];0.0
487; [0.000301361083984375, 0.0001430511474609375, 0.0001430511474609375, 0.0001430511474609375, 0.0001430511474609375, 0.0001430511474609375, 0.0001430511474609375, 0.000301361083984375, 0.0001430511474609375, 0.0001430511474609375, 0.0001430511474609375, 0.0001430511474609375, 0.0001430511474609375, 0.0001430511474609375, 0.0001430511474609375, 0.0001430511474609375];0.0
488; [0.000301361083984375, 0.0001430511474609375, 0.0001430511474609375, 0.0001430511474609375, 0.0001430511474609375, 0.0001430511474609375, 0.0001430511474609375, 0.000301361083984375, 0.0001430511474609375, 0.0001430511474609375, 0.0001430511474609375, 0.0001430511474609375, 0.0001430511474609375, 0.0001430511474609375, 0.0001430511474609375, 0.0001430511474609375];0.0
489; [0.0, 0.0, 0.0, 0.0, 0.0, 0.0, 0.0, 0.0, 0.0, 0.0, 0.0, 0.0, 0.0, 0.0, 0.0, 0.0];0.0
490; [0.0, 0.0, 0.0, 0.0, 0.0, 0.0, 0.0, 0.0, 0.0, 0.0, 0.0, 0.0, 0.0, 0.0, 0.0, 0.0];0.0
491; [0.0, 0.0, 0.0, 0.0, 0.0, 0.0, 0.0, 0.0, 0.0, 0.0, 0.0, 0.0, 0.0, 0.0, 0.0, 0.0];0.0
492; [0.0, 0.0, 0.0, 0.0, 0.0, 0.0, 0.0, 0.0, 0.0, 0.0, 0.0, 0.0, 0.0, 0.0, 0.0, 0.0];0.0
493; [0.0, 0.0, 0.0, 0.0, 0.0, 0.0, 0.0, 0.0, 0.0, 0.0, 0.0, 0.0, 0.0, 0.0, 0.0, 0.0];0.0
494; [0.0, 0.0, 0.0, 0.0, 0.0, 0.0, 0.0, 0.0, 0.0, 0.0, 0.0, 0.0, 0.0, 0.0, 0.0, 0.0];0.0
495; [0.0, 0.0, 0.0, 0.0, 0.0, 0.0, 0.0, 0.0, 0.0, 0.0, 0.0, 0.0, 0.0, 0.0, 0.0, 0.0];0.0
496; [0.0, 0.0, 0.0, 0.0, 0.0, 0.0, 0.0, 0.0, 0.0, 0.0, 0.0, 0.0, 0.0, 0.0, 0.0, 0.0];0.0
497; [0.0, 0.0, 0.0, 0.0, 0.0, 0.0, 0.0, 0.0, 0.0, 0.0, 0.0, 0.0, 0.0, 0.0, 0.0, 0.0];0.0
498; [0.0, 0.0, 0.0, 0.0, 0.0, 0.0, 0.0, 0.0, 0.0, 0.0, 0.0, 0.0, 0.0, 0.0, 0.0, 0.0];0.0
499; [0.0, 0.0, 0.0, 0.0, 0.0, 0.0, 0.0, 0.0, 0.0, 0.0, 0.0, 0.0, 0.0, 0.0, 0.0, 0.0];0.0
500; [0.0, 0.0, 0.0, 0.0, 0.0, 0.0, 0.0, 0.0, 0.0, 0.0, 0.0, 0.0, 0.0, 0.0, 0.0, 0.0];0.0
